Game_ID,Game_ID_ID,HmStPchID_ID,HmStPchID_pitching_note,HmStPchID_pitching_runs,HmStPchID_pitching_doubles,HmStPchID_pitching_triples,HmStPchID_pitching_homeRuns,HmStPchID_pitching_strikeOuts,HmStPchID_pitching_baseOnBalls,HmStPchID_pitching_hits,HmStPchID_pitching_atBats,HmStPchID_pitching_stolenBases,HmStPchID_pitching_numberOfPitches,HmStPchID_pitching_inningsPitched,HmStPchID_pitching_wins,HmStPchID_pitching_losses,HmStPchID_pitching_holds,HmStPchID_pitching_blownSaves,HmStPchID_pitching_earnedRuns,HmStPchID_pitching_pitchesThrown,HmStPchID_pitching_strikes,HmStPchID_pitching_rbi,VisStPchID_ID,VisStPchID_pitching_note,VisStPchID_pitching_runs,VisStPchID_pitching_doubles,VisStPchID_pitching_triples,VisStPchID_pitching_homeRuns,VisStPchID_pitching_strikeOuts,VisStPchID_pitching_baseOnBalls,VisStPchID_pitching_hits,VisStPchID_pitching_atBats,VisStPchID_pitching_stolenBases,VisStPchID_pitching_numberOfPitches,VisStPchID_pitching_inningsPitched,VisStPchID_pitching_wins,VisStPchID_pitching_losses,VisStPchID_pitching_holds,VisStPchID_pitching_blownSaves,VisStPchID_pitching_earnedRuns,VisStPchID_pitching_pitchesThrown,VisStPchID_pitching_strikes,VisStPchID_pitching_rbi,HmBat1ID_ID,HmBat1ID_batting_runs,HmBat1ID_batting_doubles,HmBat1ID_batting_triples,HmBat1ID_batting_homeRuns,HmBat1ID_batting_strikeOuts,HmBat1ID_batting_baseOnBalls,HmBat1ID_batting_hits,HmBat1ID_batting_atBats,HmBat1ID_batting_stolenBases,HmBat1ID_batting_rbi,HmBat1ID_batting_leftOnBase,HmBat2ID_ID,HmBat2ID_batting_runs,HmBat2ID_batting_doubles,HmBat2ID_batting_triples,HmBat2ID_batting_homeRuns,HmBat2ID_batting_strikeOuts,HmBat2ID_batting_baseOnBalls,HmBat2ID_batting_hits,HmBat2ID_batting_atBats,HmBat2ID_batting_stolenBases,HmBat2ID_batting_rbi,HmBat2ID_batting_leftOnBase,HmBat3ID_ID,HmBat3ID_batting_runs,HmBat3ID_batting_doubles,HmBat3ID_batting_triples,HmBat3ID_batting_homeRuns,HmBat3ID_batting_strikeOuts,HmBat3ID_batting_baseOnBalls,HmBat3ID_batting_hits,HmBat3ID_batting_atBats,HmBat3ID_batting_stolenBases,HmBat3ID_batting_rbi,HmBat3ID_batting_leftOnBase,HmBat4ID_ID,HmBat4ID_batting_runs,HmBat4ID_batting_doubles,HmBat4ID_batting_triples,HmBat4ID_batting_homeRuns,HmBat4ID_batting_strikeOuts,HmBat4ID_batting_baseOnBalls,HmBat4ID_batting_hits,HmBat4ID_batting_atBats,HmBat4ID_batting_stolenBases,HmBat4ID_batting_rbi,HmBat4ID_batting_leftOnBase,HmBat5ID_ID,HmBat5ID_batting_runs,HmBat5ID_batting_doubles,HmBat5ID_batting_triples,HmBat5ID_batting_homeRuns,HmBat5ID_batting_strikeOuts,HmBat5ID_batting_baseOnBalls,HmBat5ID_batting_hits,HmBat5ID_batting_atBats,HmBat5ID_batting_stolenBases,HmBat5ID_batting_rbi,HmBat5ID_batting_leftOnBase,HmBat6ID_ID,HmBat6ID_batting_runs,HmBat6ID_batting_doubles,HmBat6ID_batting_triples,HmBat6ID_batting_homeRuns,HmBat6ID_batting_strikeOuts,HmBat6ID_batting_baseOnBalls,HmBat6ID_batting_hits,HmBat6ID_batting_atBats,HmBat6ID_batting_stolenBases,HmBat6ID_batting_rbi,HmBat6ID_batting_leftOnBase,HmBat7ID_ID,HmBat7ID_batting_runs,HmBat7ID_batting_doubles,HmBat7ID_batting_triples,HmBat7ID_batting_homeRuns,HmBat7ID_batting_strikeOuts,HmBat7ID_batting_baseOnBalls,HmBat7ID_batting_hits,HmBat7ID_batting_atBats,HmBat7ID_batting_stolenBases,HmBat7ID_batting_rbi,HmBat7ID_batting_leftOnBase,HmBat8ID_ID,HmBat8ID_batting_runs,HmBat8ID_batting_doubles,HmBat8ID_batting_triples,HmBat8ID_batting_homeRuns,HmBat8ID_batting_strikeOuts,HmBat8ID_batting_baseOnBalls,HmBat8ID_batting_hits,HmBat8ID_batting_atBats,HmBat8ID_batting_stolenBases,HmBat8ID_batting_rbi,HmBat8ID_batting_leftOnBase,HmBat9ID_ID,HmBat9ID_batting_runs,HmBat9ID_batting_doubles,HmBat9ID_batting_triples,HmBat9ID_batting_homeRuns,HmBat9ID_batting_strikeOuts,HmBat9ID_batting_baseOnBalls,HmBat9ID_batting_hits,HmBat9ID_batting_atBats,HmBat9ID_batting_stolenBases,HmBat9ID_batting_rbi,HmBat9ID_batting_leftOnBase,VisBat1ID_ID,VisBat1ID_batting_runs,VisBat1ID_batting_doubles,VisBat1ID_batting_triples,VisBat1ID_batting_homeRuns,VisBat1ID_batting_strikeOuts,VisBat1ID_batting_baseOnBalls,VisBat1ID_batting_hits,VisBat1ID_batting_atBats,VisBat1ID_batting_stolenBases,VisBat1ID_batting_rbi,VisBat1ID_batting_leftOnBase,VisBat2ID_ID,VisBat2ID_batting_runs,VisBat2ID_batting_doubles,VisBat2ID_batting_triples,VisBat2ID_batting_homeRuns,VisBat2ID_batting_strikeOuts,VisBat2ID_batting_baseOnBalls,VisBat2ID_batting_hits,VisBat2ID_batting_atBats,VisBat2ID_batting_stolenBases,VisBat2ID_batting_rbi,VisBat2ID_batting_leftOnBase,VisBat3ID_ID,VisBat3ID_batting_runs,VisBat3ID_batting_doubles,VisBat3ID_batting_triples,VisBat3ID_batting_homeRuns,VisBat3ID_batting_strikeOuts,VisBat3ID_batting_baseOnBalls,VisBat3ID_batting_hits,VisBat3ID_batting_atBats,VisBat3ID_batting_stolenBases,VisBat3ID_batting_rbi,VisBat3ID_batting_leftOnBase,VisBat4ID_ID,VisBat4ID_batting_runs,VisBat4ID_batting_doubles,VisBat4ID_batting_triples,VisBat4ID_batting_homeRuns,VisBat4ID_batting_strikeOuts,VisBat4ID_batting_baseOnBalls,VisBat4ID_batting_hits,VisBat4ID_batting_atBats,VisBat4ID_batting_stolenBases,VisBat4ID_batting_rbi,VisBat4ID_batting_leftOnBase,VisBat5ID_ID,VisBat5ID_batting_runs,VisBat5ID_batting_doubles,VisBat5ID_batting_triples,VisBat5ID_batting_homeRuns,VisBat5ID_batting_strikeOuts,VisBat5ID_batting_baseOnBalls,VisBat5ID_batting_hits,VisBat5ID_batting_atBats,VisBat5ID_batting_stolenBases,VisBat5ID_batting_rbi,VisBat5ID_batting_leftOnBase,VisBat6ID_ID,VisBat6ID_batting_runs,VisBat6ID_batting_doubles,VisBat6ID_batting_triples,VisBat6ID_batting_homeRuns,VisBat6ID_batting_strikeOuts,VisBat6ID_batting_baseOnBalls,VisBat6ID_batting_hits,VisBat6ID_batting_atBats,VisBat6ID_batting_stolenBases,VisBat6ID_batting_rbi,VisBat6ID_batting_leftOnBase,VisBat7ID_ID,VisBat7ID_batting_runs,VisBat7ID_batting_doubles,VisBat7ID_batting_triples,VisBat7ID_batting_homeRuns,VisBat7ID_batting_strikeOuts,VisBat7ID_batting_baseOnBalls,VisBat7ID_batting_hits,VisBat7ID_batting_atBats,VisBat7ID_batting_stolenBases,VisBat7ID_batting_rbi,VisBat7ID_batting_leftOnBase,VisBat8ID_ID,VisBat8ID_batting_runs,VisBat8ID_batting_doubles,VisBat8ID_batting_triples,VisBat8ID_batting_homeRuns,VisBat8ID_batting_strikeOuts,VisBat8ID_batting_baseOnBalls,VisBat8ID_batting_hits,VisBat8ID_batting_atBats,VisBat8ID_batting_stolenBases,VisBat8ID_batting_rbi,VisBat8ID_batting_leftOnBase,VisBat9ID_ID,VisBat9ID_batting_runs,VisBat9ID_batting_doubles,VisBat9ID_batting_triples,VisBat9ID_batting_homeRuns,VisBat9ID_batting_strikeOuts,VisBat9ID_batting_baseOnBalls,VisBat9ID_batting_hits,VisBat9ID_batting_atBats,VisBat9ID_batting_stolenBases,VisBat9ID_batting_rbi,VisBat9ID_batting_leftOnBase,HmTm_ID,VisTm_ID,VisBat8ID_pitching_runs,VisBat8ID_pitching_doubles,VisBat8ID_pitching_triples,VisBat8ID_pitching_homeRuns,VisBat8ID_pitching_strikeOuts,VisBat8ID_pitching_baseOnBalls,VisBat8ID_pitching_hits,VisBat8ID_pitching_atBats,VisBat8ID_pitching_stolenBases,VisBat8ID_pitching_numberOfPitches,VisBat8ID_pitching_inningsPitched,VisBat8ID_pitching_wins,VisBat8ID_pitching_losses,VisBat8ID_pitching_holds,VisBat8ID_pitching_blownSaves,VisBat8ID_pitching_earnedRuns,VisBat8ID_pitching_pitchesThrown,VisBat8ID_pitching_strikes,VisBat8ID_pitching_rbi,VisStPchID_batting_runs,VisStPchID_batting_doubles,VisStPchID_batting_triples,VisStPchID_batting_homeRuns,VisStPchID_batting_strikeOuts,VisStPchID_batting_baseOnBalls,VisStPchID_batting_hits,VisStPchID_batting_atBats,VisStPchID_batting_stolenBases,VisStPchID_batting_rbi,VisStPchID_batting_leftOnBase,VisBat3ID_pitching_runs,VisBat3ID_pitching_doubles,VisBat3ID_pitching_triples,VisBat3ID_pitching_homeRuns,VisBat3ID_pitching_strikeOuts,VisBat3ID_pitching_baseOnBalls,VisBat3ID_pitching_hits,VisBat3ID_pitching_atBats,VisBat3ID_pitching_stolenBases,VisBat3ID_pitching_numberOfPitches,VisBat3ID_pitching_inningsPitched,VisBat3ID_pitching_wins,VisBat3ID_pitching_losses,VisBat3ID_pitching_holds,VisBat3ID_pitching_blownSaves,VisBat3ID_pitching_earnedRuns,VisBat3ID_pitching_pitchesThrown,VisBat3ID_pitching_strikes,VisBat3ID_pitching_rbi
2023/05/01/atlmlb-nynmlb-1,2023/05/01/atlmlb-nynmlb-1,ID660593,"(L, 0-1)",5,0,0,2,1,1,5,8,0,37,1.0,0,1,0,0,5,37,23,5,ID675911,"(W, 4-0)",4,0,1,1,8,3,5,20,2,107,5.0,1,0,0,0,4,107,74,4,ID607043,1,0,1,0,3,0,1,5,0,0,1,ID516782,1,0,0,0,1,1,1,4,1,0,1,ID596019,2,0,0,0,1,1,1,3,1,1,0,ID624413,2,0,0,1,2,0,1,4,0,3,2,ID643446,0,0,0,0,0,0,1,4,0,0,2,ID596129,0,0,0,0,1,1,1,3,0,1,1,ID683146,1,0,0,1,1,0,2,5,0,1,5,ID641645,0,0,0,0,2,0,0,2,0,0,2,ID621512,0,0,0,0,0,0,0,2,0,0,2,ID660670,3,1,0,1,0,0,3,5,0,1,0,ID621566,2,0,0,0,1,1,1,4,0,0,0,ID663586,0,0,0,0,0,0,0,5,0,0,4,ID669221,2,0,0,2,0,0,2,4,0,6,0,ID645277,0,0,0,0,1,0,0,4,0,0,0,ID592696,0,0,0,0,0,1,0,3,0,0,0,ID687093,0,0,0,0,1,0,1,4,0,0,1,ID671739,1,0,0,0,1,1,1,3,0,0,0,ID607680,1,0,0,1,2,0,1,4,0,2,2,NYN,ATL,,,,,,,,,,,,,,,,,,,,,,,,,,,,,,,,,,,,,,,,,,,,,,,,,
2023/05/01/atlmlb-nynmlb-2,2023/05/01/atlmlb-nynmlb-2,ID656731,,3,2,0,0,4,3,4,19,0,87,5.2,0,0,0,0,3,87,56,3,ID450203,"(L, 3-3)",4,2,0,0,6,3,6,22,1,92,5.1,0,1,0,0,4,92,61,2,ID607043,0,0,0,0,1,0,1,4,0,0,2,ID516782,0,0,0,0,1,0,1,4,0,1,1,ID596019,0,0,0,0,1,1,0,3,1,0,2,ID624413,0,0,0,0,2,0,0,4,0,0,4,ID643446,2,0,0,1,0,0,2,4,0,1,0,ID596129,1,1,0,0,1,1,1,3,0,1,1,ID592192,1,0,0,0,1,1,1,3,0,0,1,ID683146,1,1,0,0,1,0,1,4,0,0,4,ID682626,0,1,0,0,1,0,2,4,0,2,2,ID660670,0,0,0,0,0,0,0,0,0,0,0,ID621566,1,0,0,0,1,1,0,3,0,0,1,ID663586,0,0,0,0,1,0,1,4,0,0,3,ID669221,1,0,0,0,1,1,2,3,0,0,1,ID592696,0,1,0,0,2,1,1,3,0,3,2,ID645277,0,1,0,0,0,0,1,4,0,0,4,ID656541,0,0,0,0,3,0,0,4,0,0,3,ID501303,0,0,0,0,0,0,0,2,0,0,2,ID644433,1,1,0,0,1,0,1,4,0,0,2,NYN,ATL,,,,,,,,,,,,,,,,,,,,,,,,,,,,,,,,,,,,,,,,,,,,,,,,,
2023/05/01/chnmlb-wasmlb-1,2023/05/01/chnmlb-wasmlb-1,ID669022,"(L, 3-2)",4,3,0,1,4,2,7,19,1,102,4.0,0,1,0,0,4,102,66,4,ID592767,"(W, 3-1)",1,2,0,1,2,0,6,26,0,84,7.0,1,0,0,0,1,84,56,1,ID669743,0,0,0,0,1,0,0,4,0,0,1,ID671277,0,1,0,0,1,0,2,4,0,0,0,ID600869,0,0,0,0,1,0,0,4,0,0,2,ID608841,0,0,0,0,1,0,0,4,0,0,1,ID660688,0,0,0,0,0,0,0,4,0,0,0,ID657041,1,0,0,1,0,0,1,3,0,1,0,ID642086,0,1,0,0,0,0,3,3,0,0,0,ID645302,0,0,0,0,0,0,0,3,0,0,3,ID682928,0,0,0,0,1,0,0,3,0,0,1,ID663538,1,0,0,0,0,0,1,5,0,0,0,ID621020,1,1,0,1,0,0,3,5,0,2,0,ID641355,1,0,0,0,1,1,1,4,1,0,2,ID673548,1,0,0,0,0,1,1,3,0,1,1,ID641820,0,1,0,0,2,0,1,4,0,1,3,ID621550,0,0,0,0,2,1,0,3,0,0,2,ID543228,0,0,0,0,1,0,0,1,0,0,0,ID676369,0,0,0,0,1,0,0,2,0,0,1,ID663611,0,0,0,0,0,0,0,4,0,0,1,WAS,CHN,,,,,,,,,,,,,,,,,,,,,,,,,,,,,,,,,,,,,,,,,,,,,,,,,
2023/05/01/clemlb-nyamlb-1,2023/05/01/clemlb-nyamlb-1,ID593334,,1,0,0,0,6,1,2,27,0,88,8.1,0,0,0,0,1,88,65,0,ID615698,,2,0,0,1,2,1,6,27,0,97,7.1,0,0,0,0,2,97,57,2,ID683011,0,0,0,0,1,0,1,4,0,0,0,ID519203,1,0,0,0,0,1,0,3,0,0,0,ID650402,0,0,0,0,0,0,1,4,0,0,0,ID518934,0,0,0,0,1,0,2,4,0,1,0,ID641432,0,0,0,0,0,0,0,3,0,0,3,ID672724,0,0,0,0,0,0,1,3,0,0,1,ID643396,0,0,0,0,0,0,0,3,0,0,2,ID665828,0,0,0,0,0,0,0,3,0,0,0,ID624431,1,0,0,1,0,0,1,3,0,1,0,ID680757,1,0,0,0,1,0,1,4,0,0,0,ID642708,1,0,0,0,0,0,2,4,0,0,0,ID608070,1,0,0,0,0,0,1,4,0,0,1,ID647304,0,0,0,0,1,0,1,4,0,2,1,ID605137,0,0,0,0,0,2,0,2,0,0,0,ID665926,0,0,0,0,1,0,0,4,0,0,4,ID572287,0,0,0,0,3,1,0,3,0,1,1,ID686823,0,0,0,0,0,0,0,3,0,0,1,ID664702,0,0,0,0,1,0,0,3,0,0,0,NYA,CLE,,,,,,,,,,,,,,,,,,,,,,,,,,,,,,,,,,,,,,,,,,,,,,,,,
2023/05/01/tormlb-bosmlb-1,2023/05/01/tormlb-bosmlb-1,ID446372,,3,2,0,1,7,4,5,21,1,104,5.1,0,0,0,0,3,104,59,3,ID621244,,5,2,0,2,4,2,11,25,1,93,5.1,0,0,0,0,5,93,56,5,ID657077,2,1,0,1,0,0,2,5,1,1,3,ID807799,1,1,0,0,0,0,2,4,0,1,2,ID457759,0,0,0,0,0,0,1,4,0,1,1,ID646240,0,0,0,0,0,1,1,3,0,0,1,ID680776,1,0,0,1,2,0,2,4,0,1,2,ID571771,0,0,0,0,1,0,1,4,0,0,4,ID671213,1,0,0,0,2,1,0,3,0,0,5,ID665839,1,0,0,1,1,0,2,4,1,2,1,ID624512,0,0,0,0,1,0,2,4,0,0,2,ID666182,1,0,0,1,0,0,5,5,1,3,0,ID665489,0,1,0,0,1,0,1,5,0,0,4,ID656305,0,0,0,0,2,1,1,4,0,0,2,ID662139,0,0,0,0,1,1,0,4,1,0,4,ID593160,0,1,0,0,0,1,1,4,0,0,2,ID474832,0,0,0,0,3,0,0,3,0,0,1,ID643376,1,0,0,0,0,2,0,3,0,0,1,ID624415,1,1,0,0,2,0,1,4,0,0,2,ID595281,2,0,0,0,0,1,0,3,0,0,1,BOS,TOR,,,,,,,,,,,,,,,,,,,,,,,,,,,,,,,,,,,,,,,,,,,,,,,,,
2023/05/01/sfnmlb-houmlb-1,2023/05/01/sfnmlb-houmlb-1,ID677651,,0,0,0,0,0,0,1,1,0,8,0.0,0,0,0,0,0,8,5,0,ID548389,,2,0,0,0,5,0,5,20,1,73,5.0,0,0,0,0,2,73,51,2,ID643289,2,1,0,0,1,0,3,5,1,2,0,ID608324,1,0,0,0,0,0,1,5,0,1,3,ID670541,1,0,0,0,1,1,0,2,0,0,1,ID547989,0,0,0,0,0,0,1,4,0,2,2,ID663656,1,0,0,0,2,1,0,3,0,0,2,ID665161,0,0,0,0,0,0,2,4,0,1,0,ID667452,0,0,0,0,1,0,1,4,0,1,2,ID676694,2,0,0,0,1,1,1,3,0,0,2,ID455117,0,0,0,0,1,0,1,4,0,0,1,ID664774,2,0,0,1,0,1,2,3,0,1,0,ID642731,0,0,0,0,2,0,0,4,0,0,2,ID592626,1,0,0,1,0,1,1,3,0,2,0,ID571745,0,0,0,0,3,0,0,4,0,0,2,ID624424,0,0,0,0,1,0,0,4,0,0,2,ID605204,0,0,0,0,0,1,1,3,0,0,0,ID666165,0,0,0,0,1,0,1,4,0,0,1,ID681584,0,0,0,0,2,0,0,4,0,0,3,ID689172,0,0,0,0,0,0,0,3,0,0,2,HOU,SFN,,,,,,,,,,,,,,,,,,,,,,,,,,,,,,,,,,,,,,,,,,,,,,,,,
2023/05/01/cinmlb-sdnmlb-1,2023/05/01/cinmlb-sdnmlb-1,ID605483,"(W, 1-4)",3,1,0,1,7,0,8,26,0,101,6.0,1,0,0,0,3,101,67,3,ID596133,"(L, 0-2)",4,3,0,0,3,2,9,20,0,79,4.1,0,1,0,0,4,79,54,3,ID665487,1,0,0,0,0,0,3,5,0,0,2,ID592518,1,0,0,0,2,1,1,4,0,2,3,ID665742,0,1,0,0,1,1,2,4,0,2,0,ID593428,1,0,0,0,1,0,1,5,0,0,5,ID572761,1,0,0,0,1,1,1,3,0,0,1,ID630105,0,0,0,0,1,0,2,5,0,0,6,ID673490,2,1,0,1,1,0,2,4,0,3,3,ID663757,1,2,0,0,0,0,3,4,0,1,0,ID664954,1,0,0,0,1,1,1,3,0,0,1,ID663697,0,0,0,0,1,0,0,4,0,0,2,ID668715,1,0,0,0,3,0,1,4,0,0,0,ID656413,0,1,0,0,1,0,1,3,0,2,0,ID663886,0,0,0,0,0,0,0,4,0,0,1,ID592656,0,0,0,0,2,0,0,4,0,0,1,ID621028,0,0,0,0,0,0,1,4,0,0,0,ID669222,1,0,0,1,0,0,3,4,0,1,0,ID676480,0,0,0,0,2,0,0,3,0,0,3,ID571912,1,0,0,0,0,0,2,2,0,0,0,SDN,CIN,,,,,,,,,,,,,,,,,,,,,,,,,,,,,,,,,,,,,,,,,,,,,,,,,
2023/05/01/phimlb-lanmlb-1,2023/05/01/phimlb-lanmlb-1,ID664062,,3,0,0,1,3,2,5,19,0,80,4.2,0,0,0,0,3,80,52,1,ID592836,"(L, 2-2)",8,0,0,3,6,3,8,18,0,82,3.1,0,1,0,0,8,82,52,8,ID605141,2,1,0,1,1,0,3,5,0,3,0,ID518692,1,1,0,0,2,0,3,5,0,2,2,ID669257,1,0,0,1,0,0,2,5,0,2,2,ID571970,1,0,0,0,1,1,1,4,0,0,1,ID518792,2,1,0,1,2,1,2,4,0,1,2,ID681546,1,0,0,0,3,2,0,3,0,0,1,ID678246,1,0,0,0,2,1,0,4,0,1,2,ID444482,2,0,0,1,0,1,2,4,0,4,0,ID683737,2,0,0,0,2,1,2,4,1,0,2,ID681082,1,0,0,0,0,1,1,4,0,0,1,ID607208,1,0,0,0,1,0,1,4,0,0,1,ID656941,1,0,0,1,1,1,1,3,0,1,0,ID592206,0,0,0,0,2,0,2,4,0,2,0,ID669016,0,0,0,0,1,0,2,4,0,0,3,ID592663,1,0,1,0,1,0,1,4,0,0,3,ID664761,0,0,0,0,0,0,1,4,0,1,3,ID665019,0,0,0,0,0,0,0,4,0,0,1,ID624641,0,0,0,0,0,1,0,3,0,0,1,LAN,PHI,0.0,0.0,0.0,0.0,1.0,1.0,0.0,2.0,0.0,10.0,0.2,0.0,0.0,0.0,0.0,0.0,10.0,6.0,0.0,,,,,,,,,,,,,,,,,,,,,,,,,,,,,,
2023/05/02/pitmlb-tbamlb-1,2023/05/02/pitmlb-tbamlb-1,ID642770,,0,0,0,0,0,2,0,2,0,19,0.2,0,0,0,0,0,19,7,0,ID672710,"(L, 3-2)",4,1,0,1,3,4,6,20,4,99,5.1,0,1,0,0,4,99,62,3,ID650490,0,0,0,0,0,3,0,1,0,0,2,ID677551,0,0,0,0,0,1,1,3,1,1,3,ID668227,1,1,0,0,0,0,1,4,0,0,3,ID664040,0,0,0,0,0,0,0,4,0,0,2,ID623912,1,0,0,1,1,1,2,3,1,2,0,ID670623,0,0,0,0,0,1,0,3,0,0,2,ID542194,0,0,0,0,2,0,0,4,0,0,3,ID622534,1,0,0,0,1,1,1,2,1,0,0,ID642350,1,0,0,0,1,0,1,3,1,0,1,ID663647,1,0,0,0,2,0,1,5,0,0,3,ID668804,0,1,0,0,0,2,2,3,0,0,1,ID457705,0,0,0,0,2,2,0,3,0,0,4,ID467793,0,0,0,0,0,0,0,3,0,1,5,ID669261,0,0,0,0,1,0,0,4,0,0,4,ID656582,0,2,0,0,1,0,2,4,1,0,0,ID666801,0,0,0,0,0,0,0,3,0,0,1,ID664029,0,0,0,0,0,1,0,1,0,0,0,ID595978,0,0,0,0,1,1,0,2,0,0,4,TBA,PIT,,,,,,,,,,,,,,,,,,,,,,,,,,,,,,,,,,,,,,,,,,,,,,,,,
2023/05/02/atlmlb-miamlb-1,2023/05/02/atlmlb-miamlb-1,ID645261,"(L, 1-3)",3,1,0,1,5,3,6,20,1,103,5.0,0,1,0,0,3,103,69,2,ID693821,"(W, 3-0)",0,0,0,0,6,0,3,23,0,96,7.0,1,0,0,0,0,96,64,0,ID665862,0,0,0,0,1,0,0,4,0,0,4,ID624585,0,0,0,0,2,0,0,4,0,0,1,ID493329,0,1,0,0,0,0,1,4,0,0,0,ID650333,0,0,0,0,0,0,1,3,0,0,0,ID650559,0,0,0,0,3,0,1,4,0,0,2,ID660821,0,0,0,0,2,0,0,3,0,0,1,ID516416,0,0,0,0,0,1,0,2,0,0,1,ID607732,0,0,0,0,1,0,0,3,0,0,1,ID542932,0,0,0,0,0,1,1,2,0,0,0,ID660670,0,1,0,0,2,1,1,3,1,1,2,ID621566,2,0,0,0,2,2,1,3,0,0,2,ID663586,0,0,0,0,0,1,1,4,0,1,2,ID669221,0,0,0,0,2,2,0,2,0,1,1,ID592696,0,0,0,0,2,0,1,5,1,1,5,ID645277,1,1,0,1,0,1,2,4,0,1,1,ID671739,1,1,0,0,1,0,1,5,0,0,4,ID542303,1,0,0,0,1,1,2,4,0,0,0,ID687093,1,0,0,0,0,1,0,2,0,0,1,MIA,ATL,,,,,,,,,,,,,,,,,,,,,,,,,,,,,,,,,,,,,,,,,,,,,,,,,
2023/05/02/chnmlb-wasmlb-1,2023/05/02/chnmlb-wasmlb-1,ID592866,,0,1,0,0,4,1,4,20,0,87,5.1,0,0,0,0,0,87,55,0,ID669713,,1,1,0,0,2,0,5,22,0,78,6.0,0,0,0,0,1,78,51,1,ID669743,0,1,0,0,0,0,1,4,0,2,4,ID671277,0,0,0,0,0,0,1,4,0,1,3,ID660688,0,0,0,0,0,0,0,4,0,0,3,ID608841,0,0,0,0,1,0,0,4,0,0,0,ID600869,0,1,0,0,1,0,1,4,0,0,0,ID642086,1,0,0,0,0,0,1,4,0,0,1,ID657041,0,0,0,0,1,0,0,3,0,0,2,ID682928,2,0,0,0,0,0,3,3,0,1,0,ID645302,1,0,0,0,0,0,2,2,0,0,0,ID663538,0,0,0,0,1,0,0,5,0,0,2,ID621020,0,1,0,0,1,0,2,5,0,0,1,ID664023,0,0,0,0,1,1,0,4,0,0,3,ID641355,0,1,0,0,0,0,2,4,0,0,0,ID673548,0,0,0,0,0,1,1,3,0,0,1,ID621458,0,0,0,0,1,0,0,2,0,0,1,ID543333,0,0,0,0,0,0,2,4,0,0,5,ID621550,1,0,0,1,2,0,1,4,0,1,5,ID571466,0,0,0,0,0,1,0,2,0,0,1,WAS,CHN,,,,,,,,,,,,,,,,,,,,,,,,,,,,,,,,,,,,,,,,,,,,,,,,,
2023/05/02/clemlb-nyamlb-1,2023/05/02/clemlb-nyamlb-1,ID543037,,2,1,0,0,8,3,5,23,1,108,6.0,0,0,0,0,2,108,69,2,ID676440,,2,1,0,1,5,0,4,20,0,92,5.1,0,0,0,0,2,92,56,1,ID683011,2,0,0,1,1,0,2,4,2,1,0,ID650402,1,1,0,0,0,0,1,4,0,0,1,ID519203,0,0,0,0,0,0,2,4,0,1,1,ID518934,0,0,0,0,3,0,1,4,0,1,1,ID664056,0,0,0,0,1,0,1,4,0,0,0,ID641432,1,0,0,1,0,0,1,4,0,1,2,ID665828,0,0,0,0,0,0,1,3,0,0,0,ID624431,0,0,0,0,1,1,0,2,0,0,1,ID543305,0,0,0,0,0,0,0,3,0,0,1,ID680757,0,0,0,0,0,1,0,4,1,0,0,ID642708,1,0,0,0,1,1,1,4,0,0,1,ID608070,1,0,0,0,0,1,2,4,0,0,2,ID647304,0,1,0,0,1,0,1,4,0,1,3,ID605137,0,0,0,0,0,2,1,2,0,0,1,ID665926,0,0,0,0,1,0,0,3,0,1,3,ID572287,0,0,0,0,4,0,0,4,0,0,5,ID686823,0,0,0,0,2,0,1,4,0,0,3,ID664702,0,0,0,0,2,0,0,4,0,0,3,NYA,CLE,,,,,,,,,,,,,,,,,,,,,,,,,,,,,,,,,,,,,,,,,,,,,,,,,
2023/05/02/tormlb-bosmlb-1,2023/05/02/tormlb-bosmlb-1,ID656557,,6,1,0,1,5,3,6,24,1,96,6.0,0,0,0,0,6,96,57,5,ID579328,,5,3,0,2,2,0,9,21,0,93,4.1,0,0,0,0,5,93,57,4,ID657077,2,2,0,0,0,0,2,4,0,0,1,ID457759,1,1,0,0,1,0,2,5,0,0,2,ID608701,0,0,0,0,1,0,2,3,0,2,1,ID646240,0,0,0,0,0,0,0,4,0,0,3,ID571771,0,0,0,0,0,0,0,4,0,0,2,ID807799,1,0,0,1,0,1,2,3,0,2,0,ID624414,1,0,0,1,0,0,1,4,0,1,3,ID657136,2,1,0,2,0,0,4,4,0,2,0,ID606132,0,0,0,0,1,0,1,4,0,0,2,ID543807,0,0,0,0,2,0,0,5,0,0,4,ID666182,1,0,0,0,2,2,0,2,0,0,1,ID665489,1,0,0,0,1,0,2,4,0,2,1,ID656305,1,0,0,0,0,0,1,4,0,0,2,ID662139,1,1,0,1,0,0,2,4,0,3,0,ID593160,0,0,0,0,0,0,0,4,0,0,1,ID672386,0,0,0,0,0,0,0,4,0,0,0,ID643376,1,0,0,0,1,1,1,3,0,0,0,ID595281,1,0,0,0,0,0,2,4,1,0,1,BOS,TOR,,,,,,,,,,,,,,,,,,,,,,,,,,,,,,,,,,,,,,,,,,,,,,,,,
2023/05/02/minmlb-chamlb-1,2023/05/02/minmlb-chamlb-1,ID656629,,1,0,0,0,7,5,1,17,1,89,6.0,0,0,0,0,1,89,51,1,ID657746,,0,0,0,0,7,2,1,18,0,87,6.0,0,0,0,0,0,87,60,0,ID641313,0,0,0,0,1,1,0,4,0,0,1,ID643217,0,0,0,0,0,0,1,5,0,1,1,ID683734,1,0,0,0,2,1,1,3,0,0,0,ID650391,1,0,0,1,1,0,1,4,0,2,1,ID673357,0,0,0,0,1,1,1,3,0,0,0,ID657757,0,0,0,0,0,0,1,3,0,0,1,ID518735,0,0,0,0,0,2,0,2,0,0,1,ID669394,0,0,0,0,2,0,0,3,0,0,3,ID462101,0,0,0,0,1,0,0,3,0,0,0,ID621439,1,0,0,0,2,1,1,4,1,0,1,ID593871,0,0,0,0,2,1,0,3,0,0,1,ID621043,0,1,0,0,0,1,1,3,0,0,0,ID663616,0,0,0,0,1,1,0,2,0,1,1,ID669304,0,0,0,0,1,0,0,4,0,0,3,ID596146,0,0,0,0,0,1,0,3,0,0,0,ID608336,0,0,0,0,2,0,0,4,0,0,1,ID543877,0,0,0,0,1,0,0,4,0,0,1,ID572191,0,0,0,0,2,0,0,2,0,0,0,CHA,MIN,,,,,,,,,,,,,,,,,,,,,,,,,,,,,,,,,,,,,,,,,,,,,,,,,
2023/05/02/balmlb-kcamlb-1,2023/05/02/balmlb-kcamlb-1,ID642232,"(L, 0-4)",5,1,0,1,5,3,5,15,0,80,3.2,0,1,0,0,5,80,48,5,ID669330,"(W, 2-1)",4,0,0,3,4,3,3,21,0,92,6.0,1,0,0,0,4,92,60,4,ID677951,1,0,0,1,3,0,1,5,0,1,2,ID686469,1,1,0,0,0,0,1,5,0,1,1,ID521692,3,0,0,2,0,1,2,3,0,3,0,ID669004,1,0,0,1,1,0,1,4,0,2,0,ID658668,0,0,0,0,1,0,0,4,0,0,0,ID668472,0,0,0,0,2,1,0,2,0,0,0,ID686681,0,0,0,0,2,1,0,3,0,0,1,ID672580,1,0,0,0,0,0,2,4,0,0,2,ID664728,0,0,0,0,1,0,0,4,0,0,2,ID669720,0,0,0,0,4,0,0,6,0,0,5,ID668939,3,2,0,0,1,1,4,5,0,1,0,ID663624,3,1,0,2,2,0,3,6,0,5,4,ID623993,2,0,0,0,2,1,2,5,0,0,1,ID622761,0,0,0,0,2,0,1,5,0,1,2,ID543510,1,0,0,0,0,0,3,5,0,1,1,ID683002,1,0,0,0,1,3,0,2,0,0,2,ID602104,0,0,0,0,1,1,1,4,0,1,3,ID656775,1,0,0,0,1,2,1,3,0,2,2,KCA,BAL,,,,,,,,,,,,,,,,,,,,,,,,,,,,,,,,,,,,,,,,,,,,,,,,,
2023/05/02/anamlb-slnmlb-1,2023/05/02/anamlb-slnmlb-1,ID571927,"(L, 0-4)",4,0,0,1,4,2,6,21,0,93,5.0,0,1,0,0,4,93,63,4,ID663776,"(W, 3-1)",1,1,0,0,4,3,3,18,0,98,5.0,1,0,0,0,1,98,62,1,ID669242,0,0,0,0,1,0,1,4,0,0,2,ID502671,0,1,0,0,1,0,1,4,0,0,1,ID575929,0,0,0,0,2,1,0,3,0,0,1,ID571448,0,0,0,0,1,1,0,3,0,0,2,ID666185,0,0,0,0,0,0,0,3,0,0,2,ID641933,1,0,0,0,2,0,1,4,0,0,1,ID657557,0,0,0,0,0,0,1,3,0,0,1,ID668800,0,0,0,0,1,0,0,3,0,1,1,ID663457,0,0,0,0,1,1,0,2,0,0,0,ID687263,0,0,0,0,0,0,2,5,0,1,0,ID545361,1,0,0,0,2,1,0,4,0,0,4,ID592669,1,0,0,0,0,0,1,4,0,0,2,ID543685,1,0,0,0,0,1,1,3,0,1,0,ID592273,0,0,0,0,2,0,1,4,0,0,3,ID621493,1,0,0,1,1,0,1,4,0,3,1,ID570482,0,0,0,0,0,0,0,4,0,0,1,ID650859,0,0,0,0,1,1,0,2,0,0,0,ID595453,0,0,0,0,1,0,2,4,0,0,0,SLN,ANA,,,,,,,,,,,,,,,,,,,,,,,,,,,,,,,,,,,,,,,,,,,,,,,,,
2023/05/02/arimlb-texmlb-1,2023/05/02/arimlb-texmlb-1,ID592351,,4,0,0,2,2,1,8,23,0,90,5.1,0,0,0,0,4,90,61,4,ID668678,,3,2,0,0,6,0,7,21,0,94,5.0,0,0,0,0,3,94,59,3,ID543760,1,1,0,0,0,1,2,3,0,1,0,ID608671,0,0,0,0,0,0,1,3,0,1,1,ID663993,0,0,0,0,2,0,1,4,0,1,4,ID666969,0,0,0,0,0,1,0,3,0,0,1,ID673962,0,0,0,0,2,0,0,4,0,0,3,ID641680,1,0,0,0,2,0,1,4,0,0,0,ID677649,2,1,0,1,0,0,3,4,0,2,0,ID543257,1,0,0,0,1,0,1,4,0,0,1,ID669352,1,0,0,0,2,0,1,3,0,0,3,ID668942,0,0,0,0,1,0,1,3,0,0,0,ID606466,1,0,0,1,0,1,2,3,0,2,0,ID656976,0,0,0,0,1,0,0,3,0,0,2,ID572233,2,0,0,1,0,0,2,5,0,1,4,ID666971,0,0,0,0,1,1,0,3,0,0,1,ID666150,0,0,0,0,0,1,2,3,0,1,0,ID672515,0,0,0,0,0,0,0,4,0,0,4,ID677950,0,0,0,0,0,0,0,3,0,0,1,ID672695,1,0,0,0,0,0,2,4,0,0,1,TEX,ARI,,,,,,,,,,,,,,,,,,,,,,,,,,,,,,,,,,,,,,,,,,,,,,,,,
2023/05/02/sfnmlb-houmlb-1,2023/05/02/sfnmlb-houmlb-1,ID686613,"(L, 3-1)",2,1,0,0,4,5,4,15,1,96,4.1,0,1,0,0,2,96,52,2,ID543101,"(W, 3-1)",0,2,0,0,3,0,3,27,0,109,8.0,1,0,0,0,0,109,70,0,ID643289,0,0,0,0,1,0,0,4,0,0,1,ID608324,0,0,0,0,1,0,0,4,0,0,0,ID670541,0,1,0,0,1,0,1,4,0,0,0,ID547989,0,0,0,0,0,0,0,3,0,0,1,ID663656,0,0,0,0,0,0,0,3,0,0,1,ID665161,0,0,0,0,1,0,0,3,0,0,0,ID667452,0,0,0,0,0,0,0,3,0,0,0,ID673237,0,1,0,0,0,0,2,3,0,0,0,ID676694,0,0,0,0,0,0,0,3,0,0,2,ID664774,0,0,0,0,2,1,1,4,0,0,1,ID642731,1,0,0,0,0,2,2,3,1,0,1,ID592626,1,0,0,0,1,1,1,4,0,1,6,ID624424,0,0,0,0,0,1,1,3,0,0,2,ID527038,0,0,0,0,1,1,0,3,0,0,5,ID666165,0,1,0,0,2,0,1,4,0,1,0,ID663698,0,0,0,0,1,1,1,3,0,0,0,ID689172,0,0,0,0,0,0,0,3,0,0,3,ID670276,0,0,0,0,0,2,0,2,0,0,1,HOU,SFN,,,,,,,,,,,,,,,,,,,,,,,,,,,,,,,,,,,,,,,,,,,,,,,,,
2023/05/02/milmlb-colmlb-1,2023/05/02/milmlb-colmlb-1,ID663372,,2,3,0,0,3,1,6,21,1,74,5.1,0,0,0,0,2,74,48,1,ID642547,,2,1,0,2,10,3,7,23,0,94,6.0,0,0,0,0,2,94,61,2,ID595777,0,0,0,0,0,0,1,4,0,0,0,ID592178,0,0,0,0,1,1,1,2,0,0,1,ID641857,0,0,0,0,3,1,0,3,0,0,3,ID543068,0,1,0,0,1,1,1,3,0,0,3,ID553869,1,0,0,1,2,0,2,4,0,2,2,ID545341,0,0,0,0,1,0,2,4,0,0,1,ID605612,0,1,0,0,1,0,1,4,0,0,2,ID686668,0,0,0,0,2,0,0,3,0,0,2,ID678662,1,0,0,1,1,0,1,3,0,1,2,ID592885,1,1,0,0,0,0,1,4,0,0,0,ID608385,0,0,0,0,1,1,2,3,0,0,0,ID642715,1,0,0,0,1,0,0,4,0,0,4,ID642133,0,2,0,0,0,0,2,4,0,1,0,ID661388,0,1,0,0,0,0,1,4,0,1,3,ID605119,0,0,0,0,0,0,0,4,0,0,2,ID668930,0,0,0,0,2,0,2,4,1,0,1,ID621438,0,0,0,0,1,0,0,3,0,0,2,ID686894,0,0,0,0,0,0,0,3,0,0,1,COL,MIL,,,,,,,,,,,,,,,,,,,,,,,,,,,,,,,,,,,,,,,,,,,,,,,,,
2023/05/02/cinmlb-sdnmlb-1,2023/05/02/cinmlb-sdnmlb-1,ID608379,,0,0,0,0,3,2,2,21,0,100,6.0,0,0,0,0,0,100,60,0,ID668933,,1,2,0,0,3,1,6,24,0,95,6.0,0,0,0,0,1,95,63,1,ID665487,0,0,0,0,2,0,0,5,0,0,3,ID592518,1,0,0,0,0,0,1,5,0,0,2,ID665742,0,2,0,0,1,0,2,5,0,1,2,ID443558,0,0,0,0,0,0,1,4,0,0,2,ID572761,0,0,0,0,1,0,0,3,0,0,2,ID630105,0,0,0,0,1,0,1,4,0,0,1,ID673490,0,0,0,0,0,2,1,2,0,0,2,ID543592,0,0,0,0,1,0,0,3,0,0,4,ID640492,0,0,0,0,1,0,0,2,0,0,0,ID663697,0,0,0,0,0,0,1,5,0,1,2,ID670770,1,0,0,0,0,0,3,5,1,0,0,ID668715,0,0,0,0,1,0,0,5,0,0,5,ID656413,0,0,0,0,1,1,0,2,0,0,2,ID641584,0,0,0,0,0,0,2,4,0,1,2,ID669222,0,0,0,0,1,0,0,4,0,0,4,ID592656,0,0,0,0,2,1,0,3,0,0,0,ID621028,0,0,0,0,0,0,0,4,0,0,1,ID592200,0,0,0,0,0,0,0,2,0,0,0,SDN,CIN,,,,,,,,,,,,,,,,,,,,,,,,,,,,,,,,,,,,,,,,,,,,,,,,,
2023/05/02/seamlb-oakmlb-1,2023/05/02/seamlb-oakmlb-1,ID695243,,0,0,0,0,6,4,0,20,0,100,7.0,0,0,0,0,0,100,54,0,ID682243,,1,1,0,0,10,0,2,20,0,81,6.0,0,0,0,0,1,81,57,1,ID665923,0,1,0,0,0,0,1,4,0,1,1,ID676116,0,0,0,0,3,0,0,4,0,0,2,ID667670,0,0,0,0,4,0,0,4,0,0,0,ID657656,0,0,0,0,2,0,0,4,0,0,0,ID607054,0,0,0,0,2,0,1,4,1,0,0,ID669127,0,0,0,0,2,1,0,2,0,0,0,ID668843,0,0,0,0,1,0,0,2,0,0,0,ID643393,1,0,0,0,0,1,1,2,0,0,0,ID669397,0,0,0,0,1,0,0,2,0,0,1,ID641487,0,0,0,0,0,1,0,3,0,0,1,ID664034,0,0,0,0,0,1,0,3,0,0,1,ID672284,0,1,0,0,1,1,1,3,0,1,0,ID553993,0,0,0,0,2,0,0,4,0,0,3,ID663728,0,0,0,0,1,2,0,2,0,0,0,ID606192,0,0,0,0,3,0,0,4,0,0,2,ID666211,0,0,0,0,1,0,0,2,0,0,1,ID572041,1,0,0,1,0,0,1,3,0,1,0,ID676609,1,1,0,0,1,0,1,3,0,0,0,OAK,SEA,,,,,,,,,,,,,,,,,,,,,,,,,,,,,,,,,,,,,,,,,,,,,,,,,
2023/05/02/phimlb-lanmlb-1,2023/05/02/phimlb-lanmlb-1,ID628711,"(W, 4-3)",1,0,0,1,10,1,1,22,0,95,7.0,1,0,0,0,1,95,67,1,ID621381,"(L, 2-3)",4,3,0,0,5,1,6,15,0,73,3.1,0,1,0,0,4,73,45,3,ID605141,1,0,0,0,0,0,3,4,0,3,0,ID518692,2,1,0,1,1,0,2,5,0,2,4,ID669257,1,0,0,0,0,0,2,5,0,0,0,ID571970,2,0,0,0,2,1,1,3,0,1,0,ID621035,2,2,0,0,2,1,2,4,0,2,1,ID681546,2,0,0,0,2,1,1,4,0,1,3,ID678246,2,3,0,0,0,0,4,5,0,3,0,ID500743,0,0,0,0,1,0,2,5,0,0,3,ID605131,0,0,0,0,2,1,0,4,0,1,4,ID656941,0,0,0,0,2,0,0,4,0,0,3,ID607208,1,0,0,1,1,1,1,3,0,1,2,ID547180,0,0,0,0,3,0,0,4,0,0,1,ID592206,0,0,0,0,2,0,0,3,0,0,0,ID681082,0,0,0,0,1,0,0,4,0,0,0,ID592663,0,0,0,0,0,0,0,3,0,0,0,ID664761,0,0,0,0,1,1,0,2,0,0,0,ID669016,0,0,0,0,3,0,0,3,0,0,1,ID624641,0,0,0,0,0,0,1,2,0,0,0,LAN,PHI,,,,,,,,,,,,,,,,,,,,,,,,,,,,,,,,,,,,,,,,,,,,,,,,,
2023/05/03/nynmlb-detmlb-1,2023/05/03/nynmlb-detmlb-1,ID666214,,5,1,0,3,2,1,9,25,0,83,6.0,0,0,0,0,5,83,58,4,ID664192,,4,1,0,2,1,0,5,17,0,46,4.0,0,0,0,0,4,46,31,4,ID663837,1,0,0,0,0,0,1,4,1,0,0,ID595879,3,0,0,1,0,0,2,3,0,1,0,ID682985,1,0,0,0,1,0,1,4,0,0,2,ID606992,1,0,0,1,2,0,2,4,0,5,0,ID679529,0,0,0,0,1,0,0,4,0,0,1,ID570731,0,1,0,0,0,0,1,2,0,0,0,ID628451,0,0,0,0,0,0,0,2,0,0,1,ID668670,0,0,0,0,0,0,0,3,0,0,0,ID670097,0,0,0,0,1,0,0,2,0,0,0,ID607043,0,0,0,0,2,0,0,5,0,0,2,ID516782,0,0,0,0,1,0,1,4,0,0,1,ID596019,1,0,0,1,2,0,1,4,0,2,1,ID624413,0,1,0,0,0,0,1,4,0,0,1,ID502054,1,1,0,1,0,0,3,4,0,1,1,ID643446,0,0,0,0,0,0,1,4,0,0,2,ID592192,1,0,0,1,0,1,1,3,0,1,1,ID683146,1,0,0,0,0,1,1,3,0,0,1,ID621512,1,0,0,0,0,0,1,3,0,0,0,DET,NYN,,,,,,,,,,,,,,,,,,,,,,,,,,,,,,,,,,,,,,,,,,,,,,,,,
2023/05/03/arimlb-texmlb-1,2023/05/03/arimlb-texmlb-1,ID571760,,6,0,0,3,5,4,4,18,0,92,4.2,0,0,0,0,6,92,49,6,ID694297,,7,2,0,4,3,1,9,21,0,87,4.2,0,0,0,0,7,87,55,7,ID543760,0,0,0,0,0,1,1,4,0,0,3,ID608671,1,1,0,0,1,0,1,4,0,1,3,ID663993,1,0,0,0,1,1,1,4,0,0,1,ID666969,0,0,0,0,0,0,0,4,0,1,1,ID673962,2,0,0,2,1,0,3,5,0,3,0,ID641680,1,0,0,1,2,0,1,5,0,1,2,ID677649,0,0,0,0,1,0,1,4,0,0,0,ID665750,1,0,0,1,0,1,3,3,0,1,0,ID506702,1,1,0,0,3,0,1,4,0,0,3,ID606466,2,0,0,1,1,2,1,3,0,2,1,ID656896,1,0,0,0,1,0,1,5,0,1,2,ID666971,3,0,0,1,0,2,2,3,0,1,0,ID572233,3,0,0,2,1,1,2,4,0,5,2,ID446334,0,0,0,0,0,0,0,3,0,0,2,ID666150,0,0,0,0,2,0,1,5,0,1,0,ID605113,0,0,0,0,0,0,0,3,0,0,0,ID677950,0,0,0,0,2,0,0,5,1,0,3,ID645444,2,0,0,0,0,2,0,0,0,0,0,TEX,ARI,,,,,,,,,,,,,,,,,,,,,,,,,,,,,,,,,,,,,,,,,,,,,,,,,
2023/05/03/sfnmlb-houmlb-1,2023/05/03/sfnmlb-houmlb-1,ID664285,"(L, 2-4)",2,0,0,0,8,2,5,19,1,90,6.0,0,1,0,0,2,90,53,2,ID657277,"(W, 2-5)",2,0,0,1,5,2,5,27,0,102,7.2,1,0,0,0,2,102,63,2,ID643289,0,0,0,0,1,0,1,4,0,0,5,ID608324,1,0,0,1,0,0,1,4,0,2,1,ID670541,0,0,0,0,1,0,1,4,0,0,0,ID547989,0,0,0,0,0,1,1,3,0,0,0,ID663656,0,0,0,0,1,0,0,4,0,0,3,ID665161,0,0,0,0,3,0,0,4,0,0,1,ID676694,0,0,0,0,0,0,0,4,0,0,1,ID682073,1,0,0,0,0,1,0,2,0,0,1,ID455117,0,0,0,0,1,1,1,2,0,0,1,ID596103,1,0,0,0,1,0,2,4,1,1,1,ID642731,0,0,0,0,1,1,1,3,0,0,1,ID571745,0,0,0,0,2,0,1,4,0,1,1,ID605204,0,0,0,0,1,0,0,4,0,0,3,ID527038,1,0,0,1,1,0,1,4,0,1,0,ID624424,1,0,0,0,3,0,0,3,0,0,0,ID681584,0,0,0,0,2,0,0,2,0,0,0,ID663698,1,1,0,0,0,0,2,3,0,1,0,ID664774,0,0,0,0,0,1,0,1,0,0,1,HOU,SFN,,,,,,,,,,,,,,,,,,,,,,,,,,,,,,,,,,,,,,,,,,,,,,,,,
2023/05/03/cinmlb-sdnmlb-1,2023/05/03/cinmlb-sdnmlb-1,ID607625,"(W, 3-2)",1,0,0,1,5,2,7,23,0,97,6.0,1,0,0,0,1,97,64,1,ID570666,"(L, 1-4)",3,1,0,0,2,3,4,13,0,71,3.1,0,1,0,0,3,71,37,2,ID663757,1,0,0,0,1,0,3,5,0,0,4,ID665487,1,0,0,0,1,1,0,4,0,0,3,ID665742,0,1,0,0,0,3,1,2,0,3,0,ID593428,0,0,0,0,1,0,0,5,0,0,5,ID572761,0,0,0,0,1,0,1,4,0,0,3,ID630105,1,0,0,0,0,1,2,3,0,0,1,ID673490,1,0,0,0,1,1,0,3,0,0,3,ID596059,2,0,0,0,0,1,1,3,0,0,3,ID664954,1,1,0,1,0,0,2,4,0,4,4,ID663697,0,0,0,0,1,0,2,4,0,0,2,ID670770,0,0,0,0,0,0,1,4,0,0,3,ID668715,1,0,0,1,0,0,1,4,0,1,1,ID663886,0,0,0,0,0,1,1,3,0,0,0,ID641584,0,0,0,0,2,1,0,3,0,0,2,ID669222,0,0,0,0,0,0,1,4,0,0,2,ID656413,0,0,0,0,2,0,0,4,0,0,4,ID621028,0,0,0,0,0,0,1,4,0,0,0,ID676480,0,0,0,0,0,0,1,3,0,0,0,SDN,CIN,,,,,,,,,,,,,,,,,,,,,,,,,,,,,,,,,,,,,,,,,,,,,,,,,
2023/05/03/phimlb-lanmlb-1,2023/05/03/phimlb-lanmlb-1,ID694813,,5,3,0,0,1,2,8,20,0,77,4.0,0,0,0,0,4,77,47,5,ID605400,,4,2,1,1,5,0,7,26,1,98,6.1,0,0,0,0,4,98,64,3,ID605141,0,0,0,0,1,1,1,4,0,1,2,ID518692,1,1,0,0,0,1,1,3,0,1,2,ID669257,1,0,0,0,1,1,0,4,0,0,4,ID571970,1,0,0,1,2,0,1,5,0,4,3,ID518792,0,0,0,0,1,0,0,3,0,0,0,ID681546,2,2,0,0,0,0,2,4,0,0,0,ID678246,2,0,0,1,1,0,1,4,1,2,2,ID444482,1,0,0,0,0,0,2,3,1,0,0,ID621035,2,0,1,0,1,0,2,3,1,0,1,ID656941,0,0,0,0,1,0,0,5,0,0,2,ID607208,1,1,0,0,1,0,1,5,0,0,0,ID547180,2,1,0,0,0,2,3,3,0,0,0,ID592206,1,1,0,0,2,1,1,4,0,1,4,ID681082,0,0,0,0,0,0,1,4,0,2,3,ID664761,1,0,0,0,1,1,1,4,0,1,3,ID669016,1,0,0,0,1,0,1,3,0,0,3,ID624641,0,0,0,0,0,0,1,4,0,1,1,ID596117,0,0,0,0,1,0,1,4,0,1,0,LAN,PHI,,,,,,,,,,,,,,,,,,,,,,,,,,,,,,,,,,,,,,,,,,,,,,,,,
2023/05/03/nynmlb-detmlb-2,2023/05/03/nynmlb-detmlb-2,ID547179,"(W, 1-1)",1,1,0,0,1,2,4,24,0,96,7.0,1,0,0,0,1,96,67,1,ID453286,"(L, 2-2)",6,1,0,2,3,1,8,17,0,75,3.1,0,1,0,0,6,75,53,5,ID656716,1,0,0,0,0,2,1,2,0,0,1,ID682985,1,0,0,0,1,0,2,4,0,1,2,ID595879,0,0,0,0,0,0,0,4,0,0,5,ID665155,0,0,0,0,1,0,0,3,0,1,1,ID679529,1,1,0,0,1,0,2,4,0,1,0,ID668731,1,0,0,0,1,0,1,4,0,0,2,ID663837,1,0,0,1,0,0,1,4,0,2,1,ID606992,2,1,0,1,1,0,2,4,0,1,0,ID628451,1,0,0,0,0,0,3,4,0,2,0,ID607043,0,1,0,0,1,0,1,4,0,0,1,ID596019,0,0,0,0,0,0,1,4,0,0,2,ID643446,0,0,0,0,0,1,0,3,0,0,2,ID624413,1,0,0,0,1,1,1,3,0,0,1,ID596129,0,1,0,0,0,0,1,4,0,1,1,ID592192,0,0,0,0,0,0,1,4,0,0,1,ID683146,0,0,0,0,0,0,0,3,0,0,3,ID641645,0,0,0,0,0,0,0,3,0,0,3,ID682626,0,0,0,0,0,0,0,3,0,0,0,DET,NYN,,,,,,,,,,,,,,,,,,,,,,,,,,,,,,,,,,,,,,,,,,,,,,,,,
2023/05/03/pitmlb-tbamlb-1,2023/05/03/pitmlb-tbamlb-1,ID663556,"(W, 6-0)",1,1,1,1,9,2,5,23,1,93,6.0,1,0,0,0,1,93,62,1,ID656605,"(L, 3-1)",5,2,0,0,8,1,5,22,0,100,5.0,0,1,0,0,1,100,72,4,ID650490,1,0,0,0,1,0,2,5,0,0,2,ID677551,3,0,0,1,1,0,2,5,0,2,2,ID623912,1,0,0,0,2,0,1,4,0,1,1,ID664040,0,1,0,0,2,0,1,4,0,2,1,ID670764,0,0,0,0,1,1,0,3,0,0,2,ID666139,1,0,0,1,2,0,1,4,0,1,1,ID642350,1,0,0,0,1,1,1,3,0,0,1,ID670042,0,1,0,0,2,0,1,4,0,1,1,ID642336,1,1,0,0,1,0,1,4,0,0,2,ID663647,0,0,0,0,1,0,0,4,0,0,1,ID668804,0,1,0,0,0,0,1,4,0,0,1,ID457705,1,0,0,1,1,0,1,4,0,1,1,ID467793,0,0,0,0,1,1,1,3,0,0,0,ID656582,0,0,1,0,1,0,1,4,0,0,3,ID666801,0,0,0,0,3,0,1,4,0,0,1,ID609280,0,0,0,0,2,0,0,4,0,0,2,ID678225,0,0,0,0,0,1,2,3,2,0,1,ID595978,0,0,0,0,1,0,0,3,0,0,3,TBA,PIT,,,,,,,,,,,,,,,,,,,,,,,,,,,,,,,,,,,,,,,,,,,,,,,,,
2023/05/03/atlmlb-miamlb-1,2023/05/03/atlmlb-miamlb-1,ID666129,"(L, 1-1)",11,2,0,4,3,2,14,26,0,85,4.1,0,1,0,0,11,85,57,11,ID657140,,4,3,0,0,3,1,6,13,0,55,2.0,0,0,0,0,3,55,34,2,ID665862,0,0,0,0,2,1,1,3,0,0,2,ID624585,0,0,0,0,3,0,0,5,0,0,4,ID493329,1,1,0,0,0,0,2,5,0,0,0,ID650333,0,1,0,0,0,0,1,3,0,1,1,ID660821,3,0,0,1,0,0,3,4,0,2,0,ID516416,1,1,0,0,0,0,1,3,0,0,2,ID641658,0,0,0,0,2,0,1,4,0,0,2,ID663743,0,0,0,0,1,0,2,4,0,2,1,ID542932,0,0,0,0,1,1,0,3,0,0,2,ID660670,2,0,0,1,1,1,1,5,0,3,1,ID621566,1,0,0,0,2,0,1,5,0,0,1,ID663586,1,0,0,1,1,0,1,5,0,2,1,ID669221,1,0,0,0,0,1,2,3,0,0,0,ID645277,2,2,0,1,0,0,4,5,0,2,1,ID687093,1,0,0,0,1,0,1,5,0,0,5,ID542303,3,0,0,2,0,0,3,5,0,5,0,ID607680,2,0,0,0,1,0,3,5,0,0,0,ID671739,1,0,0,1,0,0,2,4,0,2,2,MIA,ATL,,,,,,,,,,,,,,,,,,,,,,,,,,,,,,,,,,,,,,,,,,,,,,,,,
2023/05/03/chnmlb-wasmlb-1,2023/05/03/chnmlb-wasmlb-1,ID663623,,1,0,0,0,3,4,2,14,2,81,4.1,0,0,0,0,1,81,45,1,ID573186,,1,0,0,0,5,3,5,21,3,92,6.0,0,0,0,0,1,92,59,0,ID669743,0,0,0,0,1,0,0,4,0,0,4,ID671277,0,0,0,0,0,2,0,2,0,0,3,ID660688,0,0,0,0,1,0,0,4,0,0,3,ID608841,1,0,0,0,1,0,2,4,0,0,0,ID600869,0,0,0,0,2,0,1,4,0,0,1,ID642086,0,0,0,0,1,0,0,3,0,0,2,ID657041,1,0,1,0,1,0,2,3,1,0,0,ID682928,0,0,0,0,0,0,1,3,0,1,1,ID645302,0,0,0,0,0,1,2,2,2,0,0,ID663538,1,0,0,0,1,1,0,2,1,0,0,ID621020,0,0,0,0,1,0,0,4,0,0,3,ID664023,0,0,0,0,0,2,2,2,0,0,0,ID641355,0,0,0,0,3,0,0,4,0,0,5,ID673548,0,0,0,0,1,0,2,4,0,1,1,ID641820,0,0,0,0,0,0,2,4,0,0,3,ID543333,0,0,0,0,2,0,0,4,0,0,3,ID621550,0,0,0,0,0,2,0,2,1,0,2,ID571466,0,0,0,0,0,0,0,3,0,0,2,WAS,CHN,,,,,,,,,,,,,,,,,,,,,,,,,,,,,,,,,,,,,,,,,,,,,,,,,
2023/05/03/clemlb-nyamlb-1,2023/05/03/clemlb-nyamlb-1,ID657376,,2,0,0,0,4,2,6,19,0,79,4.1,0,0,0,0,0,79,52,2,ID669456,,2,0,0,2,4,1,5,28,1,93,8.0,0,0,0,0,2,93,62,2,ID683011,0,0,0,0,1,0,0,4,0,0,1,ID650402,0,0,0,0,1,0,0,4,0,0,1,ID519203,0,0,0,0,0,0,2,4,0,0,0,ID518934,0,0,0,0,1,0,1,4,0,0,2,ID641432,1,0,0,1,0,1,2,3,0,2,1,ID664056,0,0,0,0,0,0,0,3,0,0,1,ID641343,1,0,0,1,1,1,1,3,0,1,1,ID643396,0,0,0,0,0,0,1,3,1,0,0,ID543309,0,0,0,0,0,0,0,3,0,0,1,ID680757,0,0,0,0,0,0,2,5,0,0,1,ID642708,1,0,0,0,3,0,1,5,1,0,4,ID608070,1,0,0,0,0,1,1,4,0,0,4,ID647304,0,0,0,0,3,1,0,4,0,0,5,ID605137,0,0,0,0,0,1,1,3,0,1,1,ID665926,0,0,0,0,1,0,1,4,0,1,2,ID686823,0,0,0,0,1,0,0,4,0,0,3,ID664702,1,1,0,0,0,0,2,4,0,0,0,ID595956,0,0,0,0,1,0,0,3,0,0,1,NYA,CLE,,,,,,,,,,,,,,,,,,,,,,,,,,,,,,,,,,,,,,,,,,,,,,,,,
2023/05/03/tormlb-bosmlb-1,2023/05/03/tormlb-bosmlb-1,ID601713,"(W, 2-2)",3,2,0,2,6,1,6,23,0,94,6.0,1,0,0,0,3,94,62,2,ID666201,"(L, 1-2)",5,2,0,0,3,1,8,24,1,103,5.0,0,1,0,0,2,103,63,5,ID657077,0,0,0,0,1,1,1,4,0,0,1,ID807799,1,1,0,0,0,0,2,5,0,2,1,ID457759,1,1,0,0,0,1,2,4,0,0,0,ID646240,1,0,0,0,1,0,1,5,0,0,7,ID680776,2,1,0,0,0,2,1,2,0,1,0,ID671213,1,0,0,0,0,0,3,5,0,2,4,ID665839,0,0,0,0,2,0,2,5,1,2,2,ID571771,1,0,0,0,0,0,2,5,0,1,4,ID657136,1,1,0,0,2,0,1,5,0,0,4,ID543807,0,0,0,0,1,0,1,4,0,0,1,ID666182,0,0,0,0,1,0,0,4,0,0,1,ID665489,1,0,0,1,0,0,2,4,0,1,1,ID656305,0,0,0,0,1,1,0,3,0,0,1,ID662139,1,0,0,1,1,0,2,4,0,1,2,ID672386,0,0,0,0,0,1,0,3,0,0,0,ID593160,0,0,0,0,2,0,0,4,0,0,2,ID669289,0,1,0,0,0,0,1,4,0,0,2,ID595281,1,1,0,0,2,0,1,3,0,0,1,BOS,TOR,,,,,,,,,,,,,,,,,,,,,,,,,,,,,,,,,,,,,,,,,,,,,,,,,
2023/05/03/minmlb-chamlb-1,2023/05/03/minmlb-chamlb-1,ID656302,,4,2,0,1,6,4,5,19,1,98,5.0,0,0,0,0,4,98,56,4,ID686973,,4,0,0,1,6,2,7,20,0,87,4.2,0,0,0,0,4,87,59,4,ID641313,1,0,0,0,0,1,3,4,0,1,0,ID643217,1,0,0,0,1,0,1,4,0,0,2,ID683734,0,0,0,0,1,1,1,3,0,0,2,ID650391,1,0,0,0,1,0,2,4,0,1,2,ID673357,1,0,0,1,1,0,1,4,0,3,3,ID657757,1,0,0,0,2,0,1,4,0,0,2,ID518735,0,0,0,0,1,0,3,4,0,0,0,ID669394,0,0,0,0,1,0,0,2,0,0,2,ID462101,0,0,0,0,0,1,0,3,0,1,1,ID596146,0,0,0,0,2,1,1,4,0,0,1,ID593871,1,0,0,0,0,1,2,4,0,0,0,ID621043,1,1,0,0,2,0,1,5,0,2,4,ID621439,0,1,0,0,0,2,1,2,1,1,3,ID663616,0,0,0,0,4,0,0,4,0,0,6,ID608336,0,0,0,0,0,0,0,2,0,0,1,ID624503,1,0,0,1,0,0,1,2,0,1,1,ID650489,1,0,0,0,0,1,1,3,0,0,0,ID680777,0,0,0,0,2,1,1,3,0,0,1,CHA,MIN,,,,,,,,,,,,,,,,,,,,,,,,,,,,,,,,,,,,,,,,,,,,,,,,,
2023/05/03/balmlb-kcamlb-1,2023/05/03/balmlb-kcamlb-1,ID425844,"(W, 1-4)",0,0,0,0,3,0,3,17,0,44,5.0,1,0,0,0,0,44,33,0,ID502043,"(L, 4-1)",6,3,1,1,0,0,10,27,1,74,6.2,0,1,0,0,6,74,49,5,ID677951,2,0,1,0,0,0,1,4,1,1,2,ID686469,1,2,0,1,0,0,3,4,0,3,0,ID521692,0,0,0,0,0,0,0,4,0,0,2,ID669004,0,0,0,0,0,0,1,4,0,0,1,ID658668,0,0,0,0,0,0,0,3,0,0,0,ID668472,1,1,0,0,0,0,3,4,0,0,0,ID686681,1,0,0,0,0,0,2,3,0,0,0,ID672580,0,0,0,0,0,0,1,3,0,1,2,ID664728,1,1,0,0,0,0,2,3,0,1,1,ID656775,0,0,0,0,1,0,0,4,0,0,1,ID668939,0,0,0,0,0,0,1,4,0,0,0,ID663624,0,1,0,0,1,0,1,4,0,0,1,ID623993,0,0,0,0,0,0,2,4,0,0,1,ID669065,0,0,0,0,0,0,1,2,0,0,1,ID622761,0,0,0,0,1,0,0,3,0,0,2,ID624428,0,0,0,0,0,1,1,2,0,0,1,ID602104,0,0,0,0,1,0,0,3,0,0,2,ID656811,0,0,0,0,2,0,0,2,0,0,0,KCA,BAL,,,,,,,,,,,,,,,,,,,,,,,,,,,,,,,,,,,,,,,,,,,,,,,,,
2023/05/03/anamlb-slnmlb-1,2023/05/03/anamlb-slnmlb-1,ID571945,,3,0,0,1,5,0,8,24,0,103,5.2,0,0,0,0,3,103,67,3,ID660271,,4,2,0,2,13,1,5,20,0,97,5.0,0,0,0,0,4,97,63,4,ID663457,0,0,0,0,3,0,0,4,0,0,0,ID502671,0,0,0,0,3,0,0,3,0,0,0,ID669357,1,0,0,1,2,0,2,4,0,1,0,ID571448,1,1,0,0,1,1,2,3,0,0,1,ID575929,1,1,0,0,1,0,2,4,0,1,1,ID676475,0,0,0,0,1,0,0,3,0,0,1,ID666185,1,0,0,1,2,0,1,4,0,2,1,ID680977,0,0,0,0,3,0,0,4,0,0,1,ID669242,0,0,0,0,1,0,0,4,0,0,1,ID687263,0,0,0,0,0,0,1,3,0,0,0,ID545361,2,0,0,1,1,0,1,4,0,1,3,ID660271,1,1,0,0,0,0,3,5,0,1,2,ID543685,0,0,0,0,1,1,1,4,0,1,4,ID592669,0,0,0,0,2,0,1,5,0,1,3,ID592273,1,0,0,1,2,0,1,4,0,1,2,ID621493,0,0,0,0,1,0,2,4,0,0,0,ID570482,0,0,0,0,0,1,0,3,0,0,1,ID595453,1,0,0,0,1,0,1,3,0,0,2,SLN,ANA,,,,,,,,,,,,,,,,,,,,1.0,1.0,0.0,0.0,0.0,0.0,3.0,5.0,0.0,1.0,2.0,4.0,2.0,0.0,2.0,13.0,1.0,5.0,20.0,0.0,97.0,5.0,0.0,0.0,0.0,0.0,4.0,97.0,63.0,4.0
2023/05/03/milmlb-colmlb-1,2023/05/03/milmlb-colmlb-1,ID607536,"(W, 3-3)",0,0,0,0,5,0,3,16,0,62,5.0,1,0,0,0,0,62,39,0,ID641778,"(L, 3-3)",4,2,0,0,6,4,4,18,0,84,4.2,0,1,0,0,0,84,48,4,ID453568,1,0,0,1,0,1,1,4,0,1,0,ID595777,1,1,0,0,2,0,1,5,0,0,1,ID592178,2,0,0,1,0,0,1,4,0,2,1,ID543068,1,1,0,0,1,2,1,2,0,0,0,ID553869,1,0,0,0,0,0,2,4,0,1,2,ID545341,1,0,0,0,0,2,1,2,0,0,0,ID641857,0,0,0,0,3,0,0,4,0,0,7,ID676701,0,1,0,0,1,0,2,4,0,3,0,ID678662,0,0,0,0,1,0,1,4,0,0,2,ID592885,0,0,0,0,0,1,1,3,0,0,1,ID642715,0,0,0,0,1,0,0,4,0,0,3,ID661388,1,0,0,0,1,1,0,3,0,0,1,ID670712,0,0,0,0,0,0,0,2,0,0,1,ID642133,0,0,0,0,1,0,1,4,0,0,3,ID572228,0,0,0,0,1,1,0,2,0,0,1,ID621438,0,0,0,0,1,0,0,3,0,1,2,ID680911,0,0,0,0,0,0,2,4,0,0,2,ID686894,0,0,0,0,1,0,0,2,0,0,1,COL,MIL,,,,,,,,,,,,,,,,,,,,,,,,,,,,,,,,,,,,,,,,,,,,,,,,,
2023/05/03/seamlb-oakmlb-1,2023/05/03/seamlb-oakmlb-1,ID676664,,0,0,0,0,7,2,4,21,0,97,6.0,0,0,0,0,0,97,66,0,ID669302,,2,2,0,0,6,2,3,19,2,89,6.0,0,0,0,0,2,89,51,2,ID665923,1,1,0,0,1,0,2,3,2,1,0,ID643393,0,1,0,0,0,0,1,4,0,1,2,ID667670,0,0,0,0,1,1,0,3,0,0,2,ID657656,0,0,0,0,1,0,1,4,0,0,3,ID668709,0,0,0,0,1,0,0,4,0,0,1,ID669127,0,0,0,0,1,0,0,4,0,0,1,ID607054,0,0,0,0,1,0,1,4,1,0,1,ID676116,1,0,0,0,1,1,0,1,0,0,0,ID669397,0,1,0,0,2,0,1,3,0,0,1,ID677594,1,0,0,0,1,1,0,4,0,0,5,ID664034,0,0,0,0,2,0,1,5,0,0,6,ID672284,0,0,0,0,1,0,1,3,0,0,2,ID553993,1,0,0,1,1,2,1,3,0,3,1,ID606192,1,1,0,0,3,0,2,5,0,0,2,ID608596,0,0,0,0,0,0,0,2,0,0,1,ID572041,2,1,0,1,1,1,2,4,0,1,1,ID641487,0,0,0,0,0,1,1,4,0,2,1,ID676609,1,0,0,0,0,0,3,5,0,1,2,OAK,SEA,,,,,,,,,,,,,,,,,,,,,,,,,,,,,,,,,,,,,,,,,,,,,,,,,
