"last_name, first_name","player_id","attempts","avg_hit_angle","anglesweetspotpercent","max_hit_speed","avg_hit_speed","fbld","gb","max_distance","avg_distance","avg_hr_distance","ev95plus","ev95percent","barrels","brl_percent","brl_pa"
"Leake, Mike","502190","671","11.6",31.4,"114.4","90.7","94","89","471","174","404","287",42.9,"59",8.8,7.1
"Gonzales, Marco","594835","657","14.7",31.5,"112.9","88.3","93.1","85.3","447","172","395","224",35.2,"32",4.9,3.7
"Nova, Iván","467100","635","10.7",34.5,"118.9","88.8","93.3","85.6","440","161","396","244",38.4,"46",7.2,5.7
"Anderson, Brett","474463","600","5",30.5,"115.1","89.6","94.6","86.9","486","142","419","240",40,"44",7.3,5.9
"Alcantara, Sandy","645261","598","11.8",29.9,"111.7","87.3","92.3","83.8","444","164","404","205",34.3,"39",6.5,4.7
"Greinke, Zack","425844","589","11",34.1,"114","87.5","91.7","84.8","432","165","398","196",33.3,"37",6.3,4.6
"Minor, Mike","501985","588","16.5",31.3,"113.1","86.9","90.2","85.2","450","174","401","179",30.4,"41",7,4.8
"Berríos, José","621244","587","13.9",34.1,"115.2","87","91.2","84","441","172","405","188",32,"38",6.5,4.5
"Bumgarner, Madison","518516","587","18.3",35.6,"113.2","90.4","93","88.8","473","192","404","245",41.8,"53",9,6.3
"Wheeler, Zack","554430","580","12.3",34.5,"117.6","87","90.4","84.7","447","167","404","188",32.4,"31",5.3,3.7
"Mikolas, Miles","571945","576","10.3",33,"112.9","88.5","92.4","86.1","429","164","397","204",36.6,"35",6.1,4.6
"Porcello, Rick","519144","573","15.7",33.9,"116.1","88.4","93.5","83.9","452","183","397","213",37.6,"54",9.4,7
"Tanaka, Masahiro","547888","568","11",32.4,"113","89","93.1","86.9","455","160","404","212",37.7,"34",6,4.5
"López, Reynaldo","625643","567","17.7",36.3,"114.2","88.8","92.7","85.8","505","193","401","217",38.3,"43",7.6,5.3
"Syndergaard, Noah","592789","567","9.8",29.6,"111","86.8","90.3","85","447","153","402","177",31.2,"28",4.9,3.4
"Fiers, Mike","571666","566","15.7",31.4,"111.3","88.1","93.3","84.2","458","176","401","212",38.3,"41",7.2,5.4
"Rodriguez, Eduardo","593958","564","9.3",30.9,"111.9","86.3","91","83.2","455","160","403","163",29.7,"33",5.9,3.8
"Lynn, Lance","458681","562","13.8",34,"113.5","87.9","91.3","85.7","454","179","407","185",33.8,"33",5.9,3.8
"Kelly, Merrill","518876","558","12.5",33,"112.7","89.9","93.6","87","443","177","405","223",40,"53",9.5,6.8
"Bauer, Trevor","545333","557","16.4",33.6,"111.9","88.7","92.4","86.4","451","183","396","210",37.7,"48",8.6,5.3
"Stroman, Marcus","573186","555","5.6",27.2,"113.9","88.2","92.8","85.8","426","139","384","197",35.6,"23",4.1,3
"Bieber, Shane","669456","554","12.6",32.5,"113.5","90.6","94.1","88.5","447","172","391","231",43.3,"47",8.5,5.5
"Kikuchi, Yusei","579328","549","12.3",32.1,"115.1","89.2","93.3","87.2","462","169","398","209",39.1,"42",7.7,5.8
"Samardzija, Jeff","502188","545","16.9",34.5,"117.9","89.5","93.5","85.7","440","194","403","205",37.7,"45",8.3,6.1
"Quintana, José","500779","544","11.1",34.6,"114.2","90","92.9","88.6","468","174","402","199",37.9,"31",5.7,4.2
"Lester, Jon","452657","542","12.2",37.1,"112.2","88.6","91.9","86.4","457","176","407","188",34.7,"40",7.4,5.2
"Hendricks, Kyle","543294","538","14.2",33.6,"112.5","86.5","90.7","83.5","438","174","398","169",31.5,"29",5.4,4
"Junis, Jakob","596001","537","12.7",35.4,"112.8","90.1","92.6","88.6","473","178","408","221",41.2,"46",8.6,6
"Pérez, Martín","527048","532","9.5",33.5,"113.8","86.2","91.5","82.3","444","154","385","158",29.7,"28",5.3,3.8
"Nola, Aaron","605400","532","9.2",32.9,"113.3","89.2","93.9","86.3","445","160","399","210",39.5,"36",6.8,4.2
"Ryu, Hyun Jin","547943","532","7.2",32.5,"115.3","86.6","90.6","84","438","148","403","164",30.8,"25",4.7,3.5
"Hudson, Dakota","641712","526","3.3",31,"114.6","89.3","94.6","86.7","448","139","406","204",38.8,"36",6.8,4.8
"Corbin, Patrick","571578","524","8.4",31.7,"115","89.9","95","86","462","166","420","203",38.7,"49",9.4,5.9
"Strasburg, Stephen","544931","524","7.8",29.8,"113.4","87.9","92.2","85.4","458","150","400","177",33.8,"32",6.1,3.8
"Eflin, Zach","621107","522","12",30.1,"112.1","88.2","92.4","84.9","447","170","399","171",32.8,"36",6.9,5.1
"Wainwright, Adam","425794","520","10.2",32.1,"113.6","88.9","92.5","86.8","436","160","395","197",39.2,"34",6.5,4.6
"Sánchez, Aníbal","434671","516","14.7",37.8,"113.7","87","91.4","82.5","436","185","405","146",28.3,"34",6.6,4.8
"Davies, Zach","605200","516","13.8",37,"113.8","88.7","92.5","86.2","473","181","401","172",33.3,"37",7.2,5.5
"Miley, Wade","489119","513","8.3",29,"114.3","87.5","91.1","85.2","441","152","388","159",32.5,"22",4.3,3.1
"Musgrove, Joe","605397","512","11.7",31.4,"112","88.9","92.5","86.8","449","172","403","198",38.7,"33",6.4,4.6
"Soroka, Michael","647336","510","6.7",32.4,"114.3","88.2","91.9","86.3","455","147","406","191",37.5,"26",5.1,3.7
"Keller, Brad","641745","508","9.1",32.5,"112.5","89.1","93.6","86.7","453","157","405","196",38.6,"30",5.9,4.2
"Márquez, Germán","608566","506","7.2",34.2,"116.3","91.1","93.6","89.4","469","160","407","218",43.1,"40",7.9,5.5
"Roark, Tanner","543699","499","15.5",36.9,"115.1","89","92.2","86.3","472","186","408","179",37.3,"42",8.4,5.8
"Verlander, Justin","434378","498","18.5",30.1,"109.8","87.3","91.8","83.3","436","190","390","157",33.3,"36",7.2,4.3
"deGrom, Jacob","594798","498","13.2",31.5,"111.6","86.5","91.7","82.4","456","168","404","147",30.8,"24",4.8,3
"Teheran, Julio","527054","494","15.5",31.2,"113.5","89","91.7","87.4","451","184","408","175",35.4,"34",6.9,4.5
"Boyd, Matthew","571510","491","19.5",32,"114.9","89.2","91.9","88","449","191","398","169",35.3,"43",8.8,5.5
"Bailey, Homer","456701","490","13.8",30.6,"114.7","90.3","93","89.3","436","170","393","189",39.8,"28",5.7,4
"Happ, J.A.","457918","483","13.7",33.3,"112.2","89.2","93.6","86.1","447","176","397","181",37.5,"40",8.3,5.9
"Gibson, Kyle","502043","482","7.1",32.8,"113","88.3","92.9","86","465","145","402","182",37.8,"36",7.5,5.1
"Morton, Charlie","450203","481","9.2",34.3,"112.1","86.9","90.7","85","431","156","398","158",32.8,"24",5,3
"Flaherty, Jack","656427","479","15.5",33.4,"116.3","86.6","91.2","84.2","431","178","399","145",30.3,"33",6.9,4.3
"Matz, Steven","571927","479","10.3",31.5,"113.6","88.9","92.5","86.9","482","163","408","185",38.6,"41",8.6,5.9
"Sparkman, Glenn","642098","478","14.2",39.3,"113.6","90.8","94.1","88.1","471","198","405","200",41.8,"37",7.7,6.1
"Buehler, Walker","621111","478","12.8",34.5,"111.3","89.3","92.5","86.5","458","181","396","174",36.4,"26",5.4,3.5
"Fried, Max","608331","476","4.3",32.4,"114","89.2","91.8","87.6","451","146","391","186",39.1,"21",4.4,3
"DeSclafani, Anthony","543101","476","12.3",33.2,"113.3","89.1","93.1","86.5","474","174","403","179",38.7,"34",7.1,4.9
"Bundy, Dylan","605164","474","14",31.9,"113.4","88.2","92.7","84.8","452","173","394","151",31.9,"28",5.9,4
"Means, John","607644","472","20",36.9,"115.3","87.5","90.9","83.6","446","199","403","145",30.7,"32",6.8,5
"Kershaw, Clayton","477132","472","11.8",29.9,"112.5","88.7","93.1","86.7","442","164","406","154",34.1,"31",6.6,4.4
"Williams, Trevor","592866","472","17.2",35.6,"114.1","88","92.5","85.2","441","191","398","168",35.6,"39",8.3,6.1
"Lucchesi, Joey","664192","470","11.4",30.6,"113","88.3","92.2","86.2","436","163","398","171",36.4,"34",7.2,5
"Castillo, Luis","622491","469","5.8",26.2,"112.8","87.2","91.9","84.7","442","137","403","154",33.6,"24",5.1,3.1
"Cashner, Andrew","488768","466","10.3",31.8,"120.6","89.7","94.4","86.4","441","170","407","191",41,"36",7.7,5.7
"Thornton, Trent","663423","462","16.8",38.7,"115.4","88.2","93","83","474","191","400","171",37,"34",7.4,5
"Lauer, Eric","641778","457","14.1",32.4,"112.6","89.8","93.8","87.1","436","179","397","180",39.4,"27",5.9,4.1
"Vargas, Jason","450306","456","16.7",33.1,"111.3","87.6","92.3","84","440","183","401","154",33.8,"36",7.9,5.5
"Senzatela, Antonio","622608","445","4.9",31.2,"114.1","90.1","93.5","88.5","466","146","408","196",44,"27",6.1,4.6
"Norris, Daniel","596057","443","11.7",30.9,"112.6","90.9","94","88.4","437","175","406","192",43.3,"39",8.8,6.4
"Cole, Gerrit","543037","440","14",33.2,"115.2","87.6","92.1","83.7","443","177","394","156",35.5,"26",5.9,3.2
"Darvish, Yu","506433","435","12.6",32.6,"115.5","88.6","93.5","85","459","174","405","163",37.5,"32",7.4,4.4
"Turnbull, Spencer","605513","435","9.6",33.8,"114.4","89.6","93.6","86.9","444","166","386","177",40.7,"29",6.7,4.4
"Gray, Sonny","543243","428","9.1",30.1,"115.1","88.1","91.9","86.1","425","151","409","137",33.3,"29",6.8,4.1
"Pineda, Michael","501381","427","16.9",35.1,"112.2","89.7","93","86.2","454","196","391","154",37.4,"31",7.3,5.2
"Gray, Jon","592351","427","8.4",31.6,"116.2","89.9","92.9","88.7","470","151","407","187",43.8,"25",5.9,3.9
"Arrieta, Jake","453562","426","6.8",33.8,"114","89.3","93.9","86.5","445","151","402","160",37.6,"29",6.8,4.9
"Odorizzi, Jake","543606","423","18.1",37.1,"114.4","89.2","92.6","86.9","462","190","397","153",36.2,"33",7.8,5
"Ray, Robbie","592662","422","14.8",38.6,"114.3","88.9","93.2","85","446","190","409","163",38.6,"45",10.7,6
"Jurado, Ariel","642558","420","9.6",34.5,"115.8","90","93.8","87.3","447","169","404","181",43.1,"42",10,7.8
"Sampson, Adrian","592716","417","15.5",33.8,"113.6","91","93.7","90.4","453","188","405","197",47.2,"42",10.1,7.5
"Giolito, Lucas","608337","416","17.7",37.3,"117","88.1","92.8","85","459","183","408","144",34.6,"39",9.4,5.5
"Yarbrough, Ryan","642232","416","15.2",35.1,"112.1","84.9","89.1","82.9","427","168","401","109",26.2,"29",7,5.2
"Smith, Caleb","592761","412","23.6",35.2,"113.1","88.7","92.7","83.9","485","214","403","148",35.9,"45",10.9,7
"Bassitt, Chris","605135","411","15",32.4,"111.7","87.8","92","86.3","454","175","401","128",31.7,"20",4.9,3.3
"Sanchez, Aaron","592717","410","8.9",29.5,"114.1","89.8","94.7","86.5","476","160","400","173",42.2,"31",7.6,5.1
"Anderson, Chase","502624","410","19.6",31.5,"114.3","87.3","91.1","85","457","187","406","129",32.9,"26",6.3,4.4
"Scherzer, Max","453286","409","13.5",35.2,"111.7","87.6","92","83.8","445","177","398","145",35.5,"27",6.6,3.9
"Hamels, Cole","430935","409","11.3",30.8,"118.3","90.3","94.5","87.2","454","166","410","169",41.3,"31",7.6,5
"LeBlanc, Wade","453281","408","13.9",38.5,"112.6","89.4","93.3","86.2","447","184","397","159",39,"32",7.8,6
"Wacha, Michael","608379","400","9.7",35.5,"113.7","88.2","93.1","85","463","162","410","142",35.5,"31",7.8,5.5
"Maeda, Kenta","628317","400","15.4",35.3,"112","86.1","90.5","82.4","457","176","400","115",28.7,"22",5.5,3.5
"Lyles, Jordan","543475","397","15",30.7,"112.7","89.9","93.5","87.8","438","186","401","159",41.3,"32",8.1,5.3
"Germán, Domingo","593334","397","15.2",37.8,"118.3","89.4","93.9","85.4","441","189","395","159",40.1,"35",8.8,5.9
"Richards, Trevor","670950","392","17.8",34.4,"112.2","88.5","92.3","85.5","423","188","391","136",34.7,"25",6.4,4.3
"Zimmermann, Jordan","519455","391","12.6",37.9,"115.6","90.3","94.2","87.2","458","180","394","150",38.4,"37",9.5,7.3
"Paxton, James","572020","390","17.6",35.1,"113.4","89.2","91.8","89.4","433","185","393","150",38.5,"29",7.4,4.6
"Mahle, Tyler","641816","387","9.4",32.3,"111.7","89.2","92.8","86.9","442","165","398","140",37.6,"29",7.5,5.2
"López, Jorge","605347","387","10.2",34.1,"115.6","90.4","94.5","87.1","450","173","405","156",40.6,"46",11.9,8.4
"Duffy, Danny","518633","386","16.4",33.4,"113.1","89.3","92.8","87.1","478","189","417","146",37.8,"29",7.5,5.2
"Chirinos, Yonny","630023","385","11.5",34.5,"111","88.1","92.5","84.9","447","175","403","130",33.8,"34",8.8,6.4
"Ynoa, Gabriel","593679","384","11.1",30.7,"112","90","93.6","87.5","461","174","399","157",40.9,"39",10.2,8.1
"Paddack, Chris","663978","378","15.7",33.1,"113","87.8","92","84.7","439","178","401","123",32.5,"27",7.1,4.8
"Beede, Tyler","595881","359","11.5",33.7,"114.8","91.3","94.6","89","433","179","406","159",44.3,"30",8.4,5.7
"Brooks, Aaron","605156","356","12.2",32.3,"111.5","89.7","93.2","88.1","474","176","405","148",41.6,"28",7.9,5.8
"Plutko, Adam","592644","354","19.9",37,"116","88.1","92.3","84.6","467","199","397","116",32.8,"27",7.6,5.8
"Freeland, Kyle","607536","353","10",34,"116.3","89.5","93","87.2","451","168","406","141",40.1,"31",8.8,6.6
"Keuchel, Dallas","572971","348","2.9",26.1,"111","88.8","94.5","86.7","447","131","406","134",38.5,"24",6.9,4.9
"Foltynewicz, Mike","592314","347","15",30.8,"112.6","89.1","92.8","86.5","429","187","394","138",39.8,"27",7.8,5.5
"Sale, Chris","519242","344","12.9",34.9,"111.4","88.5","92.9","85.3","448","176","390","125",36.3,"28",8.1,4.6
"Plesac, Zach","668676","344","14.4",36.3,"114.3","89.6","92.7","87.3","442","187","398","133",38.7,"28",8.1,5.9
"Brault, Steven","643230","344","10.2",33.7,"112.2","90.5","93.2","89.1","460","174","408","133",38.7,"21",6.1,4.2
"Strahm, Matt","621381","340","15.9",35.6,"112.6","89","93.4","85.1","447","189","402","136",40,"33",9.7,6.8
"Smyly, Drew","592767","337","17.8",35.9,"114.2","89","92.9","85.1","436","206","399","130",38.6,"33",9.8,6.4
"López, Pablo","641154","336","10",32.1,"114.2","88.2","91.5","86.9","420","155","395","124",36.9,"25",7.4,5.3
"Velasquez, Vince","592826","334","17.7",33.5,"114.5","90.8","94.1","88.8","459","201","391","134",40.1,"34",10.2,6.6
"Milone, Tommy","543548","334","16.5",38,"114.8","87.2","92.4","81.3","458","198","403","100",31.3,"32",9.6,7.1
"Rodríguez, Dereck","605446","330","13.1",34.5,"111","89.5","92.7","87.8","437","171","395","119",36.2,"23",7,5.2
"Cahill, Trevor","502239","329","9.1",27.4,"115.1","88.8","93.4","86.2","438","165","398","118",37.5,"23",7,5.1
"Beeks, Jalen","656222","326","10.1",35,"114.7","88.5","93","85.3","443","165","408","117",35.9,"24",7.4,5.2
"Archer, Chris","502042","324","14.4",40.7,"112.1","89.4","92.8","86.3","436","189","401","128",39.5,"34",10.5,6.5
"Quantrill, Cal","615698","323","11.9",33.7,"111.9","87.9","90.8","85.4","433","168","401","105",32.5,"23",7.1,5.2
"Lambert, Peter","663567","321","7.4",36.8,"113.1","89.8","94","86.7","472","167","406","127",39.6,"20",6.2,4.8
"Chacín, Jhoulys","468504","318","16.9",35.2,"112.1","89.6","94.3","86.5","463","189","403","135",42.5,"25",7.9,5.3
"Sabathia, CC","282332","318","14.9",36.5,"114.3","87","90.3","84.6","432","182","387","97",30.5,"26",8.2,5.6
"Anderson, Shaun","641312","317","12.1",39.4,"112.8","88.5","91.8","86.5","454","170","408","118",37.3,"23",7.3,5.4
"Woodruff, Brandon","605540","315","12.4",37.5,"113.3","86.1","90.3","83.3","448","167","409","95",30.2,"13",4.1,2.6
"Houser, Adrian","605288","303","5.3",30,"110.4","86.7","92.5","84","448","144","398","107",35.3,"15",5,3.2
"Gausman, Kevin","592332","300","13.6",40.3,"113.9","88.7","92.2","85.3","432","180","397","108",36.5,"24",8,5.3
"Price, David","456034","295","12.6",36.9,"113.2","88.4","93.3","84.1","453","180","405","113",38.3,"24",8.1,5.2
"Montgomery, Mike","543557","294","7.1",35,"112.6","90.4","94.4","86.8","486","172","407","131",44.7,"24",8.2,6
"Clevinger, Mike","605182","291","13.1",37.1,"113.5","86.4","92.3","80.9","442","175","401","99",34,"17",5.8,3.4
"Pivetta, Nick","601713","289","11.2",35.6,"113.2","89.7","92.3","87.8","439","173","387","101",34.9,"29",10,6.9
"Godley, Zack","643327","289","11.6",37,"113.8","89.5","93.4","86.9","469","173","410","103",35.6,"24",8.3,5.9
"Ureña, José","570632","279","9.1",33.3,"113","90.7","93.9","89","446","157","390","108",38.7,"22",7.9,6
"Gaviglio, Sam","543208","278","10.2",25.9,"113.8","88.3","93.9","84.9","456","163","399","98",35.3,"18",6.5,4.6
"Pomeranz, Drew","519141","270","14.7",35.9,"111","89.8","93","87.2","449","184","400","96",35.8,"24",8.9,5.3
"Peña, Félix","570240","266","13.3",33.8,"112.1","89","93.3","86.2","429","172","399","100",37.6,"18",6.8,4.4
"Hess, David","605276","265","18.2",43,"115.4","92.3","96","88.6","443","208","398","132",49.8,"35",13.2,9.6
"Clarke, Taylor","664199","265","16",30.6,"114.3","89.3","94.4","85.6","458","188","406","105",39.8,"32",12.1,8.7
"Montas, Frankie","593423","264","9.9",32.6,"111.4","87","93.5","83.3","440","149","399","92",34.8,"10",3.8,2.5
"Tomlin, Josh","458708","262","17.8",32.8,"111.9","89.1","92.1","86.4","424","194","398","88",33.6,"17",6.5,5.3
"Barria, Jaime","642545","261","18.6",41,"112.9","89.9","93.3","86.3","441","209","401","106",40.6,"28",10.7,7.7
"Suarez, José","660761","260","16.7",35.8,"116.2","88.7","93","85.9","451","188","395","97",37.3,"23",8.8,6.1
"Fedde, Erick","607200","258","7.2",34.1,"112","89.2","92.6","87.3","438","153","399","103",39.9,"19",7.4,5.7
"Stripling, Ross","548389","255","10.8",24.3,"117.4","89.2","93.7","87.4","415","155","401","98",38.4,"17",6.7,4.6
"Heaney, Andrew","571760","254","18.5",35.4,"110.9","90.4","92.8","89.3","450","207","405","100",39.4,"25",9.8,6.1
"Snell, Blake","605483","253","15",31.2,"111.5","88.3","91.7","85.9","436","176","389","81",32,"12",4.7,2.7
"Agrazal, Dario","642607","252","14.8",34.9,"112.1","87.3","92.3","84.1","459","179","399","75",29.8,"17",6.7,5.3
"González, Gio","461829","251","9.6",32.3,"112.7","87.4","92.6","82.8","449","162","403","74",31.2,"16",6.4,4.4
"Peacock, Brad","502748","251","14.3",30.7,"115.5","90.1","93.1","88.2","481","186","408","104",41.4,"20",8,5.2
"Canning, Griffin","656288","250","17.4",31.6,"110.6","87.9","91.9","84.7","439","190","405","81",32.4,"19",7.6,4.9
"Stammen, Craig","489334","249","5.5",31.3,"112.4","87","91.4","83.4","436","158","394","84",33.7,"13",5.2,3.8
"Jackson, Edwin","429719","249","11.9",40.2,"115.7","91.1","95.4","87.5","450","189","392","108",43.4,"30",12,8.9
"Young, Alex","622065","247","10.2",27.9,"109.1","87.8","91.7","85.4","429","158","407","88",35.6,"18",7.3,5.2
"Holland, Derek","502706","245","14",31,"113.9","91.1","94.5","88","467","185","412","102",42.1,"30",12.2,8
"Wojciechowski, Asher","592879","244","21.4",34.4,"111.3","88.1","92.7","83.5","443","212","397","89",36.5,"26",10.7,7.2
"Stratton, Chris","608717","242","11.8",32.2,"111.9","88.4","92.7","85.5","441","176","402","77",34.7,"12",5,3.5
"Peters, Dillon","596071","241","13.6",39.4,"114.4","89.4","93.9","84.7","444","191","397","99",41.1,"21",8.7,6.4
"Detwiler, Ross","446321","239","10.4",30.1,"113.7","90.4","94.8","87.8","496","169","406","97",40.6,"23",9.6,7.3
"Chavez, Jesse","445926","238","13.2",34.5,"114.5","88.1","93.4","84","433","175","408","82",34.5,"21",8.8,6.2
"Waguespack, Jacob","621097","238","14.8",35.7,"114.9","89.1","93","87.2","436","180","407","91",38.2,"17",7.1,5.1
"Ramirez, Nick","598286","238","11.5",31.9,"112.8","86.8","92.1","83.8","436","162","404","71",29.8,"18",7.6,5.2
"Hernández, Félix","433587","237","11",31.2,"112.7","91.9","95.5","90","450","171","397","99",41.8,"24",10.1,7.4
"Cessa, Luis","570666","234","10.7",30.3,"109.1","88.3","91.4","86.4","425","160","383","82",36.9,"12",5.1,3.5
"Hernández, Elieser","622694","233","21.6",30.5,"110","86.9","92.6","81.5","424","194","393","74",31.8,"21",9,5.9
"Font, Wilmer","521655","229","18",31.9,"110.7","89.2","94","84.8","420","191","391","86",38.4,"22",9.6,6.2
"Peralta, Freddy","642547","228","18.7",36.8,"109.7","90.1","94.5","87.3","462","193","398","88",38.6,"22",9.6,5.8
"Lorenzen, Michael","547179","228","11.7",32,"108","85.5","89.3","82.9","426","166","383","66",29.7,"7",3.1,2
"Petit, Yusmeiro","433589","227","21.4",31.7,"111.2","87.8","92.8","81.5","430","194","395","78",34.8,"17",7.5,5.5
"Carrasco, Carlos","471911","227","13.3",35.7,"111.6","91.5","95.9","87.8","427","185","398","104",45.8,"29",12.8,8.5
"Guerra, Junior","448855","227","14.3",29.5,"113.2","86.9","92.5","83.9","445","169","401","64",29.4,"14",6.2,4.1
"Skaggs, Tyler","572140","227","15.8",37,"113.6","88.6","92","86.9","472","185","416","77",33.9,"14",6.2,4.2
"Perdomo, Luis","606131","221","5.5",27.6,"109.8","90.3","93.4","88","455","149","410","94",42.5,"9",4.1,3
"Chen, Wei-Yin","612672","221","14.1",40.3,"111.9","89.4","92.9","86.9","454","194","395","90",40.7,"19",8.6,6.2
"Pannone, Thomas","623381","219","18.6",37.4,"110.5","89.5","93.1","86.7","444","200","401","85",38.8,"21",9.6,6.5
"Shaw, Bryan","543766","219","7.3",32,"110.4","90.5","92.5","89.5","456","162","401","89",40.6,"15",6.8,4.8
"Bettis, Chad","518452","219","2.6",26.5,"115.6","90","95.9","88.1","425","123","396","91",41.6,"12",5.5,4.2
"Walden, Marcus","519393","214","7.6",29.4,"112.3","89.3","91.9","89.5","435","148","419","74",35.6,"6",2.8,1.8
"Valdez, Framber","664285","213","-1.3",24.9,"112.8","89.5","95.6","87","423","122","396","86",40.4,"11",5.2,3.3
"Guerra, Javy","457915","212","17.7",34.4,"114.1","89.4","93","87.4","440","195","401","80",37.7,"17",8,5.9
"Hoffman, Jeff","656546","209","16.2",33,"113.2","90.3","95.2","85.1","474","198","414","86",41.1,"27",12.9,8.6
"Urías, Julio","628711","209","17.6",34.4,"113.2","84.1","89.1","82","412","165","397","52",24.9,"9",4.3,2.8
"Covey, Dylan","592229","208","11.2",38.5,"115.5","89.9","93.2","87.3","437","172","394","77",37,"20",9.6,7.2
"Chatwood, Tyler","543022","208","4.7",36.1,"117","87.7","90.2","87.6","418","140","390","74",35.6,"6",2.9,1.9
"Cease, Dylan","656302","208","12.1",32.7,"111.3","87.9","92.5","84.6","453","168","398","78",37.5,"16",7.7,4.9
"McCarthy, Kevin","641838","207","3.6",24.2,"111","89.9","93.4","88.3","452","136","413","84",41.6,"9",4.3,3.4
"Castro, Miguel","612434","207","9.4",27.1,"112.3","87.1","92.3","84.3","449","151","394","68",32.9,"13",6.3,4.1
"Hughes, Jared","453172","206","1.3",25.2,"111.4","89.7","94.5","87.1","427","134","388","70",34.8,"14",6.8,4.8
"Estévez, Carlos","608032","203","15.5",34.5,"113.5","90.4","92","89.9","464","192","412","78",38.4,"20",9.9,6.5
"Yamamoto, Jordan","657141","202","16.9",30.7,"112.3","90","93.3","89.3","445","186","389","78",38.8,"13",6.4,4
"Devenski, Chris","606965","202","19.7",34.7,"113.8","88.7","93.1","85.3","447","205","387","71",35.1,"17",8.4,5.7
"Hudson, Daniel","543339","202","15.7",32.2,"111.8","89.3","94","86.1","427","190","408","83",41.1,"18",8.9,5.9
"Ross, Joe","605452","201","10.1",36.8,"110","87.5","92.5","83.8","435","172","408","72",35.8,"14",7,4.7
"McHugh, Collin","543521","201","15.1",37.8,"113.1","88","91.8","85","465","184","403","61",30.3,"14",7,4.4
"Cortes, Nestor","641482","200","18.3",36.5,"114.1","87.8","91.2","84.7","440","201","397","66",34.9,"16",8,5.4
"Andriese, Matt","542882","200","7.6",33.5,"113","89.1","92.6","87.2","459","156","402","67",33.5,"13",6.5,4.2
"Liriano, Francisco","434538","200","9.5",28.5,"110.1","85.8","91","82.2","454","146","398","58",29,"10",5,3.3
"Margevicius, Nick","676606","199","10.3",35.7,"110.7","88.5","92.2","85.8","464","169","404","69",34.7,"14",7,5.3
"Stanek, Ryne","592773","199","18",38.2,"116.3","90.3","94.2","85.4","442","207","411","76",38.2,"19",9.5,5.8
"González, Chi Chi","592346","198","12.1",34.3,"111.1","88.1","92.4","84.7","441","168","409","74",37.4,"11",5.6,4
"Soto, Gregory","642397","198","8.4",30.8,"115.1","91.1","93.2","89.6","441","166","390","87",43.9,"20",10.1,7.2
"Gallen, Zac","668678","198","13.7",32.8,"112.6","87","93.2","80.6","456","182","397","71",35.9,"11",5.6,3.3
"Martin, Brett","656685","198","6.3",29.3,"111.2","89.8","93.3","88.8","429","141","404","80",40.4,"11",5.6,3.9
"Conley, Adam","543045","197","16.1",32,"110.2","88.6","92.6","85.8","455","176","411","74",37.6,"13",6.6,4.6
"Buchholz, Clay","453329","197","10.7",35.5,"112.4","86.8","94","80.8","427","173","402","72",36.5,"26",13.2,10.2
"Buttrey, Ty","621142","197","13.6",35,"109.6","90","91.8","89.8","446","166","409","80",41.2,"11",5.6,3.6
"Melancon, Mark","453343","196","3",28.1,"110.8","88.6","90.9","88","419","117","403","69",35.2,"4",2,1.4
"Osich, Josh","592612","196","9.8",33.7,"111.1","88.3","92.6","83.4","447","177","401","71",36.2,"15",7.7,5.5
"Newcomb, Sean","656794","196","11.6",28.6,"112.2","87.3","90.9","85.1","442","163","411","60",30.6,"9",4.6,3.1
"Rodríguez, Richard","593144","196","16.7",25.5,"110.5","89.9","94.5","88.9","435","176","393","76",39.2,"15",7.7,5.3
"Harvey, Matt","518774","195","12.5",31.8,"113.2","90.7","94.2","88.4","467","174","410","75",42.1,"15",7.7,5.6
"Biagini, Joe","607352","194","9.3",38.7,"116.3","88.4","92.6","84.8","448","168","402","65",33.5,"17",8.8,6
"Eovaldi, Nathan","543135","194","11.3",32,"115.2","90.8","92.1","90.6","438","167","384","79",40.7,"17",8.8,5.6
"McFarland, T.J.","519008","194","-0.1",29.9,"114.3","88.4","94.4","85","458","126","427","77",40.1,"12",6.2,4.8
"Bleier, Richard","542947","193","1.9",28.5,"110","89","93.2","87.7","427","122","400","74",38.3,"6",3.1,2.6
"Claudio, Alex","592222","192","3",29.2,"110.7","85.8","93.1","82.3","425","130","397","58",30.7,"8",4.2,3
"Robles, Hansel","570663","192","15.4",29.7,"110.6","89","91.1","87.7","436","184","417","61",32.8,"9",4.7,3.2
"Mengden, Daniel","596043","191","19",30.9,"112.6","89.1","92.1","88.7","417","181","388","69",36.1,"11",5.8,4.2
"Lugo, Seth","607625","189","14.5",29.6,"111.8","88.2","92.7","85.2","437","180","390","64",33.9,"10",5.3,3.2
"Bradley, Archie","605151","189","11.7",39.2,"113.6","88.8","93.3","85.9","423","165","401","73",38.6,"9",4.8,2.8
"Kingham, Nick","592468","188","14.5",34.6,"111.8","88.5","92.8","85","456","179","411","64",34,"15",8,5.8
"Gsellman, Robert","607229","188","12.6",29.8,"108.4","86","89.7","83.4","424","154","391","58",30.9,"7",3.7,2.5
"López, Yoan","661255","187","11.9",36.4,"112.7","92.2","94.7","90.7","466","177","416","83",44.4,"18",9.6,7.3
"Brebbia, John","605154","187","23.4",35.8,"111.9","87.9","91.7","84.3","413","213","384","70",38,"10",5.3,3.3
"Suero, Wander","593833","186","11",37.6,"113.1","89","92.2","86.9","419","172","402","62",33.3,"11",5.9,3.7
"Farmer, Buck","571656","186","10.2",31.2,"111.9","89.5","94.1","86","450","176","421","74",40,"14",7.5,4.9
"Hendriks, Liam","521230","185","21.1",34.1,"112","89.8","91.9","90.7","410","198","393","72",39.6,"11",5.9,3.3
"Alvarez, Jose","501625","185","7.7",33,"112.7","86.1","90.2","83.7","437","153","392","60",32.4,"9",4.9,3.5
"Rondón, Héctor","444468","185","8.2",27.6,"111.9","87.1","91.1","85.8","434","152","398","63",34.2,"13",7,5.1
"García, Luis","472610","183","9.8",33.9,"114","88.6","93.7","86","471","169","399","65",35.7,"14",7.7,5
"Erlin, Robbie","572362","183","9.8",36.6,"112.6","87.9","92.1","86.4","424","162","408","65",35.5,"11",6,4.4
"Jackson, Luke","592426","181","2.4",27.1,"115.9","88.8","92.3","87.2","446","131","415","61",33.7,"13",7.2,4.1
"VerHagen, Drew","572403","180","8.8",30,"115.1","89.1","93.9","87.3","433","149","395","69",38.3,"13",7.2,5
"Cimber, Adam","643256","180","4.8",29.4,"113.7","87.9","91.1","87.1","427","143","387","62",34.4,"10",5.6,4.1
"Báez, Pedro","520980","180","21.6",27.8,"110.2","87.5","91.3","85.5","402","191","384","47",26.6,"5",2.8,1.8
"Alexander, Tyler","641302","179","17.2",32.4,"116.8","90.4","94.4","87","450","186","401","73",40.8,"13",7.3,5.5
"Straily, Dan","573185","179","21.6",41.3,"114.7","91.4","94.6","89.2","447","226","404","88",49.2,"29",16.2,12.3
"Swanson, Erik","657024","179","16.4",33.5,"114.3","91.4","94.9","88.4","464","189","403","74",41.3,"22",12.3,9
"Barlow, Scott","605130","178","14.5",34.8,"117.9","88.7","92.4","85.3","470","191","406","66",37.1,"12",6.7,3.9
"Trivino, Lou","642152","178","16",27,"110.3","86.9","89.7","86.6","432","160","400","56",32,"7",3.9,2.6
"Castillo, Diego","650895","178","8",22.5,"110.7","87.9","92.3","86.1","430","138","416","57",32,"10",5.6,3.4
"Dyson, Sam","473879","178","5.4",25.8,"112.1","89.9","92.9","88.4","444","138","407","65",36.5,"10",5.6,4
"Doolittle, Sean","448281","177","25.1",34.5,"112.6","90.9","93.5","89.8","456","219","409","74",42,"15",8.5,5.8
"Ramirez, Noé","598287","176","16.1",34.1,"114.4","87.3","93.2","81.1","443","188","390","54",31.2,"10",5.7,3.6
"Soria, Joakim","465657","176","15.1",34.7,"116","87.4","93.5","82.4","467","182","413","59",34.3,"16",9.1,5.8
"Gant, John","607231","175","9.6",34.9,"111.6","87","88.9","86.8","414","146","388","54",31.2,"5",2.9,1.9
"Bummer, Aaron","607481","175","-2.7",18.3,"110.3","89.6","92.2","89.2","413","101","391","67",38.3,"4",2.3,1.5
"Law, Derek","571882","175","8.5",32.6,"113.7","89.5","92.1","88","445","162","408","67",38.3,"8",4.6,2.8
"Kennedy, Ian","453178","175","14.7",29.7,"109.9","88.6","92.8","86.6","423","168","397","59",33.9,"11",6.3,4.1
"Armstrong, Shawn","542888","175","21.1",38.9,"111.5","88.1","91.9","84.7","448","200","407","61",34.9,"16",9.1,5.9
"Eickhoff, Jerad","595191","174","16.9",36.2,"110.8","89.2","95.3","83.4","426","205","392","68",39.1,"19",10.9,7.8
"Cishek, Steve","518553","174","11.4",29.3,"113","84.8","89.9","81.7","445","157","409","45",25.9,"10",5.7,3.7
"Weaver, Luke","596133","174","14.6",34.5,"115","89.9","94.3","88","446","179","402","72",41.4,"11",6.3,4.2
"Watson, Tony","453265","173","11.1",34.7,"113.7","87.4","92.7","84","456","172","409","55",31.8,"11",6.4,4.8
"Lamet, Dinelson","659275","173","16.3",37,"113.3","88.2","91.9","84.8","455","185","402","59",34.1,"14",8.1,4.5
"Green, Chad","643338","172","17.6",39,"113.3","91.6","95.9","89.5","446","198","383","78",47.9,"20",11.6,6.8
"Rogers, Taylor","573124","171","6.9",25.1,"116.4","87.9","92.2","85.8","419","148","394","49",29.7,"12",7,4.3
"Ryan, Kyle","594986","171","6.1",27.5,"114.4","88.9","91.7","88.3","420","143","384","72",42.1,"6",3.5,2.3
"Morin, Mike","573046","170","14.5",36.5,"118.3","86.6","91","83.5","412","177","383","46",27.4,"10",5.9,4.8
"Romo, Sergio","489265","170","19.6",37.1,"112","84.9","90.3","79.7","455","197","403","40",23.5,"9",5.3,3.6
"Colomé, Alex","517008","170","10.4",33.5,"116.1","91.3","94.1","88.7","408","178","397","70",41.2,"15",8.8,6
"Bedrosian, Cam","592135","169","10.3",32,"111.5","89","92.3","87","420","169","384","61",36.5,"10",5.9,3.9
"Treinen, Blake","595014","169","12.5",31.4,"110.3","88","92.3","85.7","474","159","410","58",34.7,"13",7.7,4.9
"Albers, Matt","458006","169","7.7",31.4,"110.6","87.2","92.1","85","435","153","399","56",33.1,"10",5.9,3.9
"Greene, Shane","572888","168","13.6",33.9,"113.9","89.5","92.7","88.4","462","168","418","66",39.3,"14",8.3,5.6
"Iglesias, Raisel","628452","167","20.3",38.3,"111.4","87.9","92.8","83.1","419","199","380","54",32.9,"13",7.8,4.7
"Velázquez, Hector","584171","167","16",37.1,"112.9","88.4","93.3","86.9","429","174","393","62",37.8,"13",7.8,5.3
"Gallegos, Giovanny","606149","167","19.6",31.1,"115","88.3","92.2","85.1","440","191","406","59",35.5,"12",7.2,4.3
"Familia, Jeurys","544727","166","9",31.9,"114.2","87.5","91.7","84.9","419","158","397","57",34.3,"10",6,3.6
"Osuna, Roberto","532077","166","14.2",36.7,"109.8","86.2","90.7","82","417","177","395","48",30,"10",6,4
"Fry, Paul","643316","165","2.9",29.7,"113.4","88","92.6","86","408","133","381","59",35.8,"8",4.8,3.1
"Parker, Blake","453284","165","14.7",41.8,"114.7","88.9","92.4","86.1","444","189","402","65",39.4,"15",9.1,5.9
"Brewer, Colten","605155","165","6.7",30.9,"111.2","88.8","91.8","87.2","426","151","401","50",30.5,"9",5.5,3.6
"Kolarek, Adam","592473","165","0.3",23,"116.8","87.6","92.2","86.4","430","114","385","59",35.8,"10",6.1,4.4
"Gearrin, Cory","518715","165","8.3",38.2,"113","88.6","90.7","87.7","414","169","390","60",36.8,"9",5.5,3.7
"Civale, Aaron","650644","164","15",31.1,"113.8","87","90.3","84.9","409","170","396","54",32.9,"4",2.4,1.8
"Jansen, Kenley","445276","163","19.4",31.9,"114.1","86.3","90.1","84.2","435","183","408","42",26.1,"10",6.1,3.8
"Harper, Ryne","607560","163","14.8",38.7,"114.3","89.2","93.3","86","434","184","395","61",37.4,"11",6.7,4.9
"Kintzler, Brandon","445213","162","8.4",27.8,"111.8","89.4","93.7","86.9","423","151","405","69",42.6,"11",6.8,4.8
"Díaz, Jairo","545064","161","8.1",32.3,"112.6","90.1","92.8","89.1","431","160","412","68",42.2,"9",5.6,3.7
"García, Yimi","554340","161","23.5",29.8,"113.2","87.2","91.9","80.4","479","206","404","44",27.3,"12",7.5,4.9
"Britton, Zack","502154","159","-8.4",16.4,"111.8","87.8","95.3","85.6","457","84","442","56",36.1,"8",5,3.3
"Grace, Matt","594840","159","7.2",36.5,"113.5","91.1","94.7","88.2","432","169","407","74",46.5,"19",11.9,9.2
"May, Trevor","543507","158","18.6",38.6,"111.9","87.8","92.3","82.6","426","191","399","55",34.8,"11",7,4.1
"Herrera, Kelvin","516969","158","18",36.1,"112.4","86.7","88.7","87.4","420","176","402","50",31.6,"13",8.2,5.5
"Jeffress, Jeremy","502026","157","7.6",32.5,"109.6","86.9","90.2","85","439","157","417","56",36.1,"9",5.7,4
"Bañuelos, Manny","544365","157","15.8",36.3,"111.6","88.9","91.6","87.4","427","185","407","59",37.8,"13",8.3,5.5
"Miller, Shelby","571946","157","13.5",34.4,"114.9","89.6","93.1","86.8","472","188","423","62",39.7,"12",7.6,5.5
"Pagán, Emilio","641941","157","21.4",28.7,"113.7","89.3","94","86.8","461","196","392","54",34.4,"10",6.4,3.7
"Neris, Hector","593576","156","13",33.3,"112.3","88.9","94","86.6","432","165","396","56",36.1,"11",7.1,4
"Brasier, Ryan","518489","156","16.7",36.5,"113.1","89","93.2","84.7","434","199","399","53",35.8,"14",9,5.8
"Wittgren, Nick","621295","156","16.3",31.4,"112.6","92.5","94.8","91.4","437","199","393","77",50,"15",9.6,6.5
"Stephenson, Robert","596112","156","19",34,"109.8","87.3","91.2","84","420","192","388","41",26.8,"8",5.1,3.1
"Swarzak, Anthony","461872","155","12.9",32.9,"113.1","89.9","95.6","86","436","170","404","71",45.8,"14",9,6
"Clippard, Tyler","461325","155","23",27.7,"113.1","85.8","91.2","80.6","446","199","405","44",28.8,"12",7.7,5
"Cole, Taylor","518566","155","7.1",35.5,"112.4","86.8","88.1","86.1","410","155","394","58",37.4,"5",3.2,2.2
"Leclerc, José","600917","154","19",36.4,"111.5","87.1","91.8","83.4","427","189","390","43",28.3,"6",3.9,2
"Harris, Will","501789","153","4.1",28.1,"111.3","87.5","89.9","86.5","434","142","404","48",31.8,"9",5.9,3.9
"Allard, Kolby","663465","153","10.3",30.7,"110.8","88.5","92.2","86.7","427","153","402","55",35.9,"4",2.6,1.9
"Ottavino, Adam","493603","152","14.5",29.6,"112.6","85.3","90.4","81.4","434","170","404","43",29.3,"7",4.6,2.5
"Suárez, Ranger","624133","150","5.2",33.3,"112.4","87.3","89.2","86.4","421","146","387","52",34.7,"8",5.3,3.9
"Elías, Roenis","606273","150","16.2",40,"114.4","88.7","93.2","82.7","416","198","392","53",37.3,"14",9.3,6.5
"Brach, Brad","542960","150","15",30.7,"110.7","88.7","90.8","88.8","406","174","379","55",36.7,"6",4,2.5
"García, Jarlín","606424","149","11.4",28.2,"112.1","88.5","92.4","86.3","400","163","386","48",32.4,"9",6,4.4
"Kelley, Shawn","518875","149","19.3",42.3,"107.9","88.3","92.8","82.4","453","220","404","52",34.9,"17",11.4,8.3
"Rodriguez, Jefry","622446","149","10",31.5,"109.1","90.7","94.7","88.5","429","167","393","65",43.6,"10",6.7,4.9
"Nicasio, Juan","504379","149","9.7",36.9,"111","89.4","92.1","87.4","444","158","409","58",38.9,"13",8.7,6
"Hill, Rich","448179","148","10.6",28.4,"106.2","86.8","92","83.6","425","155","388","41",27.7,"7",4.7,2.9
"Jiménez, Joe","641729","148","21.9",32.4,"111.5","88.5","92.8","85.2","422","211","386","49",33.1,"16",10.8,6.2
"Webb, Tyler","643778","148","15.4",33.1,"116","86.4","90.8","82.8","424","178","399","44",29.9,"8",5.4,3.6
"Diekman, Jake","518617","148","9.1",35.1,"108.3","88","93.1","85.7","423","152","417","47",31.8,"6",4.1,2.1
"Hirano, Yoshihisa","673633","147","11.4",32,"111.4","88.2","92.3","85.2","416","167","395","43",29.3,"8",5.4,3.4
"Martin, Chris","455119","146","8.2",32.9,"115.2","88.7","91.8","86.6","443","166","405","59",40.4,"13",8.9,6
"Givens, Mychal","571710","146","15",41.8,"115.5","88.9","94.2","83.4","458","193","402","58",39.7,"16",11,6.2
"Keller, Mitch","656605","145","10.9",33.8,"115.7","87.2","91.9","83","402","170","392","42",35.3,"8",5.5,3.5
"Burnes, Corbin","669203","145","10.5",35.9,"114.4","90","92.3","89.1","453","171","408","58",40.3,"17",11.7,7.2
"Wisler, Matt","605538","145","15.7",32.4,"112.6","88.3","92.8","85.4","423","192","396","50",34.5,"9",6.2,4
"Marshall, Evan","605359","144","10.2",24.3,"112.7","86.8","92","84.8","435","152","409","44",30.6,"8",5.6,3.8
"McKay, Brendan","656713","144","17.5",36.1,"109.7","91.2","93.4","91","414","199","383","64",44.4,"15",10.4,6.9
"Mayza, Tim","641835","144","6.4",34,"111","87.1","93.3","82.6","431","163","386","53",36.8,"10",6.9,4.4
"Magill, Matt","543483","143","13.7",42,"111.8","90.9","95","88.3","489","195","414","62",43.4,"13",9.1,5.7
"Oberg, Scott","623184","142","8",28.9,"114.7","88.2","92.9","86.2","439","150","412","52",36.6,"9",6.3,4
"Glasnow, Tyler","607192","140","10.5",28.6,"112.1","87.4","92.1","84.6","451","158","415","45",32.1,"8",5.7,3.5
"Moronta, Reyes","606625","140","17.8",29.3,"113.7","87.6","92.1","85.5","451","187","418","50",35.7,"9",6.4,3.7
"Smith, Will","519293","140","13.9",32.9,"108","89.6","91.4","89.1","467","172","406","55",39.3,"9",6.4,3.5
"Kelly, Joe","523260","139","0.7",25.9,"113.5","88.9","95.1","86.6","429","126","398","55",40.4,"7",5,3.1
"Duffey, Tyler","608648","139","14.5",36.7,"113.5","89.4","92.7","86.1","457","181","407","51",36.7,"11",7.9,4.6
"Kahnle, Tommy","592454","138","6.1",31.2,"113.2","88.4","92.4","85.2","425","151","401","49",36.3,"8",5.8,3.2
"Gott, Trevor","641627","138","13.3",32.6,"110.5","88.6","93","86.9","434","176","424","51",37,"9",6.5,4.2
"Holmes, Clay","605280","138","0.4",31.2,"109.2","88.6","94","85.5","422","134","408","53",39.3,"7",5.1,2.9
"Kittredge, Andrew","552640","138","6.3",31.2,"110.9","86.9","92.7","82.9","429","156","387","47",34.1,"7",5.1,3.3
"Kinley, Tyler","641755","138","14.8",37,"110.2","88","92.3","84.9","400","172","387","45",32.6,"6",4.3,2.7
"Fry, Jace","605240","137","5",29.2,"111.6","89.1","93.4","87.2","443","147","417","54",39.4,"8",5.8,3.2
"Feliz, Michael","593140","137","18.8",32.1,"110","87.7","90.4","86.4","415","181","395","45",32.8,"15",10.9,6.3
"Chafin, Andrew","605177","137","12.5",35.8,"113.1","87.9","92.2","85.9","421","164","403","50",36.8,"10",7.3,4.4
"Hand, Brad","543272","136","20.7",47.8,"114.1","88.2","92.1","83.7","427","206","411","52",38.2,"9",6.6,3.7
"Workman, Brandon","519443","135","9.5",31.9,"112","88.2","91.1","86.7","417","153","417","43",31.9,"1",0.7,0.3
"Barnes, Matt","598264","134","9.1",29.9,"111.6","89.5","91.8","88.7","432","164","385","45",34.1,"7",5.2,2.5
"Anderson, Nick","623433","134","19.6",41,"109.6","90.2","93.7","87.6","428","212","397","56",41.8,"12",9,4.5
"Rodney, Fernando","407845","133","9.2",30.8,"112.8","87.6","90.7","86.1","450","143","418","48",37.2,"10",7.5,4.8
"Davis, Wade","451584","133","14.9",39.8,"115.9","89.4","91.5","88.5","449","178","414","46",34.6,"10",7.5,4.9
"Guerrero, Tayron","594027","131","13.5",32.1,"114.1","90.2","93.8","88","422","178","395","53",40.5,"14",10.7,6.5
"Roe, Chaz","475054","131","12.3",35.1,"111.5","86.5","88.4","85.7","441","163","416","37",28.2,"5",3.8,2.2
"Miller, Andrew","453192","131","17",35.9,"110.6","88.5","91.9","87.4","411","189","391","43",33.1,"11",8.4,4.7
"Drake, Oliver","543118","129","7.9",27.1,"114.4","88.9","93.9","86","429","157","385","52",40.3,"9",7,4.1
"Díaz, Edwin","621242","129","16.2",40.3,"111.3","90.1","92.6","88","439","199","390","59",45.7,"13",10.1,5.1
"Vázquez, Felipe","553878","129","14.1",38,"112.4","87.2","89.9","86.8","467","174","410","48",37.5,"9",7,3.8
"Garrett, Amir","607237","129","5.1",24.8,"109","87.5","92","84.8","408","148","378","41",32.3,"5",3.9,2
"Hader, Josh","623352","127","26",33.1,"110","90.8","93.6","90.4","432","228","403","50",42,"16",12.6,5.5
"James, Josh","657624","127","16.9",33.9,"110.4","89.7","91.1","89.8","439","192","375","49",39.2,"6",4.7,2.3
"Pressly, Ryan","519151","126","6.8",31,"110.8","86.6","91.9","82.3","433","153","396","38",32.5,"8",6.3,3.8
"Anderson, Justin","605121","124","18.7",31.5,"109.8","88","92.9","85.5","432","187","396","42",34.4,"10",8.1,4.6
"Ponce de Leon, Daniel","594965","123","15.2",25.2,"109.1","88.3","90.9","88.6","422","165","406","35",28.5,"8",6.5,3.9
"Crick, Kyle","605195","123","14.4",25.2,"108.7","86.8","92.2","82.2","433","173","398","36",29.3,"8",6.5,3.5
"Chapman, Aroldis","547973","123","12.3",37.4,"111.2","86.9","90.5","84.8","397","157","377","36",30.3,"6",4.9,2.6
"Yates, Kirby","489446","122","11",30.3,"109.5","86.9","91.6","83.4","433","164","403","44",36.1,"5",4.1,2.1
"Ferguson, Caleb","657571","117","14.9",41.9,"111.5","87.3","90.5","84","443","190","403","39",33.3,"8",6.8,3.9
"Wingenter, Trey","622259","113","15.2",37.2,"112.8","88.7","91.4","88.3","418","183","407","41",36.3,"8",7.1,3.7
"Poche, Colin","621363","111","30.2",34.2,"107.8","89.5","93.2","86.6","416","239","392","42",37.8,"10",9,4.8
"Giles, Ken","571704","108","15.5",33.3,"113.7","88.2","94.2","82.7","446","180","404","38",35.2,"9",8.3,4.3
"Rainey, Tanner","663432","98","7.5",28.6,"112.2","90.7","95.3","88.8","425","155","397","43",43.9,"8",8.2,3.7