Inn,Score,Out,RoB,Pit(cnt),R/O,@Bat,Batter,Pitcher,wWPA,wWE,Play Description
"Top of the 1st, Indians Batting, Tied 0-0, Red Sox' Casey Fossum facing 1-2-3","Top of the 1st, Indians Batting, Tied 0-0, Red Sox' Casey Fossum facing 1-2-3","Top of the 1st, Indians Batting, Tied 0-0, Red Sox' Casey Fossum facing 1-2-3","Top of the 1st, Indians Batting, Tied 0-0, Red Sox' Casey Fossum facing 1-2-3","Top of the 1st, Indians Batting, Tied 0-0, Red Sox' Casey Fossum facing 1-2-3","Top of the 1st, Indians Batting, Tied 0-0, Red Sox' Casey Fossum facing 1-2-3","Top of the 1st, Indians Batting, Tied 0-0, Red Sox' Casey Fossum facing 1-2-3","Top of the 1st, Indians Batting, Tied 0-0, Red Sox' Casey Fossum facing 1-2-3","Top of the 1st, Indians Batting, Tied 0-0, Red Sox' Casey Fossum facing 1-2-3","Top of the 1st, Indians Batting, Tied 0-0, Red Sox' Casey Fossum facing 1-2-3","Top of the 1st, Indians Batting, Tied 0-0, Red Sox' Casey Fossum facing 1-2-3","Top of the 1st, Indians Batting, Tied 0-0, Red Sox' Casey Fossum facing 1-2-3"
t1,0-0,0,---,"6,(2-2) BCCBFX",O,CLE,Matt Lawton,Casey Fossum,-2%,48%,Groundout: 2B-1B
t1,0-0,1,---,"2,(0-1) CX",,CLE,Omar Vizquel,Casey Fossum,4%,52%,Double to LF (Fly Ball to Deep LF)
t1,0-0,1,-2-,"5,(3-1) BBCBB",,CLE,Ellis Burks,Casey Fossum,2%,54%,Walk
t1,0-0,1,12-,"1,(0-0) X",RR,CLE,Milton Bradley,Casey Fossum,15%,69%,Double to LF (Ground Ball thru LF Line); Vizquel Scores; Burks Scores
t1,2-0,1,-2-,"4,(2-1) BBCX",O,CLE,Shane Spencer,Casey Fossum,-2%,66%,Groundout: SS-1B; Bradley to 3B
t1,2-0,2,--3,"5,(2-2) BSBCS",O,CLE,Casey Blake,Casey Fossum,-3%,63%,Strikeout Swinging
,,,,,,,,,"2 runs, 2 hits, 0 errors, 1 LOB. Indians 2, Red Sox 0.","2 runs, 2 hits, 0 errors, 1 LOB. Indians 2, Red Sox 0.","2 runs, 2 hits, 0 errors, 1 LOB. Indians 2, Red Sox 0."
"Bottom of the 1st, Red Sox Batting, Behind 0-2, Indians' Jason Davis facing 1-2-3","Bottom of the 1st, Red Sox Batting, Behind 0-2, Indians' Jason Davis facing 1-2-3","Bottom of the 1st, Red Sox Batting, Behind 0-2, Indians' Jason Davis facing 1-2-3","Bottom of the 1st, Red Sox Batting, Behind 0-2, Indians' Jason Davis facing 1-2-3","Bottom of the 1st, Red Sox Batting, Behind 0-2, Indians' Jason Davis facing 1-2-3","Bottom of the 1st, Red Sox Batting, Behind 0-2, Indians' Jason Davis facing 1-2-3","Bottom of the 1st, Red Sox Batting, Behind 0-2, Indians' Jason Davis facing 1-2-3","Bottom of the 1st, Red Sox Batting, Behind 0-2, Indians' Jason Davis facing 1-2-3","Bottom of the 1st, Red Sox Batting, Behind 0-2, Indians' Jason Davis facing 1-2-3","Bottom of the 1st, Red Sox Batting, Behind 0-2, Indians' Jason Davis facing 1-2-3","Bottom of the 1st, Red Sox Batting, Behind 0-2, Indians' Jason Davis facing 1-2-3","Bottom of the 1st, Red Sox Batting, Behind 0-2, Indians' Jason Davis facing 1-2-3"
b1,0-2,0,---,"5,(1-2) CBFFX",O,BOS,Johnny Damon,Jason Davis,2%,66%,Lineout: 1B
b1,0-2,1,---,"2,(1-0) BX",,BOS,Todd Walker,Jason Davis,-3%,63%,Single to LF (Fly Ball)
b1,0-2,1,1--,"2,(0-1) FH",,BOS,Nomar Garciaparra,Jason Davis,-4%,60%,Hit By Pitch; Walker to 2B
b1,0-2,1,12-,"9,(3-2) CBCFBB>F>F>X",O,BOS,David Ortiz,Jason Davis,5%,64%,Flyball: RF (CF-RF)
b1,0-2,2,12-,"1,(0-0) X",R,BOS,Kevin Millar,Jason Davis,-10%,55%,Single to CF (Line Drive); Walker Scores; Garciaparra to 3B
b1,1-2,2,1-3,"7,(1-2) SFBFFFT",O,BOS,Trot Nixon,Jason Davis,5%,60%,Strikeout Swinging
,,,,,,,,,"1 run, 2 hits, 0 errors, 2 LOB. Indians 2, Red Sox 1.","1 run, 2 hits, 0 errors, 2 LOB. Indians 2, Red Sox 1.","1 run, 2 hits, 0 errors, 2 LOB. Indians 2, Red Sox 1."
"Top of the 2nd, Indians Batting, Ahead 2-1, Red Sox' Casey Fossum facing 7-8-9","Top of the 2nd, Indians Batting, Ahead 2-1, Red Sox' Casey Fossum facing 7-8-9","Top of the 2nd, Indians Batting, Ahead 2-1, Red Sox' Casey Fossum facing 7-8-9","Top of the 2nd, Indians Batting, Ahead 2-1, Red Sox' Casey Fossum facing 7-8-9","Top of the 2nd, Indians Batting, Ahead 2-1, Red Sox' Casey Fossum facing 7-8-9","Top of the 2nd, Indians Batting, Ahead 2-1, Red Sox' Casey Fossum facing 7-8-9","Top of the 2nd, Indians Batting, Ahead 2-1, Red Sox' Casey Fossum facing 7-8-9","Top of the 2nd, Indians Batting, Ahead 2-1, Red Sox' Casey Fossum facing 7-8-9","Top of the 2nd, Indians Batting, Ahead 2-1, Red Sox' Casey Fossum facing 7-8-9","Top of the 2nd, Indians Batting, Ahead 2-1, Red Sox' Casey Fossum facing 7-8-9","Top of the 2nd, Indians Batting, Ahead 2-1, Red Sox' Casey Fossum facing 7-8-9","Top of the 2nd, Indians Batting, Ahead 2-1, Red Sox' Casey Fossum facing 7-8-9"
t2,2-1,0,---,"3,(1-1) BFX",O,CLE,Ben Broussard,Casey Fossum,-2%,57%,Flyball: CF (Deep CF)
t2,2-1,1,---,"3,(0-2) CCS",O,CLE,Tim Laker,Casey Fossum,-2%,56%,Strikeout Swinging
t2,2-1,2,---,"5,(1-2) CCBFX",,CLE,John McDonald,Casey Fossum,1%,57%,Single to LF (Line Drive to Deep SS-3B Hole)
t2,2-1,2,1--,"2,(1-0) BX",O,CLE,Matt Lawton,Casey Fossum,-2%,55%,Groundout: 2B-1B
,,,,,,,,,"0 runs, 1 hit, 0 errors, 1 LOB. Indians 2, Red Sox 1.","0 runs, 1 hit, 0 errors, 1 LOB. Indians 2, Red Sox 1.","0 runs, 1 hit, 0 errors, 1 LOB. Indians 2, Red Sox 1."
"Bottom of the 2nd, Red Sox Batting, Behind 1-2, Indians' Jason Davis facing 7-8-9","Bottom of the 2nd, Red Sox Batting, Behind 1-2, Indians' Jason Davis facing 7-8-9","Bottom of the 2nd, Red Sox Batting, Behind 1-2, Indians' Jason Davis facing 7-8-9","Bottom of the 2nd, Red Sox Batting, Behind 1-2, Indians' Jason Davis facing 7-8-9","Bottom of the 2nd, Red Sox Batting, Behind 1-2, Indians' Jason Davis facing 7-8-9","Bottom of the 2nd, Red Sox Batting, Behind 1-2, Indians' Jason Davis facing 7-8-9","Bottom of the 2nd, Red Sox Batting, Behind 1-2, Indians' Jason Davis facing 7-8-9","Bottom of the 2nd, Red Sox Batting, Behind 1-2, Indians' Jason Davis facing 7-8-9","Bottom of the 2nd, Red Sox Batting, Behind 1-2, Indians' Jason Davis facing 7-8-9","Bottom of the 2nd, Red Sox Batting, Behind 1-2, Indians' Jason Davis facing 7-8-9","Bottom of the 2nd, Red Sox Batting, Behind 1-2, Indians' Jason Davis facing 7-8-9","Bottom of the 2nd, Red Sox Batting, Behind 1-2, Indians' Jason Davis facing 7-8-9"
b2,1-2,0,---,"2,(1-0) BX",O,BOS,Shea Hillenbrand,Jason Davis,3%,57%,Groundout: SS-1B
b2,1-2,1,---,"3,(2-0) BBX",O,BOS,Jeremy Giambi,Jason Davis,2%,59%,Flyball: CF (Short CF)
b2,1-2,2,---,"2,(1-0) BX",O,BOS,Doug Mirabelli,Jason Davis,1%,60%,Foul Popfly: C (Behind Home)
,,,,,,,,,"0 runs, 0 hits, 0 errors, 0 LOB. Indians 2, Red Sox 1.","0 runs, 0 hits, 0 errors, 0 LOB. Indians 2, Red Sox 1.","0 runs, 0 hits, 0 errors, 0 LOB. Indians 2, Red Sox 1."
"Top of the 3rd, Indians Batting, Ahead 2-1, Red Sox' Casey Fossum facing 2-3-4","Top of the 3rd, Indians Batting, Ahead 2-1, Red Sox' Casey Fossum facing 2-3-4","Top of the 3rd, Indians Batting, Ahead 2-1, Red Sox' Casey Fossum facing 2-3-4","Top of the 3rd, Indians Batting, Ahead 2-1, Red Sox' Casey Fossum facing 2-3-4","Top of the 3rd, Indians Batting, Ahead 2-1, Red Sox' Casey Fossum facing 2-3-4","Top of the 3rd, Indians Batting, Ahead 2-1, Red Sox' Casey Fossum facing 2-3-4","Top of the 3rd, Indians Batting, Ahead 2-1, Red Sox' Casey Fossum facing 2-3-4","Top of the 3rd, Indians Batting, Ahead 2-1, Red Sox' Casey Fossum facing 2-3-4","Top of the 3rd, Indians Batting, Ahead 2-1, Red Sox' Casey Fossum facing 2-3-4","Top of the 3rd, Indians Batting, Ahead 2-1, Red Sox' Casey Fossum facing 2-3-4","Top of the 3rd, Indians Batting, Ahead 2-1, Red Sox' Casey Fossum facing 2-3-4","Top of the 3rd, Indians Batting, Ahead 2-1, Red Sox' Casey Fossum facing 2-3-4"
t3,2-1,0,---,"5,(1-2) CCBFX",O,CLE,Omar Vizquel,Casey Fossum,-2%,58%,Flyball: RF
t3,2-1,1,---,"3,(1-1) CBX",,CLE,Ellis Burks,Casey Fossum,2%,61%,Single to LF (Ground Ball thru Deep SS-3B Hole)
t3,2-1,1,1--,"1,(0-0) X",R,CLE,Milton Bradley,Casey Fossum,11%,71%,Double to CF (Fly Ball to Deep LF-CF); Burks Scores
t3,3-1,1,-2-,"1,(0-0) >B",,CLE,Shane Spencer,Casey Fossum,2%,74%,Bradley Steals 3B
t3,3-1,1,--3,"9,(3-2) >B.SFFFF*BBX",RO,CLE,Shane Spencer,Casey Fossum,2%,75%,Flyball: CF/Sacrifice Fly; Bradley Scores
t3,4-1,2,---,"7,(3-2) CBBCFBS",O,CLE,Casey Blake,Casey Fossum,-1%,75%,Strikeout Swinging
,,,,,,,,,"2 runs, 2 hits, 0 errors, 0 LOB. Indians 4, Red Sox 1.","2 runs, 2 hits, 0 errors, 0 LOB. Indians 4, Red Sox 1.","2 runs, 2 hits, 0 errors, 0 LOB. Indians 4, Red Sox 1."
"Bottom of the 3rd, Red Sox Batting, Behind 1-4, Indians' Jason Davis facing 1-2-3","Bottom of the 3rd, Red Sox Batting, Behind 1-4, Indians' Jason Davis facing 1-2-3","Bottom of the 3rd, Red Sox Batting, Behind 1-4, Indians' Jason Davis facing 1-2-3","Bottom of the 3rd, Red Sox Batting, Behind 1-4, Indians' Jason Davis facing 1-2-3","Bottom of the 3rd, Red Sox Batting, Behind 1-4, Indians' Jason Davis facing 1-2-3","Bottom of the 3rd, Red Sox Batting, Behind 1-4, Indians' Jason Davis facing 1-2-3","Bottom of the 3rd, Red Sox Batting, Behind 1-4, Indians' Jason Davis facing 1-2-3","Bottom of the 3rd, Red Sox Batting, Behind 1-4, Indians' Jason Davis facing 1-2-3","Bottom of the 3rd, Red Sox Batting, Behind 1-4, Indians' Jason Davis facing 1-2-3","Bottom of the 3rd, Red Sox Batting, Behind 1-4, Indians' Jason Davis facing 1-2-3","Bottom of the 3rd, Red Sox Batting, Behind 1-4, Indians' Jason Davis facing 1-2-3","Bottom of the 3rd, Red Sox Batting, Behind 1-4, Indians' Jason Davis facing 1-2-3"
b3,1-4,0,---,"3,(1-1) BCX",,BOS,Johnny Damon,Jason Davis,-6%,69%,Double to RF (Ground Ball thru RF Line)
b3,1-4,0,-2-,"3,(1-1) BFX",O,BOS,Todd Walker,Jason Davis,4%,73%,Foul Popfly: C (Behind Home)
b3,1-4,1,-2-,"1,(0-0) X",O,BOS,Nomar Garciaparra,Jason Davis,4%,77%,Flyball: RF (Short RF)
b3,1-4,2,-2-,"4,(1-2) FSBX",O,BOS,David Ortiz,Jason Davis,3%,80%,Flyball: LF
,,,,,,,,,"0 runs, 1 hit, 0 errors, 1 LOB. Indians 4, Red Sox 1.","0 runs, 1 hit, 0 errors, 1 LOB. Indians 4, Red Sox 1.","0 runs, 1 hit, 0 errors, 1 LOB. Indians 4, Red Sox 1."
"Top of the 4th, Indians Batting, Ahead 4-1, Red Sox' Casey Fossum facing 7-8-9","Top of the 4th, Indians Batting, Ahead 4-1, Red Sox' Casey Fossum facing 7-8-9","Top of the 4th, Indians Batting, Ahead 4-1, Red Sox' Casey Fossum facing 7-8-9","Top of the 4th, Indians Batting, Ahead 4-1, Red Sox' Casey Fossum facing 7-8-9","Top of the 4th, Indians Batting, Ahead 4-1, Red Sox' Casey Fossum facing 7-8-9","Top of the 4th, Indians Batting, Ahead 4-1, Red Sox' Casey Fossum facing 7-8-9","Top of the 4th, Indians Batting, Ahead 4-1, Red Sox' Casey Fossum facing 7-8-9","Top of the 4th, Indians Batting, Ahead 4-1, Red Sox' Casey Fossum facing 7-8-9","Top of the 4th, Indians Batting, Ahead 4-1, Red Sox' Casey Fossum facing 7-8-9","Top of the 4th, Indians Batting, Ahead 4-1, Red Sox' Casey Fossum facing 7-8-9","Top of the 4th, Indians Batting, Ahead 4-1, Red Sox' Casey Fossum facing 7-8-9","Top of the 4th, Indians Batting, Ahead 4-1, Red Sox' Casey Fossum facing 7-8-9"
t4,4-1,0,---,"2,(1-0) BX",O,CLE,Ben Broussard,Casey Fossum,-1%,78%,Flyball: LF (LF Line)
t4,4-1,1,---,"1,(0-0) X",,CLE,Tim Laker,Casey Fossum,2%,80%,Single to 3B (Ground Ball)
t4,4-1,1,1--,"4,(1-2) B1FFX",O,CLE,John McDonald,Casey Fossum,-2%,78%,Groundout: 3B-2B/Forceout at 2B
t4,4-1,2,1--,"2,(0-1) 11FX",R,CLE,Matt Lawton,Casey Fossum,7%,85%,Double to CF (Fly Ball to Deep LF); McDonald Scores
t4,5-1,2,-2-,"4,(3-0) BBBB",,CLE,Omar Vizquel,Casey Fossum,0%,86%,Walk
t4,5-1,2,12-,"6,(2-2) CBSF*BX",O,CLE,Ellis Burks,Casey Fossum,-2%,84%,Groundout: 3B-1B
,,,,,,,,,"1 run, 2 hits, 0 errors, 2 LOB. Indians 5, Red Sox 1.","1 run, 2 hits, 0 errors, 2 LOB. Indians 5, Red Sox 1.","1 run, 2 hits, 0 errors, 2 LOB. Indians 5, Red Sox 1."
"Bottom of the 4th, Red Sox Batting, Behind 1-5, Indians' Jason Davis facing 5-6-7","Bottom of the 4th, Red Sox Batting, Behind 1-5, Indians' Jason Davis facing 5-6-7","Bottom of the 4th, Red Sox Batting, Behind 1-5, Indians' Jason Davis facing 5-6-7","Bottom of the 4th, Red Sox Batting, Behind 1-5, Indians' Jason Davis facing 5-6-7","Bottom of the 4th, Red Sox Batting, Behind 1-5, Indians' Jason Davis facing 5-6-7","Bottom of the 4th, Red Sox Batting, Behind 1-5, Indians' Jason Davis facing 5-6-7","Bottom of the 4th, Red Sox Batting, Behind 1-5, Indians' Jason Davis facing 5-6-7","Bottom of the 4th, Red Sox Batting, Behind 1-5, Indians' Jason Davis facing 5-6-7","Bottom of the 4th, Red Sox Batting, Behind 1-5, Indians' Jason Davis facing 5-6-7","Bottom of the 4th, Red Sox Batting, Behind 1-5, Indians' Jason Davis facing 5-6-7","Bottom of the 4th, Red Sox Batting, Behind 1-5, Indians' Jason Davis facing 5-6-7","Bottom of the 4th, Red Sox Batting, Behind 1-5, Indians' Jason Davis facing 5-6-7"
b4,1-5,0,---,"5,(2-2) CBBFX",O,BOS,Kevin Millar,Jason Davis,2%,86%,Groundout: SS-1B
b4,1-5,1,---,"5,(3-1) FBBBX",O,BOS,Trot Nixon,Jason Davis,1%,87%,Popfly: 3B
b4,1-5,2,---,"1,(0-0) X",O,BOS,Shea Hillenbrand,Jason Davis,1%,88%,Flyball: RF
,,,,,,,,,"0 runs, 0 hits, 0 errors, 0 LOB. Indians 5, Red Sox 1.","0 runs, 0 hits, 0 errors, 0 LOB. Indians 5, Red Sox 1.","0 runs, 0 hits, 0 errors, 0 LOB. Indians 5, Red Sox 1."
"Top of the 5th, Indians Batting, Ahead 5-1, Red Sox' Casey Fossum facing 4-5-6","Top of the 5th, Indians Batting, Ahead 5-1, Red Sox' Casey Fossum facing 4-5-6","Top of the 5th, Indians Batting, Ahead 5-1, Red Sox' Casey Fossum facing 4-5-6","Top of the 5th, Indians Batting, Ahead 5-1, Red Sox' Casey Fossum facing 4-5-6","Top of the 5th, Indians Batting, Ahead 5-1, Red Sox' Casey Fossum facing 4-5-6","Top of the 5th, Indians Batting, Ahead 5-1, Red Sox' Casey Fossum facing 4-5-6","Top of the 5th, Indians Batting, Ahead 5-1, Red Sox' Casey Fossum facing 4-5-6","Top of the 5th, Indians Batting, Ahead 5-1, Red Sox' Casey Fossum facing 4-5-6","Top of the 5th, Indians Batting, Ahead 5-1, Red Sox' Casey Fossum facing 4-5-6","Top of the 5th, Indians Batting, Ahead 5-1, Red Sox' Casey Fossum facing 4-5-6","Top of the 5th, Indians Batting, Ahead 5-1, Red Sox' Casey Fossum facing 4-5-6","Top of the 5th, Indians Batting, Ahead 5-1, Red Sox' Casey Fossum facing 4-5-6"
t5,5-1,0,---,"5,(3-1) BBFBX",O,CLE,Milton Bradley,Casey Fossum,-1%,87%,Flyball: CF (Deep CF)
t5,5-1,1,---,"1,(0-0) X",O,CLE,Shane Spencer,Casey Fossum,-1%,87%,Flyball: CF (Deep CF)
t5,5-1,2,---,"5,(3-1) CBBBX",,CLE,Casey Blake,Casey Fossum,1%,88%,Double to LF (Fly Ball to Deep LF)
t5,5-1,2,-2-,"7,(3-2) BBFBFFS",O,CLE,Ben Broussard,Casey Fossum,-2%,86%,Strikeout Swinging
,,,,,,,,,"0 runs, 1 hit, 0 errors, 1 LOB. Indians 5, Red Sox 1.","0 runs, 1 hit, 0 errors, 1 LOB. Indians 5, Red Sox 1.","0 runs, 1 hit, 0 errors, 1 LOB. Indians 5, Red Sox 1."
"Bottom of the 5th, Red Sox Batting, Behind 1-5, Indians' Jason Davis facing 8-9-1","Bottom of the 5th, Red Sox Batting, Behind 1-5, Indians' Jason Davis facing 8-9-1","Bottom of the 5th, Red Sox Batting, Behind 1-5, Indians' Jason Davis facing 8-9-1","Bottom of the 5th, Red Sox Batting, Behind 1-5, Indians' Jason Davis facing 8-9-1","Bottom of the 5th, Red Sox Batting, Behind 1-5, Indians' Jason Davis facing 8-9-1","Bottom of the 5th, Red Sox Batting, Behind 1-5, Indians' Jason Davis facing 8-9-1","Bottom of the 5th, Red Sox Batting, Behind 1-5, Indians' Jason Davis facing 8-9-1","Bottom of the 5th, Red Sox Batting, Behind 1-5, Indians' Jason Davis facing 8-9-1","Bottom of the 5th, Red Sox Batting, Behind 1-5, Indians' Jason Davis facing 8-9-1","Bottom of the 5th, Red Sox Batting, Behind 1-5, Indians' Jason Davis facing 8-9-1","Bottom of the 5th, Red Sox Batting, Behind 1-5, Indians' Jason Davis facing 8-9-1","Bottom of the 5th, Red Sox Batting, Behind 1-5, Indians' Jason Davis facing 8-9-1"
b5,1-5,0,---,"4,(1-2) CBCX",O,BOS,Jeremy Giambi,Jason Davis,2%,88%,Groundout: 2B-1B
b5,1-5,1,---,"3,(1-1) BCX",O,BOS,Doug Mirabelli,Jason Davis,1%,90%,Foul Popfly: C (Behind Home)
b5,1-5,2,---,"2,(1-0) BX",O,BOS,Johnny Damon,Jason Davis,1%,91%,Groundout: 3B-1B
,,,,,,,,,"0 runs, 0 hits, 0 errors, 0 LOB. Indians 5, Red Sox 1.","0 runs, 0 hits, 0 errors, 0 LOB. Indians 5, Red Sox 1.","0 runs, 0 hits, 0 errors, 0 LOB. Indians 5, Red Sox 1."
"Top of the 6th, Indians Batting, Ahead 5-1, Red Sox' Rudy Seanez facing 8-9-1","Top of the 6th, Indians Batting, Ahead 5-1, Red Sox' Rudy Seanez facing 8-9-1","Top of the 6th, Indians Batting, Ahead 5-1, Red Sox' Rudy Seanez facing 8-9-1","Top of the 6th, Indians Batting, Ahead 5-1, Red Sox' Rudy Seanez facing 8-9-1","Top of the 6th, Indians Batting, Ahead 5-1, Red Sox' Rudy Seanez facing 8-9-1","Top of the 6th, Indians Batting, Ahead 5-1, Red Sox' Rudy Seanez facing 8-9-1","Top of the 6th, Indians Batting, Ahead 5-1, Red Sox' Rudy Seanez facing 8-9-1","Top of the 6th, Indians Batting, Ahead 5-1, Red Sox' Rudy Seanez facing 8-9-1","Top of the 6th, Indians Batting, Ahead 5-1, Red Sox' Rudy Seanez facing 8-9-1","Top of the 6th, Indians Batting, Ahead 5-1, Red Sox' Rudy Seanez facing 8-9-1","Top of the 6th, Indians Batting, Ahead 5-1, Red Sox' Rudy Seanez facing 8-9-1","Top of the 6th, Indians Batting, Ahead 5-1, Red Sox' Rudy Seanez facing 8-9-1"
,,,,,,,,,Rudy Seanez replaces Casey Fossum pitching,Rudy Seanez replaces Casey Fossum pitching,Rudy Seanez replaces Casey Fossum pitching
t6,5-1,0,---,"3,(2-0) .BBX",O,CLE,Tim Laker,Rudy Seanez,-1%,90%,Groundout: 3B-1B
t6,5-1,1,---,"1,(0-0) X",O,CLE,John McDonald,Rudy Seanez,-1%,89%,Flyball: RF
t6,5-1,2,---,"6,(3-2) SBCBBS",O,CLE,Matt Lawton,Rudy Seanez,0%,89%,Strikeout Swinging
,,,,,,,,,"0 runs, 0 hits, 0 errors, 0 LOB. Indians 5, Red Sox 1.","0 runs, 0 hits, 0 errors, 0 LOB. Indians 5, Red Sox 1.","0 runs, 0 hits, 0 errors, 0 LOB. Indians 5, Red Sox 1."
"Bottom of the 6th, Red Sox Batting, Behind 1-5, Indians' Jason Davis facing 2-3-4","Bottom of the 6th, Red Sox Batting, Behind 1-5, Indians' Jason Davis facing 2-3-4","Bottom of the 6th, Red Sox Batting, Behind 1-5, Indians' Jason Davis facing 2-3-4","Bottom of the 6th, Red Sox Batting, Behind 1-5, Indians' Jason Davis facing 2-3-4","Bottom of the 6th, Red Sox Batting, Behind 1-5, Indians' Jason Davis facing 2-3-4","Bottom of the 6th, Red Sox Batting, Behind 1-5, Indians' Jason Davis facing 2-3-4","Bottom of the 6th, Red Sox Batting, Behind 1-5, Indians' Jason Davis facing 2-3-4","Bottom of the 6th, Red Sox Batting, Behind 1-5, Indians' Jason Davis facing 2-3-4","Bottom of the 6th, Red Sox Batting, Behind 1-5, Indians' Jason Davis facing 2-3-4","Bottom of the 6th, Red Sox Batting, Behind 1-5, Indians' Jason Davis facing 2-3-4","Bottom of the 6th, Red Sox Batting, Behind 1-5, Indians' Jason Davis facing 2-3-4","Bottom of the 6th, Red Sox Batting, Behind 1-5, Indians' Jason Davis facing 2-3-4"
b6,1-5,0,---,"3,(1-1) CBX",O,BOS,Todd Walker,Jason Davis,2%,91%,Flyball: LF
b6,1-5,1,---,"5,(1-2) SBCFS",O,BOS,Nomar Garciaparra,Jason Davis,1%,92%,Strikeout Swinging
b6,1-5,2,---,"1,(0-0) X",O,BOS,David Ortiz,Jason Davis,1%,93%,Flyball: LF
,,,,,,,,,"0 runs, 0 hits, 0 errors, 0 LOB. Indians 5, Red Sox 1.","0 runs, 0 hits, 0 errors, 0 LOB. Indians 5, Red Sox 1.","0 runs, 0 hits, 0 errors, 0 LOB. Indians 5, Red Sox 1."
"Top of the 7th, Indians Batting, Ahead 5-1, Red Sox' Rudy Seanez facing 2-3-4","Top of the 7th, Indians Batting, Ahead 5-1, Red Sox' Rudy Seanez facing 2-3-4","Top of the 7th, Indians Batting, Ahead 5-1, Red Sox' Rudy Seanez facing 2-3-4","Top of the 7th, Indians Batting, Ahead 5-1, Red Sox' Rudy Seanez facing 2-3-4","Top of the 7th, Indians Batting, Ahead 5-1, Red Sox' Rudy Seanez facing 2-3-4","Top of the 7th, Indians Batting, Ahead 5-1, Red Sox' Rudy Seanez facing 2-3-4","Top of the 7th, Indians Batting, Ahead 5-1, Red Sox' Rudy Seanez facing 2-3-4","Top of the 7th, Indians Batting, Ahead 5-1, Red Sox' Rudy Seanez facing 2-3-4","Top of the 7th, Indians Batting, Ahead 5-1, Red Sox' Rudy Seanez facing 2-3-4","Top of the 7th, Indians Batting, Ahead 5-1, Red Sox' Rudy Seanez facing 2-3-4","Top of the 7th, Indians Batting, Ahead 5-1, Red Sox' Rudy Seanez facing 2-3-4","Top of the 7th, Indians Batting, Ahead 5-1, Red Sox' Rudy Seanez facing 2-3-4"
t7,5-1,0,---,"4,(2-1) BBCX",O,CLE,Omar Vizquel,Rudy Seanez,-1%,93%,Flyball: CF
,,,,,,,,,Bill Selby pinch hits for Ellis Burks (DH) batting 3rd,Bill Selby pinch hits for Ellis Burks (DH) batting 3rd,Bill Selby pinch hits for Ellis Burks (DH) batting 3rd
t7,5-1,1,---,"2,(1-0) .BX",,CLE,Bill Selby,Rudy Seanez,1%,93%,Single to CF (Line Drive)
t7,5-1,1,1--,"6,(3-2) 1BBBC1C>X",,CLE,Milton Bradley,Rudy Seanez,2%,95%,Single to CF (Line Drive to Short CF); Selby to 3B
t7,5-1,1,1-3,"3,(1-1) 1S1B1X",RO,CLE,Shane Spencer,Rudy Seanez,1%,96%,Flyball: LF/Sacrifice Fly; Selby Scores; Bradley to 2B/Adv on throw
t7,6-1,2,-2-,"5,(2-2) CBS*BX",O,CLE,Casey Blake,Rudy Seanez,-1%,95%,Groundout: 3B-1B
,,,,,,,,,"1 run, 2 hits, 0 errors, 1 LOB. Indians 6, Red Sox 1.","1 run, 2 hits, 0 errors, 1 LOB. Indians 6, Red Sox 1.","1 run, 2 hits, 0 errors, 1 LOB. Indians 6, Red Sox 1."
"Bottom of the 7th, Red Sox Batting, Behind 1-6, Indians' Jason Davis facing 5-6-7","Bottom of the 7th, Red Sox Batting, Behind 1-6, Indians' Jason Davis facing 5-6-7","Bottom of the 7th, Red Sox Batting, Behind 1-6, Indians' Jason Davis facing 5-6-7","Bottom of the 7th, Red Sox Batting, Behind 1-6, Indians' Jason Davis facing 5-6-7","Bottom of the 7th, Red Sox Batting, Behind 1-6, Indians' Jason Davis facing 5-6-7","Bottom of the 7th, Red Sox Batting, Behind 1-6, Indians' Jason Davis facing 5-6-7","Bottom of the 7th, Red Sox Batting, Behind 1-6, Indians' Jason Davis facing 5-6-7","Bottom of the 7th, Red Sox Batting, Behind 1-6, Indians' Jason Davis facing 5-6-7","Bottom of the 7th, Red Sox Batting, Behind 1-6, Indians' Jason Davis facing 5-6-7","Bottom of the 7th, Red Sox Batting, Behind 1-6, Indians' Jason Davis facing 5-6-7","Bottom of the 7th, Red Sox Batting, Behind 1-6, Indians' Jason Davis facing 5-6-7","Bottom of the 7th, Red Sox Batting, Behind 1-6, Indians' Jason Davis facing 5-6-7"
b7,1-6,0,---,"3,(1-1) BFX",O,BOS,Kevin Millar,Jason Davis,1%,97%,Groundout: SS-1B
b7,1-6,1,---,"2,(0-1) CX",O,BOS,Trot Nixon,Jason Davis,1%,97%,Flyball: LF
b7,1-6,2,---,"3,(0-2) CCS",O,BOS,Shea Hillenbrand,Jason Davis,0%,98%,Strikeout Swinging
,,,,,,,,,"0 runs, 0 hits, 0 errors, 0 LOB. Indians 6, Red Sox 1.","0 runs, 0 hits, 0 errors, 0 LOB. Indians 6, Red Sox 1.","0 runs, 0 hits, 0 errors, 0 LOB. Indians 6, Red Sox 1."
"Top of the 8th, Indians Batting, Ahead 6-1, Red Sox' Alan Embree facing 7-8-9","Top of the 8th, Indians Batting, Ahead 6-1, Red Sox' Alan Embree facing 7-8-9","Top of the 8th, Indians Batting, Ahead 6-1, Red Sox' Alan Embree facing 7-8-9","Top of the 8th, Indians Batting, Ahead 6-1, Red Sox' Alan Embree facing 7-8-9","Top of the 8th, Indians Batting, Ahead 6-1, Red Sox' Alan Embree facing 7-8-9","Top of the 8th, Indians Batting, Ahead 6-1, Red Sox' Alan Embree facing 7-8-9","Top of the 8th, Indians Batting, Ahead 6-1, Red Sox' Alan Embree facing 7-8-9","Top of the 8th, Indians Batting, Ahead 6-1, Red Sox' Alan Embree facing 7-8-9","Top of the 8th, Indians Batting, Ahead 6-1, Red Sox' Alan Embree facing 7-8-9","Top of the 8th, Indians Batting, Ahead 6-1, Red Sox' Alan Embree facing 7-8-9","Top of the 8th, Indians Batting, Ahead 6-1, Red Sox' Alan Embree facing 7-8-9","Top of the 8th, Indians Batting, Ahead 6-1, Red Sox' Alan Embree facing 7-8-9"
,,,,,,,,,Alan Embree replaces Rudy Seanez pitching,Alan Embree replaces Rudy Seanez pitching,Alan Embree replaces Rudy Seanez pitching
t8,6-1,0,---,"5,(2-2) .FBCBS",O,CLE,Ben Broussard,Alan Embree,0%,98%,Strikeout Swinging
t8,6-1,1,---,"5,(3-1) BBBCX",O,CLE,Tim Laker,Alan Embree,0%,97%,Flyball: CF
t8,6-1,2,---,"6,(3-2) BBBCFX",O,CLE,John McDonald,Alan Embree,0%,97%,Flyball: RF
,,,,,,,,,"0 runs, 0 hits, 0 errors, 0 LOB. Indians 6, Red Sox 1.","0 runs, 0 hits, 0 errors, 0 LOB. Indians 6, Red Sox 1.","0 runs, 0 hits, 0 errors, 0 LOB. Indians 6, Red Sox 1."
"Bottom of the 8th, Red Sox Batting, Behind 1-6, Indians' Jason Davis facing 8-9-1","Bottom of the 8th, Red Sox Batting, Behind 1-6, Indians' Jason Davis facing 8-9-1","Bottom of the 8th, Red Sox Batting, Behind 1-6, Indians' Jason Davis facing 8-9-1","Bottom of the 8th, Red Sox Batting, Behind 1-6, Indians' Jason Davis facing 8-9-1","Bottom of the 8th, Red Sox Batting, Behind 1-6, Indians' Jason Davis facing 8-9-1","Bottom of the 8th, Red Sox Batting, Behind 1-6, Indians' Jason Davis facing 8-9-1","Bottom of the 8th, Red Sox Batting, Behind 1-6, Indians' Jason Davis facing 8-9-1","Bottom of the 8th, Red Sox Batting, Behind 1-6, Indians' Jason Davis facing 8-9-1","Bottom of the 8th, Red Sox Batting, Behind 1-6, Indians' Jason Davis facing 8-9-1","Bottom of the 8th, Red Sox Batting, Behind 1-6, Indians' Jason Davis facing 8-9-1","Bottom of the 8th, Red Sox Batting, Behind 1-6, Indians' Jason Davis facing 8-9-1","Bottom of the 8th, Red Sox Batting, Behind 1-6, Indians' Jason Davis facing 8-9-1"
b8,1-6,0,---,"1,(0-0) X",O,BOS,Jeremy Giambi,Jason Davis,1%,98%,Flyball: LF
,,,,,,,,,Bill Mueller pinch hits for Doug Mirabelli (C) batting 9th,Bill Mueller pinch hits for Doug Mirabelli (C) batting 9th,Bill Mueller pinch hits for Doug Mirabelli (C) batting 9th
b8,1-6,1,---,"4,(1-2) .CFBS",O,BOS,Bill Mueller,Jason Davis,1%,99%,Strikeout Swinging
b8,1-6,2,---,"6,(2-2) BBCFFX",,BOS,Johnny Damon,Jason Davis,0%,99%,Single to CF (Line Drive)
b8,1-6,2,1--,"2,(1-0) BX",,BOS,Todd Walker,Jason Davis,-1%,97%,Ground-rule Double (Fly Ball); Damon to 3B
b8,1-6,2,-23,"1,(0-0) X",RR,BOS,Nomar Garciaparra,Jason Davis,-4%,93%,Double to LF (Line Drive); Damon Scores; Walker Scores
,,,,,,,,,Billy Traber replaces Jason Davis pitchingManny Ramirez pinch hits for David Ortiz (1B) batting 4th,Billy Traber replaces Jason Davis pitchingManny Ramirez pinch hits for David Ortiz (1B) batting 4th,Billy Traber replaces Jason Davis pitchingManny Ramirez pinch hits for David Ortiz (1B) batting 4th
b8,3-6,2,-2-,"4,(3-0) ..BBBB",,BOS,Manny Ramirez,Billy Traber,-2%,91%,Walk
,,,,,,,,,David Riske replaces Billy Traber pitching,David Riske replaces Billy Traber pitching,David Riske replaces Billy Traber pitching
b8,3-6,2,12-,"6,(1-2) .BCFFFX",R,BOS,Kevin Millar,David Riske,-12%,78%,Single to RF (Fly Ball to Short RF); Garciaparra Scores; Ramirez to 3B; Millar to 2B/Adv on throw
,,,,,,,,,Damian Jackson pinch runs for Kevin Millar (LF) batting 5th,Damian Jackson pinch runs for Kevin Millar (LF) batting 5th,Damian Jackson pinch runs for Kevin Millar (LF) batting 5th
b8,4-6,2,-23,"5,(1-2) .BS+2SFC",O,BOS,Trot Nixon,David Riske,13%,92%,Strikeout Looking
,,,,,,,,,"3 runs, 4 hits, 0 errors, 2 LOB. Indians 6, Red Sox 4.","3 runs, 4 hits, 0 errors, 2 LOB. Indians 6, Red Sox 4.","3 runs, 4 hits, 0 errors, 2 LOB. Indians 6, Red Sox 4."
"Top of the 9th, Indians Batting, Ahead 6-4, Red Sox' Brandon Lyon facing 1-2-3","Top of the 9th, Indians Batting, Ahead 6-4, Red Sox' Brandon Lyon facing 1-2-3","Top of the 9th, Indians Batting, Ahead 6-4, Red Sox' Brandon Lyon facing 1-2-3","Top of the 9th, Indians Batting, Ahead 6-4, Red Sox' Brandon Lyon facing 1-2-3","Top of the 9th, Indians Batting, Ahead 6-4, Red Sox' Brandon Lyon facing 1-2-3","Top of the 9th, Indians Batting, Ahead 6-4, Red Sox' Brandon Lyon facing 1-2-3","Top of the 9th, Indians Batting, Ahead 6-4, Red Sox' Brandon Lyon facing 1-2-3","Top of the 9th, Indians Batting, Ahead 6-4, Red Sox' Brandon Lyon facing 1-2-3","Top of the 9th, Indians Batting, Ahead 6-4, Red Sox' Brandon Lyon facing 1-2-3","Top of the 9th, Indians Batting, Ahead 6-4, Red Sox' Brandon Lyon facing 1-2-3","Top of the 9th, Indians Batting, Ahead 6-4, Red Sox' Brandon Lyon facing 1-2-3","Top of the 9th, Indians Batting, Ahead 6-4, Red Sox' Brandon Lyon facing 1-2-3"
,,,,,,,,,Brandon Lyon replaces Alan Embree pitchingJason Varitek replaces Damian Jackson (PR) playing C batting 5thShea Hillenbrand moves from 3B to 1B Bill Mueller moves from PH to 3B Manny Ramirez moves from PH to LF,Brandon Lyon replaces Alan Embree pitchingJason Varitek replaces Damian Jackson (PR) playing C batting 5thShea Hillenbrand moves from 3B to 1B Bill Mueller moves from PH to 3B Manny Ramirez moves from PH to LF,Brandon Lyon replaces Alan Embree pitchingJason Varitek replaces Damian Jackson (PR) playing C batting 5thShea Hillenbrand moves from 3B to 1B Bill Mueller moves from PH to 3B Manny Ramirez moves from PH to LF
t9,6-4,0,---,"1,(0-0) .....X",O,CLE,Matt Lawton,Brandon Lyon,-1%,91%,Groundout: 1B unassisted
t9,6-4,1,---,"4,(3-0) BBBB",,CLE,Omar Vizquel,Brandon Lyon,1%,92%,Walk
t9,6-4,1,1--,"3,(0-2) CFS",O,CLE,Bill Selby,Brandon Lyon,-1%,90%,Strikeout Swinging
t9,6-4,2,1--,"4,(2-1) 1BBFX",O,CLE,Milton Bradley,Brandon Lyon,-1%,89%,Flyball: CF (Deep LF-CF)
,,,,,,,,,"0 runs, 0 hits, 0 errors, 1 LOB. Indians 6, Red Sox 4.","0 runs, 0 hits, 0 errors, 1 LOB. Indians 6, Red Sox 4.","0 runs, 0 hits, 0 errors, 1 LOB. Indians 6, Red Sox 4."
"Bottom of the 9th, Red Sox Batting, Behind 4-6, Indians' Danys Báez facing 7-8-9","Bottom of the 9th, Red Sox Batting, Behind 4-6, Indians' Danys Báez facing 7-8-9","Bottom of the 9th, Red Sox Batting, Behind 4-6, Indians' Danys Báez facing 7-8-9","Bottom of the 9th, Red Sox Batting, Behind 4-6, Indians' Danys Báez facing 7-8-9","Bottom of the 9th, Red Sox Batting, Behind 4-6, Indians' Danys Báez facing 7-8-9","Bottom of the 9th, Red Sox Batting, Behind 4-6, Indians' Danys Báez facing 7-8-9","Bottom of the 9th, Red Sox Batting, Behind 4-6, Indians' Danys Báez facing 7-8-9","Bottom of the 9th, Red Sox Batting, Behind 4-6, Indians' Danys Báez facing 7-8-9","Bottom of the 9th, Red Sox Batting, Behind 4-6, Indians' Danys Báez facing 7-8-9","Bottom of the 9th, Red Sox Batting, Behind 4-6, Indians' Danys Báez facing 7-8-9","Bottom of the 9th, Red Sox Batting, Behind 4-6, Indians' Danys Báez facing 7-8-9","Bottom of the 9th, Red Sox Batting, Behind 4-6, Indians' Danys Báez facing 7-8-9"
,,,,,,,,,Danys Báez replaces David Riske pitchingShane Spencer moves from RF to LF Jody Gerut replaces Matt Lawton (LF) playing RF batting 1st,Danys Báez replaces David Riske pitchingShane Spencer moves from RF to LF Jody Gerut replaces Matt Lawton (LF) playing RF batting 1st,Danys Báez replaces David Riske pitchingShane Spencer moves from RF to LF Jody Gerut replaces Matt Lawton (LF) playing RF batting 1st
b9,4-6,0,---,"3,(1-1) ...BSX",O,BOS,Shea Hillenbrand,Danys Báez,5%,95%,Flyball: RF (RF Line)
b9,4-6,1,---,"5,(2-2) CBSBX",O,BOS,Jeremy Giambi,Danys Báez,4%,98%,Groundout: 2B-1B
b9,4-6,2,---,"6,(3-2) CBBSBB",,BOS,Bill Mueller,Danys Báez,-3%,95%,Walk
b9,4-6,2,1--,"2,(1-0) B>B",,BOS,Johnny Damon,Danys Báez,0%,95%,Defensive Indifference; Mueller to 2B
b9,4-6,2,-2-,"5,(3-1) B>B.CBX",O,BOS,Johnny Damon,Danys Báez,5%,100%,Flyball: RF
,,,,,,,,,"0 runs, 0 hits, 0 errors, 1 LOB. Indians 6, Red Sox 4.","0 runs, 0 hits, 0 errors, 1 LOB. Indians 6, Red Sox 4.","0 runs, 0 hits, 0 errors, 1 LOB. Indians 6, Red Sox 4."
