Player,Team,Age,G,GS,CG,SHO,IP,H,ER,K,BB,HR,W,L,SV,BS,HLD,ERA,WHIP
Justin Verlander,HOU,40,34,34,2,1,223,137,64,300,42,36,21,6,0,0,0,2.58,0.8
Shane Bieber,CLE,28,34,33,3,2,214.1,186,78,259,40,31,15,8,0,0,0,3.28,1.05
Gerrit Cole,HOU,33,33,33,0,0,212.1,142,59,326,48,29,20,5,0,0,0,2.5,0.89
Stephen Strasburg,WAS,35,33,33,0,0,209,161,77,251,56,24,18,6,0,0,0,3.32,1.04
Mike Minor,TEX,35,32,32,2,1,208.1,190,83,200,68,30,14,10,0,0,0,3.59,1.24
Lance Lynn,TEX,36,33,33,0,0,208.1,195,85,246,59,21,16,11,0,0,0,3.67,1.22
Madison Bumgarner,SF,34,34,34,0,0,207.2,191,90,203,43,30,9,9,0,0,0,3.9,1.13
Jacob deGrom,NYM,35,32,32,0,0,204,154,55,255,44,19,11,8,0,0,0,2.43,0.97
Eduardo Rodriguez,BOS,30,34,34,0,0,203.1,195,86,213,75,24,19,6,0,0,0,3.81,1.33
Marco Gonzales,SEA,31,34,34,0,0,203,210,90,147,56,23,16,13,0,0,0,3.99,1.31
Aaron Nola,PHI,30,34,34,0,0,202.1,176,87,229,80,27,12,7,0,0,0,3.87,1.27
Patrick Corbin,WAS,34,33,33,1,1,202,169,73,238,70,24,14,7,0,0,0,3.25,1.18
Jose Berrios,MIN,29,32,32,1,0,200.1,194,82,195,51,26,14,8,0,0,0,3.68,1.22
Noah Syndergaard,NYM,31,32,32,1,1,197.2,194,94,202,50,24,10,8,0,0,0,4.28,1.23
Sandy Alcantara,MIA,28,32,32,2,2,197.1,179,85,151,81,23,6,14,0,0,0,3.88,1.32
Jack Flaherty,STL,28,33,33,0,0,196.1,135,60,231,55,25,11,8,0,0,0,2.75,0.97
Zack Wheeler,NYM,33,31,31,0,0,195.1,196,86,195,50,22,11,8,0,0,0,3.96,1.26
Charlie Morton,TB,40,33,33,0,0,194.2,154,66,240,57,15,16,6,0,0,0,3.05,1.08
Luis Castillo,CIN,30,32,32,0,0,190.2,139,72,226,79,22,15,8,0,0,0,3.4,1.14
Ivan Nova,CWS,36,34,34,2,0,187,225,98,114,47,30,11,12,0,0,0,4.72,1.45
Matt Boyd,DET,32,32,32,0,0,185.1,178,94,238,50,39,9,12,0,0,0,4.56,1.23
Michael Fiers,OAK,38,33,33,1,1,184.2,166,80,126,53,30,15,4,0,0,0,3.9,1.19
Miles Mikolas,STL,35,32,32,1,1,184,193,85,144,32,27,9,14,0,0,0,4.16,1.22
Reynaldo Lopez,CWS,29,33,33,1,0,184,203,110,169,65,35,10,15,0,0,0,5.38,1.46
Merrill Kelly,ARI,35,32,32,0,0,183.1,184,90,158,57,29,13,14,0,0,0,4.42,1.31
Hyun Jin Ryu,LAD,36,29,29,1,1,182.2,160,47,163,24,17,14,5,0,0,0,2.32,1.01
Walker Buehler,LAD,29,30,30,2,0,182.1,153,66,215,37,20,14,4,0,0,0,3.26,1.04
Masahiro Tanaka,NYY,35,32,31,1,1,182,186,90,149,40,28,11,9,0,0,0,4.45,1.24
Jeff Samardzija,SF,38,32,32,0,0,181.1,152,71,140,49,28,11,12,0,0,0,3.52,1.11
Yu Darvish,CHC,37,31,31,0,0,178.2,140,79,229,56,33,6,8,0,0,0,3.98,1.1
Clayton Kershaw,LAD,35,29,28,0,0,178.1,145,60,189,41,28,16,5,0,0,0,3.03,1.04
Kyle Hendricks,CHC,33,30,30,1,1,177,168,68,150,32,19,11,10,0,0,0,3.46,1.13
Lucas Giolito,CWS,29,29,29,3,2,176.2,131,67,228,57,24,14,9,0,0,0,3.41,1.06
Brett Anderson,OAK,35,31,31,0,0,176,181,76,90,49,20,13,9,0,0,0,3.89,1.31
Sonny Gray,CIN,34,31,31,0,0,175.1,122,56,205,68,17,11,8,0,0,0,2.87,1.08
Jakob Junis,KC,31,31,31,0,0,175.1,192,102,164,58,31,9,14,0,0,0,5.24,1.43
Dakota Hudson,STL,29,33,32,0,0,174.2,160,65,136,86,22,16,7,1,0,0,3.35,1.41
Julio Teheran,ATL,32,33,33,0,0,174.2,148,74,162,83,22,10,11,0,0,0,3.81,1.32
Mike Soroka,ATL,26,29,29,0,0,174.2,153,52,142,41,14,13,4,0,0,0,2.68,1.11
Rick Porcello,BOS,34,32,32,0,0,174.1,198,107,143,45,31,14,12,0,0,0,5.52,1.39
Robbie Ray,ARI,32,33,33,0,0,174.1,150,84,235,84,30,12,8,0,0,0,4.34,1.34
German Marquez,COL,28,28,28,1,1,174,174,92,175,35,29,12,5,0,0,0,4.76,1.2
Max Scherzer,WAS,39,27,27,0,0,172.1,144,56,243,33,18,11,7,0,0,0,2.92,1.03
Adam Wainwright,STL,42,31,31,0,0,171.2,181,80,153,64,22,14,10,0,0,0,4.19,1.43
Jon Lester,CHC,39,31,31,0,0,171.2,205,85,165,52,26,13,10,0,0,0,4.46,1.5
Jose Quintana,CHC,34,32,31,0,0,171,191,89,152,46,20,13,9,0,0,0,4.68,1.39
Joe Musgrove,PIT,30,32,31,0,0,170.1,168,84,157,39,21,11,12,0,0,1,4.44,1.22
Wade Miley,HOU,37,33,33,0,0,167.1,164,74,140,61,23,14,6,0,0,0,3.98,1.34
Anthony DeSclafani,CIN,33,31,31,0,0,166.2,151,72,167,49,29,9,9,0,0,0,3.89,1.2
Anibal Sanchez,WAS,39,30,30,0,0,166,153,71,134,58,22,11,8,0,0,0,3.85,1.27
Max Fried,ATL,29,33,30,1,0,165.2,174,74,173,47,21,17,6,0,0,0,4.02,1.33
Martin Perez,MIN,32,32,29,0,0,165.1,184,94,135,67,23,10,7,0,0,0,5.12,1.52
Brad Keller,KC,28,28,28,0,0,165.1,154,77,122,70,15,7,14,0,0,0,4.19,1.35
Joey Lucchesi,SD,30,30,30,0,0,163.2,144,76,158,56,23,10,10,0,0,0,4.18,1.22
Zach Eflin,PHI,29,32,28,2,1,163.1,172,75,129,48,28,10,13,0,0,0,4.13,1.35
Yusei Kikuchi,SEA,32,32,32,1,1,161.2,195,98,116,50,36,6,11,0,0,0,5.46,1.52
Dylan Bundy,BAL,31,30,30,0,0,161.2,161,86,162,58,29,7,14,0,0,0,4.79,1.35
J.A. Happ,NYY,41,31,30,0,0,161.1,160,88,140,49,34,12,8,0,0,0,4.91,1.3
Steven Matz,NYM,32,32,30,1,1,160.1,163,75,153,52,27,11,10,0,0,1,4.21,1.34
Kyle Gibson,MIN,36,34,29,0,0,160,175,86,160,56,23,13,7,0,1,2,4.84,1.44
Zach Davies,MIL,30,31,31,0,0,159.2,155,63,102,51,20,10,7,0,0,0,3.55,1.29
Jake Odorizzi,MIN,33,30,30,0,0,159,139,62,178,53,16,15,7,0,0,0,3.51,1.21
Trevor Bauer,CLE,32,24,24,1,1,156.2,127,66,185,63,22,9,8,0,0,0,3.79,1.21
John Means,BAL,30,31,27,0,0,155,138,62,121,38,23,12,11,0,0,0,3.6,1.14
Trent Thornton,TOR,30,32,29,0,0,154.1,156,83,149,61,24,6,9,0,0,0,4.84,1.41
Kenta Maeda,LAD,35,37,26,0,0,153.2,114,69,169,51,22,10,8,3,0,4,4.04,1.07
Caleb Smith,MIA,32,28,28,0,0,153.1,128,77,168,60,33,10,11,0,0,0,4.52,1.23
James Paxton,NYY,35,29,29,0,0,150.2,138,64,186,55,23,15,6,0,0,0,3.82,1.28
Jon Gray,COL,32,26,25,0,0,150,147,64,150,56,19,11,8,0,0,0,3.84,1.35
Eric Lauer,SD,28,30,29,0,0,149.2,158,74,138,51,20,8,10,0,0,0,4.45,1.4
Spencer Turnbull,DET,31,30,30,0,0,148.1,154,76,146,59,14,3,17,0,0,0,4.61,1.44
Chris Sale,BOS,34,25,25,1,1,147.1,123,72,218,37,24,6,11,0,0,0,4.4,1.09
Michael Pineda,MIN,34,26,26,0,0,146,141,65,140,28,23,11,5,0,0,0,4.01,1.16
Zack Greinke,ARI,40,23,23,0,0,146,117,47,135,21,15,10,4,0,0,0,2.9,0.95
Trevor Williams,PIT,31,26,26,0,0,145.2,162,87,113,44,27,7,9,0,0,0,5.38,1.41
Daniel Norris,DET,30,32,29,0,0,144.1,154,72,125,38,25,3,13,0,0,0,4.49,1.33
Chris Bassitt,OAK,34,28,25,0,0,144,125,61,141,47,21,10,5,0,0,0,3.81,1.19
Domingo German,NYY,31,27,24,0,0,143,125,64,153,39,30,18,4,0,0,0,4.03,1.15
Ryan Yarbrough,TB,31,28,14,0,0,141.2,121,65,117,20,15,11,6,0,0,0,4.13,1
Cole Hamels,CHC,39,27,27,0,0,141.2,141,60,143,56,17,7,7,0,0,0,3.81,1.39
Chris Paddack,SD,27,26,26,0,0,140.2,107,52,153,31,23,9,7,0,0,0,3.33,0.98
Chase Anderson,MIL,35,32,27,0,0,139,126,65,124,50,23,8,4,0,0,0,4.21,1.27
Mike Leake,SEA,36,22,22,2,1,137,153,65,100,19,26,9,8,0,0,0,4.27,1.26
Glenn Sparkman,KC,31,31,23,1,1,136,164,91,81,41,30,4,11,0,0,0,6.02,1.51
Jake Arrieta,PHI,37,24,24,0,0,135.2,149,70,110,51,21,8,8,0,0,0,4.64,1.47
Yonny Chirinos,TB,29,26,18,0,0,133.1,112,57,114,28,23,9,5,0,0,0,3.85,1.05
Danny Duffy,KC,34,23,23,0,0,130.2,125,63,115,46,21,7,6,0,0,0,4.34,1.31
Tyler Mahle,CIN,29,25,25,0,0,129.2,136,74,129,34,25,3,12,0,0,0,5.14,1.31
Michael Wacha,STL,32,29,24,0,0,126.2,143,67,104,55,26,6,7,0,0,0,4.76,1.56
Mike Clevinger,CLE,32,21,21,0,0,126,96,38,169,37,10,13,4,0,0,0,2.71,1.06
Adrian Sampson,TEX,32,35,15,1,0,125.1,156,82,101,36,29,6,8,0,0,0,5.89,1.53
Antonio Senzatela,COL,28,25,25,0,0,124.2,161,93,76,57,19,11,11,0,0,0,6.71,1.75
Marcus Stroman,TOR,32,21,21,0,0,124.2,118,41,99,35,10,6,11,0,0,0,2.96,1.23
Jorge Lopez,KC,30,39,18,0,0,123.2,140,87,109,42,27,4,9,1,1,0,6.33,1.47
Ariel Jurado,TEX,27,32,18,1,0,122.1,148,79,81,36,21,7,11,0,0,1,5.81,1.5
Brandon Woodruff,MIL,30,22,22,0,0,121.2,109,49,143,30,12,11,3,0,0,0,3.62,1.14
Wade LeBlanc,SEA,39,26,8,0,0,121.1,145,77,92,31,28,6,7,0,0,0,5.71,1.45
Chris Archer,PIT,35,23,23,0,0,119.2,114,69,143,55,25,3,9,0,0,0,5.19,1.41
Vincent Velasquez,PHI,31,33,23,0,0,117.1,120,64,130,43,26,7,8,0,0,2,4.91,1.39
Mike Foltynewicz,ATL,32,21,21,0,0,117,109,59,105,37,23,8,6,0,0,0,4.54,1.25
Tyler Beede,SF,30,24,22,0,0,117,127,66,113,46,22,5,10,0,0,0,5.08,1.48
Zach Plesac,CLE,28,21,21,1,1,115.2,102,49,88,40,19,8,6,0,0,0,3.81,1.23
Matt Strahm,SD,32,46,16,0,0,114.2,121,60,118,22,22,6,11,0,1,6,4.71,1.25
Aaron Sanchez,TOR,31,23,23,0,0,112.2,131,76,99,59,15,3,14,0,0,0,6.07,1.69
Dallas Keuchel,ATL,35,19,19,0,0,112.2,115,47,91,39,16,8,8,0,0,0,3.75,1.37
Jordan Zimmermann,DET,37,23,23,0,0,112,145,86,82,25,19,1,13,0,0,0,6.91,1.52
Trevor Richards,MIA,30,23,20,0,0,112,104,56,103,51,16,3,12,0,0,1,4.5,1.38
Tom Milone,SEA,36,23,6,0,0,111.2,102,59,94,23,24,4,10,0,0,0,4.76,1.12
Adrian Houser,MIL,30,35,18,0,0,111.1,101,46,117,37,14,6,7,0,0,1,3.72,1.24
Pablo Lopez,MIA,27,21,21,0,0,111.1,111,63,95,27,15,5,8,0,0,0,5.09,1.24
Gabriel Ynoa,BAL,30,36,13,0,0,110.2,126,69,67,26,29,1,10,0,0,0,5.61,1.37
Tanner Roark,CIN,37,21,21,0,0,110.1,119,52,108,38,14,6,7,0,0,0,4.24,1.42
Adam Plutko,CLE,32,21,20,0,0,109.1,115,59,78,26,22,7,5,0,0,0,4.86,1.29
CC Sabathia,NYY,43,23,22,0,0,107.1,112,59,107,39,27,5,8,0,0,0,4.95,1.41
David Price,BOS,38,22,22,0,0,107.1,109,51,128,32,15,7,5,0,0,0,4.28,1.31
Blake Snell,TB,30,23,23,0,0,107,96,51,147,40,14,6,8,0,0,0,4.29,1.27
Kyle Freeland,COL,30,22,22,0,0,104.1,126,78,79,39,25,3,11,0,0,0,6.73,1.58
Jalen Beeks,TB,30,33,3,0,0,104.1,115,50,89,40,12,6,3,1,0,2,4.31,1.49
Cal Quantrill,SD,28,23,18,0,0,103,106,59,89,28,15,6,8,0,0,1,5.16,1.3
Trevor Cahill,LAA,35,37,11,0,0,102.1,111,68,81,39,25,4,9,0,0,0,5.98,1.47
Dereck Rodriguez,SF,31,28,16,0,0,99,108,62,71,36,21,6,11,0,0,0,5.64,1.45
Felix Pena,LAA,33,22,7,0,0,96.1,80,49,101,34,16,8,3,0,0,1,4.58,1.18
Andrew Cashner,BAL,37,17,17,0,0,96.1,86,41,66,29,11,9,3,0,0,0,3.83,1.19
Frankie Montas,OAK,30,16,16,0,0,96,84,28,103,23,8,9,2,0,0,0,2.63,1.11
Shaun Anderson,SF,29,28,16,0,0,96,111,58,70,38,13,3,5,2,0,1,5.44,1.55
Sam Gaviglio,TOR,33,52,0,0,0,95.2,85,49,88,22,18,4,2,0,0,3,4.61,1.12
Andrew Heaney,LAA,32,18,18,0,0,95.1,93,52,118,30,20,4,6,0,0,0,4.91,1.29
Jason Vargas,NYM,40,19,18,1,1,94.1,81,42,81,39,14,6,5,0,0,0,4.01,1.27
Nick Pivetta,PHI,30,30,13,1,0,93.2,103,56,89,39,20,4,6,1,0,1,5.38,1.52
Brad Peacock,HOU,35,23,15,0,0,91.2,78,42,96,31,15,7,6,0,0,0,4.12,1.19
Ross Stripling,LAD,34,32,15,0,0,90.2,84,35,93,20,11,4,4,0,0,3,3.47,1.15
Griffin Canning,LAA,27,18,17,0,0,90.1,80,46,96,30,14,5,6,0,0,0,4.58,1.22
Homer Bailey,KC,37,18,18,0,0,90,89,48,81,38,12,7,6,0,0,0,4.8,1.41
Peter Lambert,COL,26,19,19,0,0,89.1,119,72,57,36,18,3,7,0,0,0,7.25,1.74
Jhoulys Chacin,MIL,35,19,19,0,0,88.2,99,57,80,39,19,3,10,0,0,0,5.79,1.56
Gio Gonzalez,MIL,38,19,17,0,0,87.1,76,34,78,37,9,3,2,0,0,0,3.5,1.29
Liam Hendriks,OAK,34,75,2,0,0,85,61,17,124,21,5,4,4,25,7,8,1.8,0.96
Freddy Peralta,MIL,27,39,8,0,0,85,87,50,115,37,15,7,3,1,1,6,5.29,1.46
Taylor Clarke,ARI,30,23,15,0,0,84.2,86,50,68,30,23,5,5,1,0,0,5.31,1.37
Jose Urena,MIA,32,24,13,0,0,84.2,99,49,62,26,13,4,10,3,2,0,5.21,1.48
Junior Guerra,MIL,38,72,0,0,0,83.2,58,33,77,36,11,9,5,3,8,21,3.55,1.12
Michael Lorenzen,CIN,31,73,0,0,0,83.1,68,27,85,28,9,1,4,7,4,21,2.92,1.15
Alex Young,ARI,30,17,15,0,0,83.1,72,33,71,27,14,7,5,0,0,0,3.56,1.19
Yusmeiro Petit,OAK,39,80,0,0,0,83,57,25,71,10,11,5,3,0,1,29,2.71,0.81
Jaime Barria,LAA,27,19,13,0,0,82.2,92,59,75,27,24,4,10,0,0,0,6.42,1.44
Elieser Hernandez,MIA,28,21,15,0,0,82.1,76,46,85,26,20,3,5,0,0,0,5.03,1.24
Jordan Lyles,PIT,33,17,17,0,0,82.1,88,49,90,33,16,5,7,0,0,0,5.36,1.47
Asher Wojciechowski,BAL,34,17,16,0,0,82.1,80,45,80,28,17,4,8,0,0,0,4.92,1.31
Craig Stammen,SD,39,76,0,0,0,82,80,30,73,15,13,8,7,4,9,31,3.29,1.16
Jose Suarez,LAA,25,19,15,0,0,81,100,64,72,33,23,2,6,0,0,0,7.11,1.64
Luis Cessa,NYY,31,43,0,0,0,81,75,37,75,31,14,2,1,1,0,4,4.11,1.31
Seth Lugo,NYM,34,61,0,0,0,80,56,24,104,16,8,7,4,6,5,21,2.7,0.9
David Hess,BAL,30,23,14,0,0,80,94,63,68,30,28,1,10,0,0,0,7.09,1.55
Carlos Carrasco,CLE,36,23,12,1,1,80,92,47,96,16,18,6,7,1,1,0,5.29,1.35
Kevin Gausman,ATL,32,16,16,0,0,80,92,55,85,27,12,3,7,0,0,0,6.19,1.49
Tyler Skaggs,LAA,32,15,15,0,0,79.2,73,38,78,28,9,7,7,0,0,0,4.29,1.27
Julio Urias,LAD,27,37,8,0,0,79.2,59,22,85,27,7,4,3,4,1,5,2.49,1.08
Nick Ramirez,DET,34,46,0,0,0,79.2,76,36,74,35,11,5,4,0,1,1,4.07,1.39
Josh Tomlin,ATL,39,51,1,0,0,79.1,82,33,51,7,14,2,1,2,2,7,3.74,1.12
Jordan Yamamoto,MIA,27,15,15,0,0,78.2,54,39,82,36,11,4,5,0,0,0,4.46,1.14
Jacob Waguespack,TOR,30,16,13,0,0,78,75,38,63,29,12,5,5,0,0,0,4.38,1.33
Jesse Chavez,TEX,40,48,9,0,0,78,82,42,72,22,12,3,5,1,1,8,4.85,1.33
Marcus Walden,BOS,35,70,0,0,0,78,61,33,76,32,6,9,2,2,4,6,3.81,1.19
Erick Fedde,WAS,30,21,12,0,0,78,81,39,41,33,11,4,2,0,0,0,4.5,1.46
Drew Pomeranz,SF,35,21,17,0,0,77.2,89,49,92,36,17,2,9,0,0,0,5.68,1.61
Tyler Chatwood,CHC,33,38,5,0,0,76.2,65,32,74,37,8,5,3,2,2,3,3.76,1.33
Zack Godley,ARI,33,27,9,0,0,76,81,54,58,35,12,3,5,2,0,0,6.39,1.53
Josh Hader,MIL,29,61,0,0,0,75.2,41,22,138,20,15,3,5,37,7,6,2.62,0.81
Collin McHugh,HOU,36,35,8,0,0,74.2,62,39,82,30,12,4,5,0,0,4,4.7,1.23
Giovanny Gallegos,STL,32,66,0,0,0,74,44,19,93,16,9,3,2,1,3,19,2.31,0.81
Dario Agrazal,PIT,28,15,14,0,0,73.1,82,40,41,18,15,4,5,0,0,0,4.91,1.36
Miguel Castro,BAL,28,65,0,0,0,73.1,63,38,71,41,10,1,3,2,3,9,4.66,1.42
Homer Bailey,OAK,37,13,13,0,0,73.1,73,35,68,15,9,6,3,0,0,0,4.3,1.2
Thomas Pannone,TOR,29,37,7,0,0,73,73,50,69,31,13,3,6,0,0,1,6.16,1.42
Dinelson Lamet,SD,31,14,14,0,0,73,62,33,105,30,12,3,5,0,0,0,4.07,1.26
Dylan Cease,CWS,27,14,14,0,0,73,78,47,81,35,15,4,7,0,0,0,5.79,1.55
John Brebbia,STL,33,66,0,0,0,72.2,59,29,87,27,6,3,4,0,1,12,3.59,1.18
Luke Jackson,ATL,32,70,0,0,0,72.2,76,31,106,26,10,9,2,18,7,9,3.84,1.4
Hansel Robles,LAA,33,71,1,0,0,72.2,58,20,75,16,6,5,1,23,4,2,2.48,1.02
Ty Buttrey,LAA,30,72,0,0,0,72.1,69,32,84,23,8,6,7,2,4,26,3.98,1.27
Carlos Estevez,COL,30,71,0,0,0,72,70,30,81,23,12,2,2,0,2,11,3.75,1.29
Bryan Shaw,COL,36,70,0,0,0,72,69,43,58,29,12,3,2,1,5,12,5.38,1.36
Dillon Peters,LAA,31,17,12,0,0,72,85,43,55,26,18,4,4,0,0,0,5.38,1.54
Luis Perdomo,SD,30,47,1,0,0,72,69,32,55,18,6,2,4,0,1,7,4,1.21
Brandon Workman,BOS,35,73,0,0,0,71.2,29,15,104,45,1,10,1,16,6,15,1.88,1.03
Felix Hernandez,SEA,37,15,15,0,0,71.2,85,51,57,25,17,1,8,0,0,0,6.4,1.53
Archie Bradley,ARI,31,66,1,0,0,71.2,67,28,87,36,5,4,5,18,3,7,3.52,1.44
Wander Suero,WAS,32,78,0,0,0,71.1,64,36,81,26,5,6,9,1,6,19,4.54,1.26
Framber Valdez,HOU,30,26,8,0,0,70.2,74,46,68,44,9,4,7,0,0,0,5.86,1.67
Matt Andriese,ARI,34,54,0,0,0,70.2,72,37,79,27,8,5,5,1,3,4,4.71,1.4
Scott Barlow,KC,30,61,0,0,0,70.1,64,33,92,37,6,3,3,1,2,14,4.22,1.44
Emilio Pagan,TB,32,66,0,0,0,70,45,18,96,13,12,4,2,20,8,7,2.31,0.83
Jeff Hoffman,COL,30,15,15,0,0,70,77,51,68,34,21,2,6,0,0,0,6.56,1.59
Francisco Liriano,PIT,40,69,0,0,0,70,60,27,63,35,8,5,3,0,4,12,3.47,1.36
Ross Detwiler,CWS,37,18,12,0,0,69.2,86,51,46,27,20,3,5,0,0,0,6.59,1.62
Pedro Baez,LAD,35,71,0,0,0,69.2,43,24,69,23,6,7,2,1,6,25,3.1,0.95
Joakim Soria,OAK,39,71,1,0,0,69,51,33,79,20,9,2,4,1,5,21,4.3,1.03
Taylor Rogers,MIN,32,60,0,0,0,69,58,20,90,11,8,2,4,30,6,10,2.61,1
Chris Devenski,HOU,33,61,1,0,0,69,69,37,72,21,13,2,3,0,1,7,4.83,1.3
Chad Green,NYY,32,54,15,0,0,69,66,32,98,19,10,4,4,2,0,4,4.17,1.23
Jose Leclerc,TEX,29,70,3,0,0,68.2,52,33,100,39,7,2,4,14,4,7,4.33,1.33
Diego Castillo,TB,29,65,6,0,0,68.2,59,26,81,26,8,5,8,8,2,17,3.41,1.24
Derek Holland,SF,37,31,7,1,0,68.2,68,45,71,35,17,2,4,0,0,0,5.9,1.5
Wei-Yin Chen,MIA,38,45,0,0,0,68.1,87,50,63,18,15,0,1,0,0,3,6.59,1.54
Sean Newcomb,ATL,30,55,4,0,0,68.1,61,24,65,29,8,6,3,1,2,16,3.16,1.32
Hector Neris,PHI,34,68,0,0,0,67.2,45,22,89,24,10,3,6,28,6,2,2.93,1.02
Buck Farmer,DET,32,73,1,0,0,67.2,62,28,73,24,8,6,6,0,3,15,3.72,1.27
Noe Ramirez,LAA,33,51,7,0,0,67.2,59,30,79,20,9,5,4,0,0,3,3.99,1.17
Nathan Eovaldi,BOS,33,23,12,0,0,67.2,72,45,70,35,16,2,1,0,1,5,5.99,1.58
Josh Osich,CWS,35,57,0,0,0,67.2,62,35,61,15,15,4,0,0,1,2,4.66,1.14
Aaron Bummer,CWS,30,58,0,0,0,67.2,43,16,60,24,4,0,0,1,2,27,2.13,0.99
Raisel Iglesias,CIN,33,68,0,0,0,67,61,31,89,21,12,3,12,34,6,3,4.16,1.22
Nestor Cortes,NYY,28,33,1,0,0,66.2,75,42,69,28,16,5,1,0,1,1,5.67,1.55
John Gant,STL,31,64,0,0,0,66.1,51,27,60,34,4,11,1,3,3,18,3.66,1.28
Adam Ottavino,NYY,38,73,0,0,0,66.1,47,14,88,40,5,6,5,2,7,28,1.9,1.31
Will Smith,SF,34,63,0,0,0,65.1,46,20,96,21,10,6,0,34,4,0,2.76,1.03
Richard Rodriguez,PIT,33,72,0,0,0,65.1,65,27,63,23,14,4,5,1,4,16,3.72,1.35
Roberto Osuna,HOU,28,66,0,0,0,65,45,19,73,12,8,4,3,38,6,0,2.63,0.88
Robert Stephenson,CIN,30,57,0,0,0,64.2,43,27,81,24,9,3,2,0,4,11,3.76,1.04
Matt Barnes,BOS,33,70,0,0,0,64.1,51,27,110,38,8,5,4,4,8,26,3.78,1.38
Luke Weaver,ARI,30,12,12,0,0,64.1,55,21,69,14,6,4,3,0,0,0,2.94,1.07
Trevor May,MIN,34,65,0,0,0,64.1,43,21,79,26,8,5,3,2,2,17,2.94,1.07
Mike Montgomery,KC,34,13,13,0,0,64,78,33,51,21,12,2,7,0,0,0,4.64,1.55
Steve Cishek,CHC,37,70,0,0,0,64,48,21,57,29,7,4,6,7,4,12,2.95,1.2
Joe Ross,WAS,30,27,9,0,0,64,74,39,57,33,7,4,4,0,2,2,5.48,1.67
Robert Gsellman,NYM,30,52,0,0,0,63.2,64,33,60,23,7,2,3,1,4,7,4.66,1.37
Chad Bettis,COL,34,39,3,0,0,63.2,78,43,42,21,10,1,6,1,2,4,6.08,1.55
Ian Kennedy,KC,38,63,0,0,0,63.1,64,24,73,17,6,3,2,30,4,1,3.41,1.28
Mychal Givens,BAL,33,58,0,0,0,63,49,32,86,26,13,2,6,11,8,7,4.57,1.19
Kenley Jansen,LAD,36,62,0,0,0,63,51,26,80,16,9,5,3,33,8,0,3.71,1.06
Chi Chi Gonzalez,COL,31,14,12,0,0,63,59,37,46,33,11,2,6,0,0,0,5.29,1.46
Drew Smyly,PHI,34,12,12,0,0,62.2,62,31,68,21,13,3,2,0,0,0,4.45,1.32
Zack Greinke,HOU,40,10,10,0,0,62.2,58,21,52,9,6,8,1,0,0,0,3.02,1.07
Brett Martin,TEX,28,51,2,0,0,62.1,72,33,62,18,7,2,3,0,1,4,4.76,1.44
Yimi Garcia,LAD,33,64,0,0,0,62.1,40,25,66,14,15,1,4,0,3,4,3.61,0.87
Luis Garcia,LAA,36,64,2,0,0,62,61,30,57,33,13,2,1,1,2,6,4.35,1.52
Alex Claudio,MIL,31,83,0,0,0,62,57,28,44,24,8,2,2,0,3,22,4.06,1.31
Tyler Clippard,CLE,38,53,3,0,0,62,38,20,64,15,8,1,0,0,0,8,2.9,0.85
Zack Britton,NYY,35,66,0,0,0,61.1,38,13,53,32,3,3,1,3,4,29,1.91,1.14
Tommy Kahnle,NYY,34,72,0,0,0,61.1,45,25,88,20,9,3,2,0,5,27,3.67,1.06
Cam Bedrosian,LAA,32,59,7,0,0,61.1,48,22,64,22,7,3,3,1,2,15,3.23,1.14
Josh James,HOU,30,49,1,0,0,61.1,46,32,100,35,10,5,1,1,2,6,4.7,1.32
Alex Colome,CWS,34,62,0,0,0,61,42,19,55,23,7,4,5,30,3,0,2.8,1.07
Kyle Ryan,CHC,32,73,0,0,0,61,55,24,58,29,5,4,2,0,2,14,3.54,1.38
Adam Conley,MIA,33,60,0,0,0,60.2,76,44,53,29,10,2,11,2,2,6,6.53,1.73
Tyler Glasnow,TB,30,12,12,0,0,60.2,40,12,76,14,4,6,1,0,0,0,1.78,0.89
Yoan Lopez,ARI,30,70,0,0,0,60.2,52,23,42,17,11,2,7,1,3,21,3.41,1.14
Kirby Yates,SD,36,60,0,0,0,60.2,41,8,101,13,2,0,5,41,3,0,1.19,0.89
Derek Law,TOR,33,58,4,0,0,60.2,61,33,67,40,8,1,2,5,1,8,4.9,1.66
Hector Rondon,HOU,35,62,1,0,0,60.2,56,25,48,20,10,3,2,0,3,19,3.71,1.25
Kevin McCarthy,KC,31,56,0,0,0,60.1,68,30,38,21,4,4,2,1,4,6,4.48,1.48
Lou Trivino,OAK,32,61,0,0,0,60,61,35,57,31,7,4,6,0,5,18,5.25,1.53
Sean Doolittle,WAS,37,63,0,0,0,60,63,27,66,15,11,6,5,29,6,2,4.05,1.3
Jeurys Familia,NYM,34,66,0,0,0,60,62,38,63,42,7,4,2,0,4,14,5.7,1.73
Mike Leake,ARI,36,10,10,0,0,60,74,29,27,8,15,3,3,0,0,0,4.35,1.37
Felipe Vazquez,PIT,32,56,0,0,0,60,43,11,90,13,5,5,1,28,3,0,1.65,0.93
Will Harris,HOU,39,68,0,0,0,60,42,10,62,14,6,4,1,4,1,26,1.5,0.93
Marcus Stroman,NYM,32,11,11,0,0,59.2,65,25,60,23,8,4,2,0,0,0,3.77,1.47
Aaron Brooks,BAL,33,14,12,0,0,59.2,69,41,39,20,9,4,5,0,0,0,6.18,1.49
Joe Jimenez,DET,28,66,0,0,0,59.2,56,29,82,23,13,4,7,9,5,15,4.37,1.32
Daniel Mengden,OAK,30,13,9,0,0,59.2,59,32,42,27,7,5,2,1,0,0,4.83,1.44
Matt Harvey,LAA,34,12,12,0,0,59.2,63,47,39,29,13,3,5,0,0,0,7.09,1.54
Matt Albers,MIL,40,67,0,0,0,59.2,53,34,57,29,8,8,6,4,2,10,5.13,1.37
Clay Buchholz,TOR,39,12,12,0,0,59,72,43,39,16,13,2,5,0,0,0,6.56,1.49
Jose Alvarez,PHI,34,67,1,0,0,59,66,22,51,18,8,3,4,1,2,16,3.36,1.42
Dylan Covey,CWS,32,18,12,0,0,58.2,75,52,41,28,12,1,8,0,1,0,7.98,1.76
Rich Hill,LAD,43,13,13,0,0,58.2,48,16,72,18,10,4,1,0,0,0,2.45,1.13
Jordan Lyles,MIL,33,11,11,0,0,58.2,43,16,56,22,9,7,1,0,0,0,2.45,1.11
Blake Treinen,OAK,35,57,0,0,0,58.2,58,32,59,37,9,6,5,16,5,3,4.91,1.62
Jerad Eickhoff,PHI,33,12,10,0,0,58.1,58,37,51,18,18,3,4,1,0,0,5.71,1.3
Drew VerHagen,DET,33,22,4,0,0,58,70,38,51,23,9,4,3,0,0,1,5.9,1.6
Edwin Diaz,NYM,29,66,0,0,0,58,58,36,99,22,15,2,7,26,7,1,5.59,1.38
Erik Swanson,SEA,30,27,8,0,0,58,56,37,52,12,17,1,5,2,0,1,5.74,1.17
Gregory Soto,DET,28,33,7,0,0,57.2,74,37,45,33,9,0,5,0,1,2,5.77,1.86
Aaron Civale,CLE,28,10,10,0,0,57.2,44,15,46,16,4,3,4,0,0,0,2.34,1.04
Nick Wittgren,CLE,32,55,0,0,0,57.2,47,18,60,15,10,5,1,4,2,12,2.81,1.08
Tyler Duffey,MIN,32,58,0,0,0,57.2,44,16,82,14,8,5,1,0,2,15,2.5,1.01
Jairo Diaz,COL,32,56,0,0,0,57.2,56,29,63,19,7,6,4,5,3,7,4.53,1.3
Brad Hand,CLE,33,60,0,0,0,57.1,53,21,84,18,6,6,4,34,5,0,3.3,1.24
Paul Fry,BAL,31,66,0,0,0,57.1,54,34,55,29,7,1,9,3,5,11,5.34,1.45
Nick Margevicius,SD,27,17,12,0,0,57,73,43,42,19,12,2,6,0,0,0,6.79,1.61
Brandon Kintzler,CHC,39,62,0,0,0,57,45,17,48,13,5,3,3,1,2,17,2.68,1.02
Aroldis Chapman,NYY,36,60,0,0,0,57,38,14,85,25,3,3,2,37,5,0,2.21,1.11
Adam Cimber,CLE,33,68,0,0,0,56.2,56,28,41,19,6,6,3,1,2,19,4.45,1.32
Reyes Moronta,SF,30,56,0,0,0,56.2,41,18,70,33,4,3,7,0,5,15,2.86,1.31
Hector Velazquez,BOS,35,34,8,0,0,56.1,58,34,49,28,7,1,4,0,1,1,5.43,1.53
Michael Feliz,PIT,30,58,1,0,0,56.1,44,25,73,27,11,4,4,0,1,3,3.99,1.26
Trevor Bauer,CIN,32,10,10,0,0,56.1,57,40,68,19,12,2,5,0,0,0,6.39,1.35
Oliver Drake,TB,36,50,0,0,0,56,36,20,70,19,9,5,2,2,1,11,3.21,0.98
T.J. McFarland,ARI,34,51,0,0,0,56,71,30,35,20,6,0,0,0,0,9,4.82,1.63
Amir Garrett,CIN,31,69,0,0,0,56,44,20,78,35,7,5,3,0,3,22,3.21,1.41
Scott Oberg,COL,33,49,0,0,0,56,39,14,58,23,5,6,1,5,3,8,2.25,1.11
Ryan Brasier,BOS,36,62,0,0,0,55.2,51,30,61,21,9,2,4,7,4,10,4.85,1.29
Ryne Stanek,TB,32,41,27,0,0,55.2,44,21,61,20,7,0,2,0,0,2,3.4,1.15
Robbie Erlin,SD,33,37,1,0,0,55.1,72,33,52,15,6,0,1,0,1,5,5.37,1.57
Richard Bleier,BAL,36,53,1,0,0,55.1,65,33,30,8,6,3,0,4,1,5,5.37,1.32
Jason Vargas,PHI,40,11,11,0,0,55.1,60,33,43,24,7,1,4,0,0,0,5.37,1.52
Tanner Roark,OAK,37,10,10,0,0,55,61,28,50,13,14,4,3,0,0,0,4.58,1.35
Jace Fry,CWS,30,68,0,0,0,55,44,29,68,43,7,3,4,0,2,12,4.75,1.58
Tyler Webb,STL,33,65,0,0,0,55,33,23,48,23,7,2,1,1,0,8,3.76,1.02
Colten Brewer,BOS,31,58,0,0,0,54.2,59,25,52,34,6,1,2,0,1,6,4.12,1.7
Andrew Miller,STL,38,73,0,0,0,54.2,45,27,70,27,11,5,6,6,5,28,4.45,1.32
Ryan Pressly,HOU,34,55,0,0,0,54.1,37,14,72,12,6,2,3,3,5,31,2.32,0.9
Shawn Armstrong,BAL,33,51,0,0,0,54.1,58,31,60,26,7,1,0,4,5,9,5.13,1.55
Ryne Harper,MIN,34,61,0,0,0,54.1,54,23,50,10,7,4,2,1,3,12,3.81,1.18
Tony Watson,SF,38,60,0,0,0,54,56,25,41,12,9,2,2,0,3,25,4.17,1.26
Andrew Cashner,BOS,37,25,6,0,0,53.2,58,37,42,29,8,2,5,1,0,4,6.2,1.62
Javy Guerra,WAS,38,40,0,0,0,53.2,55,29,42,12,9,3,1,1,0,4,4.86,1.25
Tyler Alexander,DET,29,13,8,0,0,53.2,68,29,47,7,9,1,4,0,0,0,4.86,1.4
Yoshihisa Hirano,ARI,39,62,0,0,0,53,51,28,61,22,7,5,5,1,5,16,4.75,1.38
Ken Giles,TOR,33,53,0,0,0,53,36,11,83,17,5,2,3,23,1,0,1.87,1
Trevor Gott,SF,31,50,0,0,0,52.2,41,26,57,17,4,7,0,1,1,1,4.44,1.1
Andrew Chafin,ARI,33,77,0,0,0,52.2,52,22,68,18,6,2,2,0,4,23,3.76,1.33
Jeremy Jeffress,MIL,36,48,0,0,0,52,54,29,46,17,5,3,4,1,3,12,5.02,1.37
Taylor Cole,LAA,34,38,6,0,0,51.2,58,34,50,24,2,3,4,0,0,4,5.92,1.59
Colin Poche,TB,29,51,0,0,0,51.2,33,27,72,19,9,5,5,2,4,17,4.7,1.01
Tim Mayza,TOR,31,68,0,0,0,51.1,45,28,55,27,8,1,3,0,1,18,4.91,1.4
Kelvin Herrera,CWS,33,57,0,0,0,51.1,60,35,53,23,8,3,3,1,2,6,6.14,1.62
Joe Kelly,LAD,35,55,0,0,0,51.1,49,26,62,22,6,5,4,1,5,8,4.56,1.38
Drew Smyly,TEX,34,13,9,0,0,51.1,64,48,52,34,19,1,5,1,0,0,8.42,1.91
Sam Dyson,SF,35,49,0,0,0,51,39,14,47,7,3,4,1,2,1,17,2.47,0.9
Chaz Roe,TB,37,71,0,0,0,51,49,23,65,31,3,1,3,1,4,23,4.06,1.57
Trey Wingenter,SD,29,51,1,0,0,51,34,32,72,28,5,1,3,1,3,16,5.65,1.22
Manny Banuelos,CWS,32,16,8,0,0,50.2,60,39,44,33,12,3,4,0,0,0,6.93,1.84
Evan Marshall,CWS,33,55,0,0,0,50.2,42,14,41,24,5,4,2,0,4,19,2.49,1.3
Jarlin Garcia,MIA,30,53,0,0,0,50.2,40,17,39,16,4,4,2,0,1,6,3.02,1.11
Aaron Brooks,OAK,33,15,6,0,0,50.1,49,28,43,14,12,2,3,0,0,0,5.01,1.25
Clay Holmes,PIT,30,35,0,0,0,50,45,31,56,36,5,1,2,0,1,1,5.58,1.62
Joe Biagini,TOR,33,50,0,0,0,50,50,21,50,17,8,3,1,1,2,12,3.78,1.34
Andrew Kittredge,TB,33,37,7,0,0,49.2,51,23,58,12,7,1,0,0,0,2,4.17,1.27
Tyler Kinley,MIA,32,52,0,0,0,49.1,43,20,46,36,5,3,1,1,2,1,3.65,1.6
Brendan McKay,TB,27,13,11,0,0,49,53,28,56,16,8,2,4,0,0,0,5.14,1.41
Devin Smeltzer,MIN,28,11,6,0,0,49,50,21,38,12,8,2,2,1,0,1,3.86,1.27
Corbin Burnes,MIL,29,32,4,0,0,49,70,48,70,20,17,1,5,1,0,4,8.82,1.84
Kyle Crick,PIT,30,52,0,0,0,49,41,27,61,35,10,3,7,0,6,13,4.96,1.55
Luke Bard,LAA,33,32,3,0,0,49,41,26,40,13,8,3,3,0,1,1,4.78,1.1
Ranger Suarez,PHI,28,37,0,0,0,48.2,52,17,42,12,6,6,1,0,1,6,3.14,1.32
Daniel Ponce de Leon,STL,31,13,8,0,0,48.2,36,20,52,26,6,1,2,0,0,0,3.7,1.27
Carlos Martinez,STL,32,48,0,0,0,48.1,39,17,53,18,2,4,2,24,3,3,3.17,1.18
Jared Hughes,CIN,38,47,0,0,0,48.1,41,22,34,19,6,3,4,1,2,3,4.1,1.24
Tanner Rainey,WAS,30,52,0,0,0,48.1,32,21,74,38,6,2,3,0,3,9,3.91,1.45
Mitch Keller,PIT,27,11,11,0,0,48,72,38,65,16,6,1,5,0,0,0,7.13,1.83
Daniel Hudson,TOR,36,45,1,0,0,48,38,16,48,23,5,6,3,2,2,8,3,1.27
Anthony Bass,SEA,36,44,0,0,0,48,30,19,43,17,5,2,4,5,5,6,3.56,0.98
Dan Straily,BAL,34,14,8,0,0,47.2,73,52,33,22,22,2,4,0,0,0,9.82,1.99
Shawn Kelley,TEX,39,50,0,0,0,47.1,55,26,43,11,12,5,2,11,4,6,4.94,1.39
Juan Nicasio,PHI,37,47,0,0,0,47.1,57,25,45,21,4,2,3,1,1,10,4.75,1.65
Josh Taylor,BOS,30,52,1,0,0,47.1,40,16,62,16,5,2,2,0,1,4,3.04,1.18
Brandon Brennan,SEA,32,44,0,0,0,47.1,34,24,47,24,6,3,6,0,2,8,4.56,1.23
Austin Pruitt,TB,34,14,2,0,0,47,47,23,39,12,7,3,0,0,0,0,4.4,1.26
Justin Anderson,LAA,31,54,0,0,0,47,42,29,60,32,6,3,0,1,1,11,5.55,1.57
Roenis Elias,SEA,35,44,0,0,0,47,41,19,45,17,8,4,2,14,2,1,3.64,1.23
Matt Grace,WAS,34,51,1,0,0,46.2,61,33,35,10,11,1,2,0,0,4,6.36,1.52
Chris Stratton,PIT,33,28,0,0,0,46.2,50,19,47,15,7,1,1,0,0,0,3.66,1.39
Dylan Floro,LAD,32,50,0,0,0,46.2,46,22,42,14,4,5,3,0,3,6,4.24,1.29
Jefry Rodriguez,CLE,30,10,8,0,0,46.2,48,24,33,21,5,1,5,0,0,0,4.63,1.48
Mark Melancon,SF,38,43,0,0,0,46.1,49,18,44,16,3,4,2,1,0,5,3.5,1.4
Tayron Guerrero,MIA,32,52,0,0,0,46,42,32,43,36,7,1,2,0,4,6,6.26,1.7
Kolby Allard,TEX,26,9,9,0,0,45.1,52,25,33,19,3,4,2,0,0,0,4.96,1.57
Clayton Richard,TOR,40,10,10,0,0,45.1,53,30,22,18,9,1,5,0,0,0,5.96,1.57
Ryan Buchter,OAK,36,64,0,0,0,45.1,42,15,50,23,8,1,1,0,4,12,2.98,1.43
Austin Brice,MIA,31,36,0,0,0,44.2,37,17,46,18,7,1,0,0,1,6,3.43,1.23
Caleb Ferguson,LAD,27,46,2,0,0,44.2,39,24,54,27,7,1,2,0,0,4,4.84,1.48
Blaine Hardy,DET,36,39,0,0,0,44.1,38,22,29,13,10,1,1,0,0,7,4.47,1.15
Shelby Miller,TEX,33,19,8,0,0,44,58,42,30,29,8,1,3,0,1,1,8.59,1.98
Austin Voth,WAS,31,9,8,0,0,43.2,33,16,44,13,5,2,1,0,0,0,3.3,1.05
Nick Anderson,MIA,33,45,0,0,0,43.2,40,19,69,16,5,2,4,1,1,7,3.92,1.28
Zac Gallen,ARI,28,8,8,0,0,43.2,37,14,53,18,5,2,3,0,0,0,2.89,1.26
Adam Kolarek,TB,34,54,0,0,0,43.1,39,19,36,14,6,4,3,1,0,14,3.95,1.22
Lucas Sims,CIN,29,24,4,0,0,43,31,22,57,19,8,2,1,0,0,3,4.6,1.16
Victor Alcantara,DET,30,46,0,0,0,42.2,45,23,24,15,8,3,2,0,3,10,4.85,1.41
David Hernandez,CIN,38,47,0,0,0,42.2,53,38,53,20,7,2,5,2,3,12,8.02,1.71
Wade Davis,COL,38,50,0,0,0,42.2,51,41,42,29,7,1,6,15,3,0,8.65,1.88
Pedro Strop,CHC,38,50,0,0,0,41.2,33,23,49,20,6,2,5,10,6,6,4.97,1.27
Touki Toussaint,ATL,27,24,1,0,0,41.2,44,26,45,26,5,4,0,0,0,2,5.62,1.68
Jake Diekman,KC,36,48,0,0,0,41.2,33,22,63,23,3,0,6,0,2,18,4.75,1.34
Cole Irvin,PHI,29,16,3,0,0,41.2,45,27,31,13,7,2,1,1,0,0,5.83,1.39
Jonathan Holder,NYY,30,34,1,0,0,41.1,43,29,46,11,8,5,2,0,2,4,6.31,1.31
Cory Gearrin,SEA,37,48,2,0,0,41.1,38,18,39,21,3,0,2,0,0,11,3.92,1.43
Jake McGee,COL,37,45,0,0,0,41.1,47,20,35,11,11,0,2,0,2,4,4.35,1.4
Branden Kline,BAL,32,34,0,0,0,41,44,27,34,19,9,1,4,0,1,5,5.93,1.54
Jimmy Yacabonis,BAL,31,29,4,0,0,41,51,31,33,24,9,1,2,0,0,3,6.8,1.83
Jose Urquidy,HOU,28,9,7,0,0,41,38,18,40,7,6,2,1,0,0,0,3.95,1.1
Ryan Weber,BOS,33,18,3,0,0,40.2,48,23,29,8,5,2,4,0,0,0,5.09,1.38
Oliver Perez,CLE,42,67,0,0,0,40.2,38,18,48,12,5,2,4,1,4,22,3.98,1.23
Dominic Leone,STL,32,40,0,0,0,40.2,39,25,46,22,9,1,0,1,1,0,5.53,1.5
Ryan Carpenter,DET,33,9,9,0,0,40.2,61,42,25,13,12,1,6,0,0,0,9.3,1.82
Nick Goody,CLE,32,39,0,0,0,40.2,30,16,50,22,7,3,2,0,0,10,3.54,1.28
Brian Johnson,BOS,32,21,7,0,0,40.1,53,27,31,23,6,1,3,0,0,0,6.02,1.88
Wily Peralta,KC,34,42,0,0,0,40.1,45,26,24,19,7,2,4,2,3,5,5.8,1.59
Jose Ruiz,CWS,29,40,1,0,0,40,56,25,35,24,6,1,4,0,1,1,5.63,2
Tony Gonsolin,LAD,29,11,6,0,0,40,26,13,37,15,4,4,2,1,0,0,2.93,1.03
Justin Shafer,TOR,31,34,0,0,0,39.2,41,17,39,25,6,2,1,1,0,3,3.86,1.66
Tim Hill,KC,33,46,0,0,0,39.2,31,16,39,13,4,2,0,1,1,9,3.63,1.11
Brad Brach,CHC,37,42,0,0,0,39.2,42,27,45,28,3,4,3,0,2,4,6.13,1.76
Logan Webb,SF,27,8,8,0,0,39.2,44,23,37,14,5,2,3,0,0,0,5.22,1.46
Anthony Swarzak,ATL,38,44,0,0,0,39.2,38,19,35,19,6,1,2,1,0,17,4.31,1.44
Heath Hembree,BOS,34,45,0,0,0,39.2,34,17,46,18,7,1,0,2,1,4,3.86,1.31
Edwin Jackson,DET,40,10,8,0,0,39.1,56,37,33,19,11,2,5,0,0,0,8.47,1.91
Wilmer Font,TOR,33,23,14,0,0,39.1,34,16,53,11,7,2,3,0,0,1,3.66,1.14
Patrick Sandoval,LAA,27,10,9,0,0,39.1,35,22,42,19,6,0,4,0,0,0,5.03,1.37
Justin Wilson,NYM,36,45,0,0,0,39,33,11,44,19,4,4,2,4,1,9,2.54,1.33
Jeremy Hellickson,WAS,36,9,8,0,0,39,47,27,30,20,9,2,3,0,0,0,6.23,1.72
Edgar Garcia,PHI,27,37,0,0,0,39,38,25,45,26,11,2,0,0,0,2,5.77,1.64
Jeff Brigham,MIA,31,32,0,0,0,38.1,36,19,39,14,8,3,2,1,1,4,4.46,1.3
Chris Martin,TEX,37,38,0,0,0,38,35,13,43,4,8,0,2,4,1,12,3.08,1.03
Shane Greene,DET,35,38,0,0,0,38,21,5,43,12,5,0,2,22,3,0,1.18,0.87
David Hale,NYY,36,20,0,0,0,37.2,39,13,23,7,2,3,0,2,0,0,3.11,1.22
Sergio Romo,MIA,40,38,0,0,0,37.2,33,15,33,13,4,2,0,17,1,1,3.58,1.22
Jameson Taillon,PIT,32,7,7,1,0,37.1,34,17,30,8,4,2,3,0,0,0,4.1,1.13
Zack Littell,MIN,28,29,0,0,0,37,34,11,32,9,4,6,0,0,1,1,2.68,1.16
Jon Duplantier,ARI,29,15,3,0,0,36.2,39,18,34,18,2,1,1,1,0,0,4.42,1.55
Ryan Helsley,STL,29,24,0,0,0,36.2,34,12,32,12,5,2,0,0,1,1,2.95,1.25
Zac Gallen,MIA,28,7,7,0,0,36.1,25,11,43,18,3,1,3,0,0,0,2.72,1.18
Blake Parker,MIN,38,37,0,0,0,36.1,34,17,34,16,7,1,2,10,1,9,4.21,1.38
Justus Sheffield,SEA,27,8,7,0,0,36,44,22,37,18,5,0,1,0,0,0,5.5,1.72
Jesus Tinoco,COL,28,24,0,0,0,36,36,19,28,22,12,0,3,1,0,2,4.75,1.61
Tom Eshelman,BAL,29,10,4,0,0,36,47,26,22,11,12,1,2,0,0,0,6.5,1.61
Alec Mills,CHC,31,9,4,0,0,36,31,11,42,11,5,1,0,1,0,0,2.75,1.17
Jimmy Cordero,CWS,32,30,0,0,0,36,24,11,31,11,3,1,0,0,0,4,2.75,0.97
Alex Wood,CIN,32,7,7,0,0,35.2,41,23,30,9,11,1,3,0,0,0,5.8,1.4
Corey Kluber,CLE,37,7,7,0,0,35.2,44,23,38,15,4,2,3,0,0,0,5.8,1.65
Greg Holland,ARI,38,40,0,0,0,35.2,25,18,41,24,5,1,2,17,5,0,4.54,1.37
Tyson Ross,DET,36,7,7,0,0,35.1,41,24,25,18,7,1,5,0,0,0,6.11,1.67
Jose Cisnero,DET,34,35,0,0,0,35.1,35,17,40,19,5,0,4,0,2,4,4.33,1.53
Geoff Hartlieb,PIT,29,29,0,0,0,35,52,35,38,18,8,0,1,0,0,2,9,2
Dustin May,LAD,26,14,4,0,0,34.2,33,14,32,5,2,2,3,0,1,4,3.63,1.1
Nick Kingham,PIT,32,14,4,0,0,34.2,54,38,32,17,7,1,1,1,0,0,9.87,2.05
Carlos Rodon,CWS,30,7,7,0,0,34.2,33,20,46,17,4,3,2,0,0,0,5.19,1.44
Robert Dugger,MIA,28,7,7,0,0,34.1,33,22,25,17,6,0,4,0,0,0,5.77,1.46
Wandy Peralta,CIN,32,39,0,0,0,34,36,23,27,15,10,1,1,0,1,2,6.09,1.5
Yency Almonte,COL,29,28,0,0,0,34,39,21,29,14,7,0,1,0,1,1,5.56,1.56
Elvis Luciano,TOR,23,25,0,0,0,33.2,36,20,27,24,4,1,0,0,0,0,5.35,1.78
Rowan Wick,CHC,31,31,0,0,0,33.1,22,9,35,16,0,2,0,2,0,5,2.43,1.14
Tim Melville,COL,34,7,7,0,0,33.1,34,18,24,14,9,2,3,0,0,0,4.86,1.44
Fernando Rodney,WAS,46,38,0,0,0,33.1,29,15,35,16,3,0,3,2,3,17,4.05,1.35
Andrew Suarez,SF,31,21,2,0,0,32.2,39,21,25,14,7,0,2,0,1,1,5.79,1.62
J.B. Wendelken,OAK,30,27,0,0,0,32.2,21,13,34,9,2,3,1,0,1,1,3.58,0.92
Jerry Blevins,ATL,40,45,0,0,0,32.1,25,14,37,16,5,1,0,1,0,10,3.9,1.27
Jeffrey Springs,TEX,31,25,0,0,0,32.1,38,23,32,23,4,4,1,0,0,1,6.4,1.89
Jacob Webb,ATL,30,36,0,0,0,32.1,24,5,28,12,4,4,0,2,2,9,1.39,1.11
Matt Bowman,CIN,32,27,0,0,0,32,27,13,25,13,2,2,0,0,0,0,3.66,1.25
Luis Avilan,NYM,34,45,0,0,0,32,33,18,30,14,5,4,0,0,0,3,5.06,1.47
Sean Reid-Foley,TOR,28,9,6,0,0,31.2,33,15,28,21,5,2,4,0,0,0,4.26,1.71
Jonathan Loaisiga,NYY,29,15,4,0,0,31.2,31,16,37,16,6,2,2,0,1,0,4.55,1.48
Jake Newberry,KC,29,27,0,0,0,31,29,13,29,16,7,1,0,0,1,4,3.77,1.45
Austin Adams,SEA,32,29,2,0,0,31,20,13,51,14,4,2,2,0,2,10,3.77,1.1
Josh Smith,BOS,36,18,2,0,0,31,36,20,29,8,10,0,3,1,1,0,5.81,1.42
Wilmer Font,NYM,33,15,3,0,0,31,29,17,24,13,8,1,2,0,1,0,4.94,1.35
Tyler Olson,CLE,34,39,0,0,0,30.2,34,15,28,16,3,1,1,0,1,1,4.4,1.63
Nick Vincent,SF,37,18,1,0,0,30.2,36,19,30,8,7,0,2,0,0,0,5.58,1.43
Jay Jackson,MIL,36,28,0,0,0,30.1,22,15,47,18,6,1,0,0,0,2,4.45,1.32
Darwinzon Hernandez,BOS,26,29,1,0,0,30.1,27,15,57,26,1,0,1,0,0,2,4.45,1.75
Stefan Crichton,ARI,31,28,0,0,0,30.1,23,12,33,8,3,1,0,0,0,3,3.56,1.02
Jose Alvarado,TB,28,35,1,0,0,30,29,16,39,27,2,1,6,7,2,8,4.8,1.87
Michel Baez,SD,27,24,1,0,0,29.2,25,10,28,14,3,1,1,0,0,0,3.03,1.31
Jose Quijada,MIA,28,34,0,0,0,29.2,27,19,44,26,10,2,3,1,1,4,5.76,1.79
Dan Otero,CLE,38,25,0,0,0,29.2,42,16,16,3,6,0,0,0,0,1,4.85,1.52
Adam Morgan,PHI,33,40,0,0,0,29.2,20,13,29,10,4,3,3,0,2,19,3.94,1.01
Sean Manaea,OAK,31,5,5,0,0,29.2,16,4,30,7,3,4,0,0,0,0,1.21,0.78
Keone Kela,PIT,30,32,0,0,0,29.2,19,7,33,11,3,2,0,1,4,6,2.12,1.01
A.J. Minter,ATL,30,36,0,0,0,29.1,36,23,35,23,3,3,4,5,2,6,7.06,2.01
Brian Flynn,KC,33,11,1,0,0,29.1,38,17,22,17,2,2,2,0,0,0,5.22,1.88
Chris Stratton,LAA,33,7,5,0,0,29.1,43,28,22,18,6,0,2,0,0,0,8.59,2.08
Rafael Montero,TEX,33,22,0,0,0,29,23,8,34,5,5,2,0,0,1,7,2.48,0.97
Matt Wisler,SD,31,21,0,0,0,29,34,17,34,10,5,2,2,0,2,4,5.28,1.52
Chad Sobotka,ATL,30,32,0,0,0,29,28,20,38,19,6,0,0,0,0,6,6.21,1.62
Daniel Stumpf,DET,32,48,0,0,0,29,35,14,28,15,5,1,1,0,2,5,4.34,1.72
Hunter Wood,TB,30,19,2,0,0,29,26,8,24,7,4,1,1,1,0,1,2.48,1.14
Jordan Hicks,STL,27,29,0,0,0,28.2,16,10,31,11,2,2,2,14,1,3,3.14,0.94
Matt Shoemaker,TOR,37,5,5,0,0,28.2,16,5,24,9,3,3,0,0,0,0,1.57,0.87
Adam Warren,SD,36,25,0,0,0,28.2,28,17,25,12,9,4,1,0,0,3,5.34,1.4
Edwin Jackson,TOR,40,8,5,0,0,28.1,49,35,19,13,12,1,5,0,0,0,11.12,2.19
Matt Magill,MIN,34,28,0,0,0,28.1,30,14,36,15,4,2,0,0,0,0,4.45,1.59
Randy Dobnak,MIN,28,9,5,0,0,28.1,27,5,23,5,1,2,1,1,0,0,1.59,1.13
Evan Phillips,BAL,29,25,0,0,0,28,32,20,40,20,2,0,1,0,0,3,6.43,1.86
Zac Reininger,DET,30,25,1,0,0,28,44,27,17,16,11,0,3,0,0,1,8.68,2.14
Mike Morin,PHI,32,29,0,0,0,28,26,18,15,8,3,1,3,0,1,7,5.79,1.21
Sam Coonrod,SF,31,33,0,0,0,27.2,19,11,20,15,3,5,1,0,1,0,3.58,1.23
Lewis Thorpe,MIN,28,12,2,0,0,27.2,38,19,31,10,3,3,2,0,2,1,6.18,1.73
Hector Noesi,MIA,36,12,4,0,0,27.2,30,26,24,14,7,0,3,0,0,0,8.46,1.59
Juan Minaya,CWS,33,22,0,0,0,27.2,31,12,27,12,4,0,0,0,0,0,3.9,1.55
Carson Fulmer,CWS,29,20,2,0,0,27.1,26,19,25,20,5,1,2,0,0,1,6.26,1.68
Wei-Chung Wang,OAK,31,20,0,0,0,27,22,10,16,11,4,1,0,0,0,0,3.33,1.22
Casey Sadler,LAD,33,24,1,0,0,27,25,7,20,8,3,4,0,1,1,2,2.33,1.22
Mike Montgomery,CHC,34,20,0,0,0,27,35,17,18,13,6,1,2,0,1,3,5.67,1.78
Brad Boxberger,KC,35,29,0,0,0,26.2,25,16,27,17,3,1,3,1,3,0,5.4,1.58
Brock Burke,TEX,27,6,6,0,0,26.2,30,22,14,11,6,0,2,0,0,0,7.43,1.54
Alex McRae,PIT,30,11,2,0,0,26.2,36,26,19,16,9,0,4,0,0,0,8.78,1.95
Jake Jewell,LAA,30,18,0,0,0,26.1,28,20,23,8,8,0,0,0,0,1,6.84,1.37
Tanner Scott,BAL,29,28,0,0,0,26.1,28,14,37,19,4,1,1,0,1,2,4.78,1.78
Drew Pomeranz,MIL,35,25,1,0,0,26.1,16,7,45,8,4,0,1,2,0,12,2.39,0.91
Taylor Guerrieri,TEX,30,20,0,0,0,26.1,26,17,27,22,3,0,0,0,0,3,5.81,1.82
A.J. Cole,CLE,31,25,0,0,0,26,31,11,30,8,4,3,1,1,0,0,3.81,1.5
Gerardo Reyes,SD,30,27,0,0,0,26,24,22,38,11,3,4,0,0,1,1,7.62,1.35
Kyle Barraclough,WAS,33,33,0,0,0,25.2,33,19,30,12,8,1,2,0,2,8,6.66,1.75
Hector Santiago,CWS,35,11,2,0,0,25.2,32,19,34,17,7,0,1,0,0,0,6.66,1.91
Kohl Stewart,MIN,29,9,2,0,0,25.1,29,18,10,8,5,2,2,0,0,1,6.39,1.46
Logan Allen,SD,26,8,4,0,0,25.1,33,19,14,13,4,2,3,0,0,0,6.75,1.82
Chance Adams,NYY,29,13,0,0,0,25.1,39,24,23,11,7,1,1,1,0,0,8.53,1.97
DJ Johnson,COL,34,28,0,0,0,25,23,14,24,19,1,0,2,0,0,4,5.04,1.68
Cody Stashak,MIN,29,18,1,0,0,25,29,9,25,1,3,0,1,0,0,1,3.24,1.2
Blake Parker,PHI,38,23,2,0,0,25,19,14,31,6,6,2,1,0,0,4,5.04,1
Daniel Hudson,WAS,36,24,0,0,0,25,18,4,23,4,3,3,0,6,2,3,1.44,0.88
Joe Smith,HOU,39,28,0,0,0,25,19,5,22,5,2,1,0,0,1,5,1.8,0.96
Shane Greene,ATL,35,27,0,0,0,24.2,25,11,21,5,3,0,1,1,2,10,4.01,1.22
Stephen Tarpley,NYY,30,21,1,0,0,24.2,34,19,34,15,6,1,0,2,0,2,6.93,1.99
Seranthony Dominguez,PHI,29,27,0,0,0,24.2,24,11,29,12,3,3,0,0,2,9,4.01,1.46
Brad Wieck,SD,32,30,0,0,0,24.2,26,18,31,9,7,0,1,0,2,8,6.57,1.42
Phil Maton,SD,30,21,0,0,0,24.1,34,21,20,6,6,0,0,0,0,2,7.77,1.64
Kevin Ginkel,ARI,29,25,0,0,0,24.1,15,4,28,9,2,3,0,2,0,9,1.48,0.99
Jandel Gustave,SF,31,23,0,0,0,24.1,18,8,14,9,1,0,0,1,1,4,2.96,1.11
Drew Gagnon,NYM,33,18,0,0,0,23.2,34,22,17,7,11,3,1,0,1,0,8.37,1.73
Marco Estrada,OAK,40,5,5,0,0,23.2,23,18,11,8,7,0,2,0,0,0,6.85,1.31
Connor Sadzeck,SEA,32,20,0,0,0,23.2,18,7,27,15,3,0,1,1,1,1,2.66,1.39
Travis Lakins,BOS,29,16,3,0,0,23.1,23,10,18,10,1,0,1,0,0,1,3.86,1.41
Trevor Richards,TB,30,7,3,0,0,23.1,23,5,24,5,3,3,0,0,0,0,1.93,1.2
Matt Hall,DET,30,16,0,0,0,23.1,28,20,27,15,4,0,1,0,1,0,7.71,1.84
Emmanuel Clase,TEX,25,21,1,0,0,23.1,20,6,21,6,2,2,3,1,0,4,2.31,1.11
Zach Duke,CIN,40,30,0,0,0,23.1,21,13,18,18,4,3,1,0,0,4,5.01,1.67
Jared Hughes,PHI,38,25,0,0,0,23,16,10,20,8,7,2,1,0,1,4,3.91,1.04
Sam Tuivailala,SEA,31,23,2,0,0,23,13,6,27,11,1,1,0,0,1,7,2.35,1.04
Cody Allen,LAA,35,25,0,0,0,23,24,16,29,20,9,0,2,4,0,0,6.26,1.91
Andres Munoz,SD,24,22,0,0,0,23,16,10,30,11,2,1,1,1,1,8,3.91,1.17
T.J. Zeuch,TOR,28,5,3,0,0,22.2,22,12,20,11,2,1,2,0,0,0,4.76,1.46
Walker Lockett,NYM,29,9,4,0,0,22.2,33,21,16,6,6,1,1,0,0,0,8.34,1.72
Mike Morin,MIN,32,23,0,0,0,22.2,20,8,11,2,3,0,0,1,0,1,3.18,0.97
Sergio Romo,MIN,40,27,0,0,0,22.2,17,8,27,4,3,0,1,3,2,16,3.18,0.93
Kevin Gausman,CIN,32,15,1,0,0,22.1,21,10,29,5,3,0,2,0,0,2,4.03,1.16
Matt Wisler,SEA,31,23,8,0,0,22.1,22,15,29,6,5,1,2,0,1,4,6.04,1.25
Matt Magill,SEA,34,22,0,0,0,22.1,21,9,28,5,3,3,2,5,2,1,3.63,1.16
Heath Fillmyer,KC,29,12,3,0,0,22.1,28,20,15,12,6,0,2,0,0,1,8.06,1.79
Kyle Dowdy,TEX,30,13,1,0,0,22.1,26,18,17,18,4,2,1,0,1,0,7.25,1.97
Tanner Anderson,OAK,30,5,5,0,0,22.1,30,15,18,7,4,0,3,0,0,0,6.04,1.66
Matt Festa,SEA,30,20,0,0,0,22.1,20,14,21,12,5,0,2,0,2,3,5.64,1.43
Pedro Payano,TEX,29,6,4,0,0,22,26,14,17,15,3,1,2,0,0,0,5.73,1.86
Tyler Bashlor,NYM,30,24,0,0,0,22,21,17,20,17,6,0,3,0,3,1,6.95,1.73
Jimmy Nelson,MIL,34,10,3,0,0,22,25,17,26,17,4,0,2,0,0,0,6.95,1.91
Jason Adam,TOR,32,23,0,0,0,21.2,15,7,18,10,1,3,0,0,1,4,2.91,1.15
Ryan Tepera,TOR,36,23,1,0,0,21.2,20,12,14,8,5,0,2,0,0,2,4.98,1.29
Dan Winkler,ATL,33,27,0,0,0,21.2,18,12,22,11,5,3,1,0,1,6,4.98,1.34
Brock Stewart,TOR,32,10,0,0,0,21.2,28,20,16,6,9,4,0,0,0,0,8.31,1.57
Nick Anderson,TB,33,23,0,0,0,21.1,12,5,41,2,3,3,0,0,3,9,2.11,0.66
Cy Sneed,HOU,31,8,0,0,0,21.1,26,13,23,5,5,0,1,0,0,0,5.48,1.45
JT Chargois,LAD,32,21,0,0,0,21.1,21,15,28,5,4,1,0,0,0,0,6.33,1.22
Ryne Stanek,MIA,32,22,0,0,0,21.1,17,13,28,19,4,0,2,1,4,5,5.48,1.69
Nick Kingham,TOR,32,11,0,0,0,21,24,7,14,8,4,3,1,0,0,0,3,1.52
Hunter Strickland,WAS,35,24,0,0,0,21,20,12,15,8,5,2,0,0,0,11,5.14,1.33
Mark Melancon,ATL,38,23,0,0,0,21,22,9,24,2,1,1,0,11,0,0,3.86,1.14
Tony Sipp,WAS,40,36,0,0,0,21,19,11,18,9,1,1,2,0,1,9,4.71,1.33
Eric Skoglund,KC,31,6,4,0,0,21,30,21,4,9,5,0,3,0,0,0,9,1.86
Dillon Tate,BAL,29,16,0,0,0,21,18,15,20,9,3,0,2,0,0,1,6.43,1.29
Reggie McClain,SEA,31,14,2,0,0,21,22,14,11,13,2,1,1,0,1,0,6,1.67
Austin Davis,PHI,30,14,0,0,0,20.2,22,15,24,14,6,0,0,0,0,0,6.53,1.74
Ty Blach,BAL,33,5,5,0,0,20.2,32,26,17,13,6,1,3,0,0,0,11.32,2.18
Tyler Anderson,COL,33,5,5,0,0,20.2,33,27,23,11,8,0,3,0,0,0,11.76,2.13
Matt Koch,ARI,33,9,0,0,0,20.2,29,21,9,4,8,0,0,0,0,0,9.15,1.6
Craig Kimbrel,CHC,35,23,0,0,0,20.2,21,15,30,12,9,0,4,13,3,0,6.53,1.6
Jake Diekman,OAK,36,28,0,0,0,20.1,16,10,21,16,0,1,1,0,0,13,4.43,1.57
Genesis Cabrera,STL,27,13,2,0,0,20.1,23,11,19,11,2,0,2,1,0,1,4.87,1.67
Mike Shawaryn,BOS,29,14,0,0,0,20.1,26,22,29,13,5,0,0,0,0,0,9.74,1.92
Bryse Wilson,ATL,25,6,4,0,0,20,26,16,16,10,5,1,1,0,0,0,7.2,1.8
Richard Lovelady,KC,28,25,0,0,0,20,30,17,17,8,2,0,3,0,1,2,7.65,1.9
Buddy Boshers,TOR,35,28,1,0,0,20,20,9,26,10,3,0,3,0,0,4,4.05,1.5
Ryan Burr,CWS,29,16,1,0,0,19.2,17,10,20,8,3,1,1,0,0,0,4.58,1.27
Travis Bergen,SF,30,21,0,0,0,19.2,18,12,18,9,4,2,0,0,0,0,5.49,1.37
Kyle Wright,ATL,28,7,4,0,0,19.2,24,19,18,13,4,0,3,0,0,0,8.69,1.88
Ronald Bolanos,SD,27,5,3,0,0,19.2,17,13,19,12,3,0,2,0,0,0,5.95,1.47
Paul Sewald,NYM,33,17,0,0,0,19.2,18,10,22,3,3,1,1,1,0,0,4.58,1.07
Jacob Barnes,MIL,33,18,1,0,0,19.2,22,15,22,11,3,1,1,0,0,1,6.86,1.68
Jose Rodriguez,LAA,28,9,1,0,0,19.2,17,6,13,11,5,0,1,0,0,0,2.75,1.42
David McKay,DET,28,18,0,0,0,19.1,15,12,29,9,2,0,0,0,1,1,5.59,1.24
Corbin Martin,HOU,27,5,5,0,0,19.1,23,12,19,12,8,1,1,0,0,0,5.59,1.81
Wes Parsons,COL,31,15,0,0,0,19.1,21,15,14,16,4,0,0,0,0,1,6.98,1.91
Casey Sadler,TB,33,9,0,0,0,19.1,16,4,11,5,2,0,0,0,0,0,1.86,1.09
Josh Staumont,KC,29,16,0,0,0,19.1,21,8,15,10,4,0,0,0,1,0,3.72,1.6
Sam Howard,COL,30,20,0,0,0,19,21,14,23,10,5,2,0,0,0,0,6.63,1.63
Mike Mayers,STL,31,16,0,0,0,19,21,14,16,11,3,0,1,0,0,1,6.63,1.68
Chandler Shepherd,BAL,31,5,3,0,0,19,23,14,17,6,5,0,0,0,0,0,6.63,1.53
JD Hammer,PHI,29,20,0,0,0,19,15,8,13,12,2,1,0,0,1,0,3.79,1.42
Tyler Thornburg,BOS,35,16,0,0,0,18.2,21,16,22,10,4,0,0,0,0,0,7.71,1.66
Aaron Sanchez,HOU,31,4,4,0,0,18.2,14,10,16,9,5,2,0,0,0,0,4.82,1.23
Seunghwan Oh,COL,41,21,0,0,0,18.1,29,19,16,6,6,3,1,0,1,3,9.33,1.91
Kyle Zimmer,KC,32,15,0,0,0,18.1,28,22,18,19,2,0,1,0,0,0,10.8,2.56
Brent Suter,MIL,34,9,0,0,0,18.1,10,1,15,1,1,4,0,0,0,2,0.49,0.6
Jimmie Sherfy,ARI,31,17,0,0,0,18.1,23,12,22,5,4,1,0,1,1,0,5.89,1.53
Rogelio Armenteros,HOU,29,5,2,0,0,18,17,8,18,5,1,1,1,1,0,0,4,1.22
Pat Neshek,PHI,43,20,0,0,0,18,23,10,9,2,5,0,1,3,0,6,5,1.39
Mike Dunn,COL,38,28,0,0,0,17.2,17,14,15,6,4,1,0,0,1,2,7.13,1.3
Chris Martin,ATL,37,20,0,0,0,17.2,17,8,22,1,1,1,1,0,1,6,4.08,1.02
Tyler Rogers,SF,32,17,0,0,0,17.2,12,2,16,3,0,2,0,0,2,5,1.02,0.85
James Marvel,PIT,30,4,4,0,0,17.1,25,16,9,6,4,0,3,0,0,0,8.31,1.79
Zac Grotz,SEA,30,14,0,0,0,17.1,14,8,18,8,0,1,0,0,0,1,4.15,1.27
Montana DuRapau,PIT,31,14,2,0,0,17.1,27,18,22,9,4,0,1,0,0,0,9.35,2.08
Parker Markel,PIT,33,15,0,0,0,17.1,16,11,21,13,3,0,1,0,0,0,5.71,1.67
Scott Alexander,LAD,34,28,0,0,0,17.1,17,7,9,7,2,3,2,0,0,6,3.63,1.38
David Phelps,TOR,37,17,1,0,0,17.1,14,7,18,7,3,0,0,0,2,4,3.63,1.21
David Phelps,CHC,37,24,0,0,0,17,17,6,18,10,2,2,1,1,2,1,3.18,1.59
Conner Menez,SF,28,8,3,0,0,17,13,10,22,12,4,0,1,0,0,0,5.29,1.47
Jonathan Hernandez,TEX,27,9,2,0,0,16.2,14,8,19,13,3,2,1,0,0,1,4.32,1.62
Joe Palumbo,TEX,29,7,4,0,0,16.2,21,17,21,8,7,0,3,0,0,0,9.18,1.74
Chasen Bradford,SEA,34,12,0,0,0,16.2,17,9,11,4,6,0,0,1,0,1,4.86,1.26
Neil Ramirez,CLE,34,16,0,0,0,16.2,18,10,18,9,5,0,1,0,0,2,5.4,1.62
Sal Romano,CIN,30,12,0,0,0,16.1,22,14,16,8,4,1,0,2,0,1,7.71,1.84
Hunter Wood,CLE,30,17,0,0,0,16.1,20,7,15,5,3,0,0,0,0,1,3.86,1.53
Trevor Hildenberger,MIN,32,22,0,0,0,16.1,30,19,15,7,2,2,2,1,0,6,10.47,2.27
Chris Mazza,NYM,34,9,0,0,0,16.1,21,10,11,5,0,1,1,0,0,0,5.51,1.59
Phillips Valdez,TEX,32,11,0,0,0,16,17,7,18,9,3,0,0,0,0,0,3.94,1.63
Aaron Wilkerson,MIL,34,8,0,0,0,16,25,13,11,9,4,0,0,0,0,0,7.31,2.13
Kyle McGowin,WAS,32,7,1,0,0,16,22,18,18,4,7,0,0,1,0,0,10.13,1.63
Zack Godley,TOR,33,6,0,0,0,16,15,7,12,7,2,1,0,0,0,0,3.94,1.38
Mike Wright,SEA,33,9,0,0,0,16,24,12,16,5,1,0,0,0,0,0,6.75,1.81
Edinson Volquez,TEX,40,11,4,0,0,16,20,12,10,12,3,0,1,0,0,1,6.75,2
Johnny Cueto,SF,37,4,4,0,0,16,11,9,13,9,3,1,2,0,0,0,5.06,1.25
Derek Holland,CHC,37,20,1,0,0,15.2,14,12,11,10,3,0,1,0,1,2,6.89,1.53
Justin Miller,WAS,36,17,0,0,0,15.2,16,7,11,4,5,1,0,0,1,4,4.02,1.28
Josh Lucas,BAL,33,9,0,0,0,15.2,14,10,16,7,2,0,0,1,0,0,5.74,1.34
Reed Garrett,DET,30,13,0,0,0,15.1,24,14,10,13,3,0,0,0,1,0,8.22,2.41
Wes Parsons,ATL,31,17,0,0,0,15.1,11,6,12,13,2,1,2,0,0,1,3.52,1.57
Jordan Romano,TOR,30,17,0,0,0,15.1,17,13,21,9,4,0,2,0,0,5,7.63,1.7
Carl Edwards,CHC,32,20,0,0,0,15.1,8,10,17,9,3,1,1,0,2,4,5.87,1.11
Adalberto Mejia,MIN,30,13,0,0,0,15.1,16,15,15,12,3,0,2,0,1,2,8.8,1.83
Jeanmar Gomez,TEX,35,16,0,0,0,15.1,23,14,10,6,2,1,0,0,0,0,8.22,1.89
Edubray Ramos,PHI,30,20,0,0,0,15,19,9,11,7,5,1,0,0,2,2,5.4,1.73
Taylor Williams,MIL,32,10,0,0,0,14.2,22,16,15,7,1,1,1,0,1,0,9.82,1.98
Brad Brach,NYM,37,16,0,0,0,14.2,15,6,15,3,1,1,1,0,1,2,3.68,1.23
Jhoulys Chacin,BOS,35,6,5,0,0,14.2,16,12,21,7,6,0,2,0,0,0,7.36,1.57
Joe Biagini,HOU,33,13,0,0,0,14.2,21,12,10,9,6,0,1,0,0,0,7.36,2.05
Dan Altavilla,SEA,31,17,0,0,0,14.2,9,9,18,12,1,2,1,0,2,1,5.52,1.43
Drew Steckenrider,MIA,32,15,0,0,0,14.1,9,10,14,5,6,0,2,0,1,3,6.28,0.98
Josh Rogers,BAL,29,5,0,0,0,14.1,18,14,5,6,7,0,1,0,0,0,8.79,1.67
Fernando Rodney,OAK,46,17,0,0,0,14.1,20,15,14,12,2,0,2,0,1,0,9.42,2.23
Wilmer Font,TB,33,10,0,0,0,14,15,9,18,5,2,1,0,0,0,1,5.79,1.43
Cory Gearrin,NYY,37,18,0,0,0,14,17,7,8,4,2,1,1,0,0,2,4.5,1.5
Javy Guerra,TOR,38,11,0,0,0,14,12,6,15,5,1,0,0,1,0,1,3.86,1.21
Austin Adams,DET,37,13,0,0,0,14,14,8,9,10,2,0,0,0,0,0,5.14,1.71
Nick Vincent,PHI,37,14,0,0,0,14,11,3,17,4,1,1,2,0,0,1,1.93,1.07
Ray Black,MIL,33,15,0,0,0,14,10,8,13,8,4,0,1,0,2,2,5.14,1.29
Zac Rosscup,SEA,35,19,0,0,0,14,13,5,20,14,1,2,0,0,1,5,3.21,1.93
Fernando Romero,MIN,28,15,0,0,0,14,19,11,18,11,2,0,1,0,0,1,7.07,2.14
Yefry Ramirez,PIT,29,9,0,0,0,14,19,12,16,7,2,0,0,0,0,0,7.71,1.86
Anthony Kay,TOR,28,3,2,0,0,14,15,9,13,5,0,1,0,0,0,0,5.79,1.43
Chris Flexen,NYM,29,9,1,0,0,13.2,15,10,10,13,1,0,3,0,0,0,6.59,2.05
Nick Tropeano,LAA,33,3,1,0,0,13.2,18,15,10,6,6,0,1,0,0,0,9.88,1.76
Devin Williams,MIL,29,13,0,0,0,13.2,18,6,14,6,2,0,0,0,0,2,3.95,1.76
Anthony Swarzak,SEA,38,15,0,0,0,13.2,14,8,17,8,6,2,2,3,3,0,5.27,1.61
Ervin Santana,CWS,40,3,3,0,0,13.1,19,14,5,6,6,0,2,0,0,0,9.45,1.88
Odrisamer Despaigne,CWS,36,3,3,0,0,13.1,24,14,7,7,3,0,2,0,0,0,9.45,2.33
Luke Farrell,TEX,32,9,1,0,0,13.1,6,4,12,3,3,1,0,0,0,0,2.7,0.68
Mike Wright,BAL,33,10,0,0,0,13.1,20,14,14,7,5,0,1,1,1,0,9.45,2.03
Adalberto Mejia,LAA,30,20,0,0,0,13,9,5,13,8,1,0,0,0,0,2,3.46,1.31
Fernando Abad,SF,37,21,0,0,0,13,9,6,9,3,2,0,2,0,0,8,4.15,0.92
Jacob Barnes,KC,33,15,0,0,0,13,14,12,10,11,4,0,4,0,0,0,8.31,1.92
John Schreiber,DET,29,13,0,0,0,13,16,9,19,4,3,2,0,0,1,1,6.23,1.54
Kyle Bird,TEX,30,12,0,0,0,12.2,11,11,10,15,5,0,0,1,0,0,7.82,2.05
Burch Smith,MIL,33,7,0,0,0,12.2,16,11,14,10,3,0,1,0,0,0,7.82,2.05
Alex Cobb,BAL,36,3,3,0,0,12.1,21,15,8,2,9,0,2,0,0,0,10.95,1.86
Ian Gibaut,TEX,30,9,0,0,0,12.1,11,7,14,8,1,1,1,0,0,0,5.11,1.54
Phil Maton,CLE,30,9,0,0,0,12.1,4,4,13,6,1,0,0,0,0,0,2.92,0.81
Adbert Alzolay,CHC,28,4,2,0,0,12.1,13,10,13,9,4,1,1,0,0,0,7.3,1.78
Pete Fairbanks,TB,29,13,0,0,0,12.1,17,7,13,3,1,2,1,2,0,3,5.11,1.62
Taylor Guilbeau,SEA,30,17,0,0,0,12.1,10,5,7,3,2,0,0,0,2,3,3.65,1.05
Jesus Luzardo,OAK,26,6,0,0,0,12,5,2,16,3,1,0,0,2,0,2,1.5,0.67
Grant Dayton,ATL,36,14,0,0,0,12,12,4,14,4,4,0,1,0,1,1,3,1.33
Luis Severino,NYY,29,3,3,0,0,12,6,2,17,6,0,1,1,0,0,0,1.5,1
Adam Kolarek,LAD,34,26,0,0,0,11.2,9,1,9,2,1,2,0,0,0,3,0.77,0.94
Dillon Maples,CHC,31,14,0,0,0,11.2,6,7,18,10,2,1,0,0,0,0,5.4,1.37
Duane Underwood,CHC,29,12,0,0,0,11.2,13,7,13,3,2,0,0,0,0,0,5.4,1.37
Jesse Biddle,ATL,32,15,0,0,0,11.2,18,7,11,10,1,0,1,0,0,0,5.4,2.4
Junior Fernandez,STL,26,13,0,0,0,11.2,9,7,16,6,2,0,1,0,3,0,5.4,1.29
R.J. Alaniz,CIN,32,8,0,0,0,11.2,8,7,7,4,0,1,0,0,0,0,5.4,1.03
Bobby Poyner,BOS,30,13,1,0,0,11.2,10,9,11,5,2,0,1,0,0,0,6.94,1.29
Eric Yardley,SD,33,10,0,0,0,11.2,12,3,7,3,1,0,1,0,0,0,2.31,1.29
Sam Dyson,MIN,35,12,0,0,0,11.1,14,9,8,6,3,1,0,0,1,6,7.15,1.76
Alex Wilson,MIL,37,13,0,0,0,11.1,15,12,13,9,3,1,1,1,0,1,9.53,2.12
A.J. Puk,OAK,28,10,0,0,0,11.1,10,4,13,5,1,2,0,0,1,2,3.18,1.32
Paul Blackburn,OAK,29,4,1,0,0,11,19,13,8,4,3,0,2,0,0,0,10.64,2.09
Allen Webster,CHC,33,12,0,0,0,11,14,6,9,5,2,0,0,1,0,0,4.91,1.73
Jesse Biddle,SEA,32,11,0,0,0,11,20,12,8,7,2,0,0,0,1,1,9.82,2.45
David Bednar,SD,29,13,0,0,0,11,10,8,14,5,3,0,2,0,0,2,6.55,1.36
Enyel De Los Santos,PHI,27,5,1,0,0,11,13,9,9,5,4,0,1,0,0,0,7.36,1.64
Rookie Davis,PIT,30,5,1,0,0,10.2,12,8,10,8,3,0,1,0,0,0,6.75,1.88
Randy Rosario,CHC,29,13,0,0,0,10.2,12,7,10,5,2,1,0,0,1,0,5.91,1.59
Kyle Keller,MIA,30,10,0,0,0,10.2,5,4,11,8,3,0,0,0,0,0,3.38,1.22
Eduardo Jimenez,DET,28,8,0,0,0,10.2,12,7,8,5,1,0,0,0,0,0,5.91,1.59
Robert Stock,SD,33,10,0,0,0,10.2,14,12,15,8,2,1,0,0,1,0,10.13,2.06
Nate Jones,CWS,37,13,0,0,0,10.1,10,4,10,7,2,0,1,1,0,2,3.48,1.65
Sam Selman,SF,33,10,0,0,0,10.1,6,5,10,6,2,0,0,0,1,1,4.35,1.16
Yacksel Rios,PIT,30,10,0,0,0,10.1,10,6,10,5,2,1,0,0,0,1,5.23,1.45
James Pazos,COL,32,12,0,0,0,10.1,7,2,10,4,1,0,0,0,0,3,1.74,1.06
Yefry Ramirez,BAL,29,4,1,0,0,10.1,11,8,11,9,2,0,2,0,0,0,6.97,1.94
Harrison Musgrave,COL,31,10,0,0,0,10,9,4,12,7,0,0,0,0,0,0,3.6,1.6
Brad Wieck,CHC,32,14,0,0,0,10,2,4,18,4,1,2,1,0,0,1,3.6,0.6
Joe Harvey,NYY,31,9,0,0,0,10,11,5,11,7,1,1,0,0,0,0,4.5,1.8
Jake Faria,TB,30,7,0,0,0,10,10,3,11,7,2,0,0,0,0,0,2.7,1.7
Matt Moore,DET,34,2,2,0,0,10,3,0,9,1,0,0,0,0,0,0,0,0.4
Brian Schlitter,OAK,37,6,0,0,0,9.2,12,4,6,4,0,0,0,0,0,0,3.72,1.66
Matt Carasiti,SEA,32,11,5,0,0,9.2,11,5,10,5,2,0,1,0,0,0,4.66,1.66
Brusdar Graterol,MIN,25,10,0,0,0,9.2,10,5,10,2,1,1,1,0,0,1,4.66,1.24
Joel Kuhnel,CIN,28,11,0,0,0,9.2,8,5,9,5,1,1,0,0,0,1,4.66,1.34
Jeremy Walker,ATL,28,6,0,0,0,9.1,9,2,6,4,0,0,0,0,0,0,1.93,1.39
Miguel Del Pozo,LAA,31,17,0,0,0,9.1,10,11,11,8,3,1,1,0,0,0,10.61,1.93
James Norwood,CHC,29,9,0,0,0,9.1,9,3,11,8,1,0,1,0,0,0,2.89,1.82
Dovydas Neverauskas,PIT,30,10,0,0,0,9.1,15,11,10,7,2,0,0,0,0,1,10.61,2.36
Shane Carle,ATL,32,6,0,0,0,9.1,11,10,6,9,3,0,0,0,0,0,9.64,2.14
Josh Sborz,LAD,29,7,0,0,0,9,10,8,7,4,2,0,1,0,0,0,8,1.56
Trevor Rosenthal,DET,33,10,0,0,0,9,3,7,12,11,0,0,0,0,0,1,7,1.56
Cionel Perez,HOU,27,5,0,0,0,9,11,10,7,2,3,1,1,0,0,0,10,1.44
Ryan Dull,OAK,34,7,0,0,0,9,19,12,8,4,4,0,0,0,0,1,12,2.56
Gerson Bautista,SEA,28,8,2,0,0,9,13,11,7,9,2,0,1,0,0,0,11,2.44
Tayler Scott,BAL,31,8,0,0,0,8.2,20,18,7,5,5,0,0,0,0,0,18.69,2.88
Daniel Zamora,NYM,30,17,0,0,0,8.2,10,5,8,5,1,0,1,0,0,0,5.19,1.73
Bryan Abreu,HOU,26,7,0,0,0,8.2,4,1,13,3,0,0,0,0,0,0,1.04,0.81
Pete Fairbanks,TEX,29,8,0,0,0,8.2,8,9,15,7,4,0,2,0,0,0,9.35,1.73
Cody Anderson,CLE,33,5,2,0,0,8.2,12,9,9,8,1,0,1,0,1,0,9.35,2.31
Tyler Lyons,NYY,35,11,0,0,0,8.2,7,4,12,2,3,0,1,0,0,0,4.15,1.04
Jake Faria,MIL,30,9,0,0,0,8.2,18,11,8,5,3,0,1,0,0,2,11.42,2.65
Javy Guerra,SD,28,8,0,0,0,8.2,7,5,6,3,3,0,0,0,0,0,5.19,1.15
Nick Burdi,PIT,30,11,0,0,0,8.2,11,9,17,3,1,2,1,0,1,0,9.35,1.62
Tim Collins,CHC,34,9,0,0,0,8.2,9,3,4,3,1,0,0,0,0,0,3.12,1.38
Garrett Richards,SD,35,3,3,0,0,8.2,10,8,11,6,2,0,1,0,0,0,8.31,1.85
Burch Smith,SF,33,10,0,0,0,8.2,10,2,6,4,0,0,0,0,1,0,2.08,1.62
Neil Ramirez,TOR,34,6,1,0,0,8.1,8,5,6,6,2,0,0,0,0,0,5.4,1.68
Sean Poppen,MIN,29,4,0,0,0,8.1,10,7,9,5,1,0,0,0,0,0,7.56,1.8
Trevor Kelley,BOS,30,10,0,0,0,8.1,9,8,6,5,2,0,3,0,0,0,8.64,1.68
Josh D. Smith,CLE,34,8,0,0,0,8.1,8,5,12,8,0,0,0,0,0,0,5.4,1.92
James Hoyt,CLE,37,8,0,0,0,8.1,6,2,10,2,2,0,0,0,0,1,2.16,0.96
Kyle Barraclough,SF,33,10,0,0,0,8,5,2,10,9,1,0,0,0,1,0,2.25,1.75
Adrian Morejon,SD,24,5,2,0,0,8,15,9,9,3,1,0,0,0,0,0,10.13,2.25
Joe Harvey,COL,31,9,0,0,0,8,7,5,6,6,2,0,0,0,0,0,5.63,1.63
JC Ramirez,LAA,35,5,0,0,0,8,8,4,4,1,1,0,0,0,0,0,4.5,1.13
Jake Petricka,MIL,35,6,0,0,0,8,6,3,3,6,0,0,0,0,0,0,3.38,1.5
Jon Edwards,CLE,35,9,0,0,0,8,5,2,5,6,2,2,0,0,0,0,2.25,1.38
Hector Santiago,NYM,35,8,0,0,0,8,10,6,6,5,1,1,0,0,0,0,6.75,1.88
Ryan Eades,BAL,31,6,0,0,0,7.2,7,3,5,4,2,0,1,0,1,1,3.52,1.43
Keynan Middleton,LAA,30,11,0,0,0,7.2,4,1,6,7,0,0,0,0,0,0,1.17,1.43
Tayler Scott,SEA,31,5,2,0,0,7.2,11,8,7,6,1,0,0,0,0,0,9.39,2.22
Cole Sulser,TB,33,7,0,0,0,7.1,5,0,9,3,0,0,0,0,0,0,0,1.09
Phillip Diehl,COL,29,10,0,0,0,7.1,10,6,8,2,1,0,0,0,0,0,7.36,1.64
Tim Peterson,NYM,32,6,0,0,0,7.1,7,4,3,7,1,0,0,0,0,0,4.91,1.91
Gabe Speier,KC,28,9,0,0,0,7.1,5,6,10,6,2,0,0,0,0,1,7.36,1.5
Robby Scott,ARI,34,11,0,0,0,7.1,8,4,9,7,1,1,0,0,0,0,4.91,2.05
Ben Heller,NYY,32,6,0,0,0,7.1,6,1,9,3,1,0,0,0,0,0,1.23,1.23
Brooks Pounders,NYM,33,7,0,0,0,7.1,9,5,5,2,1,1,0,0,0,0,6.14,1.5
Thyago Vieira,CWS,30,6,0,0,0,7,11,7,8,5,0,1,0,0,0,0,9,2.29
David McKay,SEA,28,7,0,0,0,7,5,4,5,8,1,0,0,0,0,0,5.14,1.86
Locke St. John,TEX,30,7,0,0,0,6.2,7,4,5,4,0,0,0,0,0,2,5.4,1.65
Ryan Borucki,TOR,29,2,2,0,0,6.2,15,8,6,6,2,0,1,0,0,0,10.8,3.15
Donnie Hart,MIL,33,4,0,0,0,6.2,4,0,3,4,0,0,0,0,0,0,0,1.2
Justin Dunn,SEA,28,4,4,0,0,6.2,2,2,5,9,0,0,0,0,0,0,2.7,1.65
Stephen Nogosek,NYM,28,7,0,0,0,6.2,12,8,6,2,2,0,1,0,0,0,10.8,2.1
Corey Oswalt,NYM,30,2,0,0,0,6.2,9,9,5,6,1,0,1,0,0,0,12.15,2.25
Bryan Garcia,DET,28,7,0,0,0,6.2,9,9,7,5,1,0,0,0,1,1,12.15,2.1
David Robertson,PHI,38,7,0,0,0,6.2,8,4,6,6,1,0,1,0,0,2,5.4,2.1
Williams Jerez,SF,31,6,0,0,0,6.2,7,2,4,6,1,1,0,0,0,1,2.7,1.95
Trevor Rosenthal,WAS,33,12,0,0,0,6.1,8,16,5,15,0,0,1,0,0,1,22.74,3.63
Cody Reed,CIN,30,3,0,0,0,6.1,6,1,7,1,0,0,0,0,0,0,1.42,1.11
Hunter Harvey,BAL,28,7,0,0,0,6.1,3,1,11,4,1,1,0,0,1,1,1.42,1.11
Ty Blach,SF,33,2,0,0,0,6.1,14,10,3,4,2,0,0,0,0,0,14.21,2.84
Steven Wright,BOS,39,6,0,0,0,6.1,11,6,5,4,3,0,1,0,0,0,8.53,2.37
Brian Moran,MIA,35,10,0,0,0,6.1,6,3,10,2,1,1,0,0,1,2,4.26,1.26
Miguel Diaz,SD,28,5,0,0,0,6.1,9,5,4,1,1,0,0,0,0,1,7.11,1.58
Jimmy Herget,CIN,30,5,0,0,0,6.1,8,3,0,3,2,0,0,0,0,0,4.26,1.74
Jacob Rhame,NYM,30,5,0,0,0,6.1,3,3,5,9,1,0,1,0,0,0,4.26,1.89
Drew Anderson,PHI,29,2,0,0,0,6,6,5,6,6,1,0,0,0,0,0,7.5,2
Rico Garcia,COL,29,2,1,0,0,6,9,7,2,5,3,0,1,0,0,0,10.5,2.33
Carlos Torres,DET,41,4,0,0,0,6,9,5,8,1,2,0,0,0,0,0,7.5,1.67
Ryan Feierabend,TOR,38,2,1,1,0,5.2,11,7,4,1,2,0,1,0,0,0,11.12,2.12
Luke Gregerson,STL,39,6,0,0,0,5.2,11,5,2,1,0,0,0,0,0,0,7.94,2.12
Wei-Chieh Huang,TEX,30,4,0,0,0,5.2,8,2,2,5,0,0,0,0,0,0,3.18,2.29
Luis Escobar,PIT,27,4,0,0,0,5.2,10,5,2,4,1,0,0,0,0,0,7.94,2.47
Wandy Peralta,SF,32,8,0,0,0,5.2,4,2,5,1,1,0,0,0,0,1,3.18,0.88
Art Warren,SEA,30,6,0,0,0,5.1,2,0,5,2,0,1,0,0,0,1,0,0.75
Reymin Guduan,HOU,31,7,0,0,0,5.1,8,7,6,4,3,1,0,0,1,0,11.81,2.25
Pedro Avila,SD,26,1,1,0,0,5.1,4,1,5,2,0,0,0,0,0,0,1.69,1.13
Enderson Franco,SF,30,5,0,0,0,5.1,4,2,4,1,1,0,0,0,0,1,3.38,0.94
James Karinchak,CLE,28,5,0,0,0,5.1,3,1,8,1,0,0,0,0,0,0,1.69,0.75
Nathan Karns,BAL,36,4,2,0,0,5.1,7,0,5,3,0,0,1,0,0,0,0,1.88
Darren O'Day,ATL,41,8,0,0,0,5.1,3,1,6,1,0,0,0,0,0,0,1.69,0.75
Tommy Hunter,PHI,37,5,0,0,0,5.1,2,0,5,0,0,0,0,0,0,1,0,0.38
Jesse Biddle,TEX,32,4,0,0,0,5.1,4,7,7,5,2,0,0,0,0,0,11.81,1.69
Michael Blazek,WAS,34,4,0,0,0,5,6,4,0,5,1,0,0,0,0,0,7.2,2.2
Brady Rodgers,HOU,33,3,0,0,0,5,7,9,4,3,4,0,0,0,0,0,16.2,2
Jaime Schultz,LAD,32,4,0,0,0,5,6,4,3,3,1,0,0,0,0,0,7.2,1.8
Dennis Santana,LAD,27,3,0,0,0,5,6,4,6,4,1,0,0,0,0,0,7.2,2
Yohander Mendez,TEX,28,3,0,0,0,4.2,4,3,8,5,2,1,0,0,0,0,5.79,1.93
Parker Markel,SEA,33,5,0,0,0,4.2,10,8,3,4,3,0,0,0,0,0,15.43,3
Matt Wotherspoon,BAL,32,2,0,0,0,4.2,10,8,2,2,2,0,0,0,0,0,15.43,2.57
Andrew Moore,SEA,29,1,1,0,0,4.2,6,4,2,1,2,0,0,0,0,0,7.71,1.5
Victor Arano,PHI,28,3,0,0,0,4.2,2,2,7,2,1,1,0,0,0,0,3.86,0.86
Jesse Hahn,KC,34,6,0,0,0,4.2,7,7,7,6,1,0,1,0,0,0,13.5,2.79
Dan Jennings,WAS,36,8,0,0,0,4.2,8,7,9,7,1,1,2,0,2,0,13.5,3.21
Jonny Venters,ATL,38,9,0,0,0,4.2,9,9,7,8,3,0,0,1,1,1,17.36,3.64
Josh D. Smith,MIA,34,6,0,0,0,4.1,3,4,2,3,0,0,0,0,0,0,8.31,1.38
Joel Payamps,ARI,29,2,0,0,0,4,4,2,3,3,0,0,0,0,0,0,4.5,1.75
R.J. Alaniz,SEA,32,4,0,0,0,4,11,9,6,3,3,0,0,0,0,0,20.25,3.5
Brock Stewart,LAD,32,3,0,0,0,4,9,8,3,2,2,0,0,0,0,0,18,2.75
Arodys Vizcaino,ATL,33,4,0,0,0,4,3,1,6,3,1,1,0,1,1,0,2.25,1.5
Wei-Chung Wang,PIT,31,5,0,0,0,4,5,3,2,3,0,2,0,0,0,0,6.75,2
Jordan Montgomery,NYY,30,2,1,0,0,4,7,3,5,0,1,0,0,0,0,0,6.75,1.75
Anthony Banda,TB,30,3,0,0,0,4,6,3,2,0,0,0,0,0,0,0,6.75,1.5
Jose De Leon,TB,31,3,0,0,0,4,3,1,7,3,0,1,0,0,0,0,2.25,1.5
Danny Salazar,CLE,33,1,1,0,0,4,4,2,2,3,2,0,1,0,0,0,4.5,1.75
Tyler Lyons,PIT,35,3,0,0,0,4,6,5,5,3,1,1,1,0,0,1,11.25,2.25
Hoby Milner,TB,32,4,0,0,0,3.2,4,3,3,1,0,0,0,0,0,1,7.36,1.36
Ryan Eades,MIN,31,2,0,0,0,3.2,4,0,5,2,0,0,0,0,0,0,0,1.64
Williams Jerez,PIT,31,6,0,0,0,3.2,5,3,5,3,1,0,0,0,0,0,7.36,2.18
Shawn Armstrong,SEA,33,4,0,0,0,3.2,8,6,3,3,1,0,1,0,0,0,14.73,3
Keury Mella,CIN,30,2,0,0,0,3.2,5,3,4,2,0,0,0,0,0,0,7.36,1.91
Jake Barrett,NYY,32,2,0,0,0,3.2,6,6,4,2,2,0,0,0,0,0,14.73,2.18
Randy Rosario,KC,29,6,0,0,0,3.2,3,0,3,0,0,1,0,0,0,0,0,0.82
Jose Fernandez,DET,30,4,0,0,0,3.2,6,7,2,5,1,0,0,0,0,0,17.18,3
Jonny Venters,WAS,38,3,0,0,0,3.1,3,2,5,2,0,0,1,0,0,1,5.4,1.5
Pat Venditte,SF,38,2,0,0,0,3.1,4,6,2,2,1,0,0,0,0,0,16.2,1.8
David Carpenter,TEX,38,4,0,0,0,3.1,4,2,2,4,0,0,0,0,0,0,5.4,2.4
Hunter Strickland,SEA,35,4,0,0,0,3.1,2,3,3,0,1,0,1,2,1,0,8.1,0.6
Danny Hultzen,CHC,33,6,0,0,0,3.1,4,0,5,2,0,0,0,0,0,0,0,1.8
Luis Ortiz,BAL,28,1,1,0,0,3.1,4,4,3,5,2,0,1,0,0,0,10.8,2.7
Aaron Loup,SD,35,4,0,0,0,3.1,2,0,5,1,0,0,0,0,0,1,0,0.9
Adalberto Mejia,STL,30,2,0,0,0,3,8,3,2,1,0,0,0,0,0,0,9,3
Huascar Ynoa,ATL,25,2,0,0,0,3,6,6,3,1,1,0,0,0,0,0,18,2.33
Roenis Elias,WAS,35,4,0,0,0,3,5,3,2,1,2,0,0,0,1,1,9,2
Alex Reyes,STL,29,4,0,0,0,3,2,5,1,6,1,0,1,0,0,2,15,2.67
Zac Rosscup,LAD,35,7,0,0,0,3,6,2,4,3,1,0,0,0,0,0,6,3
Erasmo Ramirez,BOS,33,1,0,0,0,3,4,4,1,1,2,0,0,0,0,0,12,1.67
Ryan Garton,SEA,33,2,0,0,0,3,4,4,1,1,2,0,0,0,0,0,12,1.67
Joe Mantiply,NYY,32,1,0,0,0,3,3,3,2,2,1,1,0,0,0,0,9,1.67
Aaron Slegers,TB,31,1,0,0,0,3,3,1,0,0,1,0,0,1,0,0,3,1
Yacksel Rios,PHI,30,4,0,0,0,2.2,6,4,2,3,2,0,0,0,0,0,13.5,3.38
Caleb Frare,CWS,30,5,0,0,0,2.2,2,3,3,4,1,0,0,0,0,0,10.13,2.25
Austin Adams,MIN,37,2,0,0,0,2.2,4,5,5,3,2,0,0,0,0,0,16.88,2.63
Fernando Salas,PHI,38,3,0,0,0,2.2,8,2,3,0,1,0,0,0,0,0,6.75,3
Brady Lail,NYY,30,1,0,0,0,2.2,2,3,2,1,1,0,0,0,0,0,10.13,1.13
Ricardo Pinto,TB,29,2,0,0,0,2.1,4,4,0,2,1,0,0,0,0,0,15.43,2.57
Sean Gilmartin,BAL,33,1,1,0,0,2.1,7,5,1,2,2,0,1,0,0,0,19.29,3.86
Aaron Barrett,WAS,35,3,0,0,0,2.1,5,4,1,4,1,0,0,0,0,0,15.43,3.86
John Curtiss,LAA,30,1,0,0,0,2.1,2,1,1,3,0,0,0,0,0,0,3.86,2.14
Logan Allen,CLE,26,1,0,0,0,2.1,3,0,3,0,0,0,0,0,0,0,0,1.29
Ryan Dull,NYY,34,3,0,0,0,2.1,5,5,4,3,0,0,0,0,0,0,19.29,3.43
Michael King,NYY,28,1,0,0,0,2,2,0,1,0,0,0,0,0,0,0,0,1
Ian Gibaut,TB,30,1,0,0,0,2,1,2,2,2,0,0,0,0,0,0,9,1.5
Adonis Rosa,NYY,29,1,0,0,0,2,1,1,2,0,1,0,0,0,0,0,4.5,0.5
Sam Freeman,LAA,36,1,0,0,0,2,3,1,0,2,1,0,0,0,0,0,4.5,2.5
Xavier Cedeno,CHC,37,5,0,0,0,2,4,0,1,3,0,0,0,0,0,0,0,3.5
Ray Black,SF,33,2,0,0,0,2,4,1,5,1,1,0,0,0,0,0,4.5,2.5
Chasen Shreve,STL,33,3,0,0,0,2,2,2,2,1,0,1,0,0,0,1,9,1.5
Carl Edwards,SD,32,2,0,0,0,1.2,4,6,2,4,0,0,0,0,0,0,32.4,4.8
Jorge Alcala,MIN,28,2,0,0,0,1.2,1,0,1,1,0,0,0,0,0,0,0,1.2
Ryan Dull,TOR,34,1,0,0,0,1.1,1,1,3,0,1,0,0,0,0,0,6.75,0.75
Jimmy Cordero,TOR,32,1,0,0,0,1.1,2,1,0,0,1,0,1,0,0,0,6.75,1.5
Tony Barnette,CHC,40,2,0,0,0,1.1,2,1,0,0,1,0,0,0,0,0,6.75,1.5
Ryan O'Rourke,NYM,35,2,0,0,0,1.1,0,0,1,3,0,0,0,0,0,0,0,2.25
Nick Rumbelow,SEA,32,3,0,0,0,1.1,3,4,2,1,2,0,0,1,0,0,27,3
Chase De Jong,MIN,29,1,0,0,0,1,3,4,0,3,1,0,0,0,0,0,36,6
Matt Ramsey,LAA,34,1,0,0,0,1,0,0,1,0,0,0,0,0,0,0,0,0
Chris Ellis,KC,31,1,0,0,0,1,1,0,0,1,0,0,0,0,0,0,0,2
Zac Rosscup,TOR,35,2,0,0,0,1,3,3,2,2,0,0,0,0,0,0,27,5
Ben Lively,KC,31,1,0,0,0,1,3,3,1,0,1,0,0,0,0,0,27,3
Chris Rusin,COL,37,2,0,0,0,1,5,4,0,1,1,0,0,0,0,0,36,6
Taijuan Walker,ARI,31,1,1,0,0,1,1,0,1,0,0,0,0,0,0,0,0,1
Donnie Hart,NYM,33,1,0,0,0,1,0,0,0,0,0,0,0,0,0,0,0,0
Austin Adams,WAS,32,1,0,0,0,1,0,1,2,2,0,0,0,0,0,0,9,2
Sandy Baez,DET,30,1,0,0,0,1,2,1,0,0,0,0,0,0,0,0,9,2
Yennsy Diaz,TOR,27,1,0,0,0,0.2,1,2,0,4,0,0,0,0,0,0,27,7.5
James Bourque,WAS,30,1,0,0,0,0.2,3,4,0,2,0,0,0,0,0,0,54,7.5
Pedro Araujo,BAL,30,1,0,0,0,0.2,2,2,0,1,1,0,0,0,0,0,27,4.5
Deolis Guerra,MIL,34,1,0,0,0,0.2,4,4,0,0,1,0,0,0,0,0,54,6
Dellin Betances,NYY,35,1,0,0,0,0.2,0,0,2,0,0,0,0,0,0,0,0,0
Jose Castillo,SD,27,1,0,0,0,0.2,0,0,2,1,0,0,0,0,0,0,0,1.5
Austen Williams,WAS,30,2,0,0,0,0.1,5,6,1,1,2,0,0,0,0,0,162,18
Taylor Hearn,TEX,29,1,1,0,0,0.1,3,4,0,4,0,0,1,0,0,0,108,21
