Rk,Name,Age,Tm,G,GS,CG,Inn,Ch,PO,A,E,DP,Fld%,Rtot,Rtot/yr,Rdrs,Rdrs/yr,Rgood,RF/9,RF/G,Pos Summary
1,David Aardsma,28,SEA,53,0,0,49.2,6,2,3,1,0,.833,,,0,0,0,0.91,0.09,P
2,Bobby Abreu,36,LAA,134,134,113,1154.2,255,242,7,6,2,.976,-19,-20,-25,-25,-8,1.94,1.86,OF
3,Jeremy Accardo,28,TOR,5,0,0,6.2,1,0,1,0,0,1.000,,,0,0,0,1.35,0.20,P
4,Alfredo Aceves,27,NYY,10,0,0,12.0,2,0,2,0,0,1.000,,,1,18,0,1.50,0.20,P
5,Jonathan Albaladejo,27,NYY,10,0,0,11.1,2,0,2,0,0,1.000,,,1,19,0,1.59,0.20,P
6,Matt Albers,27,BAL,62,0,0,75.2,22,6,15,1,3,.955,,,-1,-2,-1,2.50,0.34,P
7,Cory Aldridge,31,LAA,5,3,2,29.0,5,5,0,0,0,1.000,0,-17,-3,-124,0,1.55,1.00,OF
8,Eliézer Alfonzo,31,SEA,12,10,9,91.0,58,54,2,2,0,.966,1,13,-1,-12,-1,5.54,4.67,C
9,Héctor Ambriz,26,CLE,34,0,0,48.1,8,1,7,0,0,1.000,,,0,0,0,1.49,0.24,P
10,Brett Anderson,22,OAK,19,19,0,112.1,36,4,31,1,1,.972,,,2,4,0,2.80,1.84,P
11,Lars Anderson,22,BOS,18,11,7,111.0,105,96,9,0,9,1.000,1,11,1,13,0,8.51,5.83,1B
12,Robert Andino,26,BAL,16,16,10,142.0,46,17,28,1,5,.978,1,7,1,9,0,2.85,2.14,2B-3B-SS
13,Elvis Andrus,21,TEX,148,144,140,1291.1,659,242,401,16,89,.976,3,3,-7,-6,-3,4.48,4.34,SS
14,Rick Ankiel,30,KCR,25,23,22,209.0,71,68,1,2,1,.972,-6,-36,-6,-34,-4,2.97,2.76,OF
15,J.P. Arencibia,24,TOR,8,7,6,63.0,51,48,3,0,0,1.000,1,19,0,0,0,7.29,6.38,C
16,Joaquín Arias,25,TEX,33,22,13,196.2,121,66,53,2,19,.983,1,4,-3,-16,0,5.45,3.61,2B-1B-SS
17,Jake Arrieta,24,BAL,18,18,0,100.1,23,8,13,2,1,.913,,,0,0,0,1.88,1.17,P
18,Scott Atchison,34,BOS,43,1,0,60.0,13,7,6,0,1,1.000,,,0,0,0,1.95,0.30,P
19,Garrett Atkins,30,BAL,30,30,29,259.1,259,242,16,1,24,.996,-4,-16,-5,-22,-1,8.95,8.60,1B
20,Alex Avila,23,DET,98,84,71,756.2,594,556,34,4,5,.993,-3,-5,-7,-11,-1,7.02,6.02,C
21,Mike Aviles,29,KCR,103,101,98,894.2,505,203,288,14,45,.972,-7,-10,-8,-10,-2,4.94,4.68,2B-SS-3B
22,Erick Aybar,26,LAA,135,133,130,1179.2,563,198,344,21,59,.963,-6,-6,4,4,-1,4.14,4.01,SS
23,Willy Aybar,27,TBR,18,3,2,56.0,28,15,12,1,1,.964,-1,-15,0,6,0,4.34,1.42,3B-1B-2B
24,Andrew Bailey,26,OAK,47,0,0,49.0,9,4,5,0,0,1.000,,,0,0,0,1.65,0.19,P
25,Scott Baker,28,MIN,29,29,0,170.1,29,15,13,1,1,.966,,,2,2,0,1.48,0.97,P
Rk,Name,Age,Tm,G,GS,CG,Inn,Ch,PO,A,E,DP,Fld%,Rtot,Rtot/yr,Rdrs,Rdrs/yr,Rgood,RF/9,RF/G,Pos Summary
26,Rocco Baldelli,28,TBR,4,3,0,22.0,6,6,0,0,0,1.000,-1,-44,2,109,0,2.45,1.50,OF
27,Grant Balfour,32,TBR,57,0,0,55.1,4,2,2,0,0,1.000,,,0,0,0,0.65,0.07,P
28,Brian Bannister,29,KCR,24,23,0,127.2,36,16,19,1,1,.972,,,2,3,1,2.47,1.46,P
29,Daniel Bard,25,BOS,73,0,0,74.2,16,7,7,2,1,.875,,,-2,-5,0,1.69,0.19,P
30,Josh Bard,32,SEA,39,35,33,304.0,216,202,12,2,0,.991,3,12,-3,-11,-1,6.34,5.49,C
31,Jason Bartlett,30,TBR,131,125,112,1104.0,472,152,309,11,58,.977,-4,-5,-1,-1,0,3.76,3.52,SS
32,Daric Barton,24,OAK,157,155,143,1333.2,1492,1404,78,10,121,.993,11,10,18,16,1,10.00,9.44,1B
33,José Bautista,29,TOR,159,159,142,1396.2,351,232,112,7,12,.980,-14,-12,-7,-6,9,2.22,2.08,OF-3B-1B
34,Josh Beckett,30,BOS,21,21,0,127.2,30,9,20,1,0,.967,,,-2,-3,0,2.04,1.38,P
35,Gordon Beckham,23,CHW,126,125,122,1111.1,632,245,375,12,100,.981,-11,-12,-7,-7,1,5.02,4.92,2B
36,Josh Bell,23,BAL,50,40,36,369.1,108,27,77,4,8,.963,-1,-3,3,10,-1,2.53,2.08,3B
37,Trevor Bell,23,LAA,25,7,0,61.0,13,7,5,1,1,.923,,,-1,-3,0,1.77,0.48,P
38,Adrián Beltré,31,BOS,154,151,146,1342.2,442,138,285,19,31,.957,7,6,19,17,1,2.84,2.75,3B
39,Omar Beltré,28,TEX,2,2,0,7.0,3,0,3,0,0,1.000,,,-1,-26,0,3.86,1.50,P
40,Joaquín Benoit,32,TBR,63,0,0,60.1,4,0,4,0,0,1.000,,,1,4,0,0.60,0.06,P
41,Brad Bergesen,24,BAL,30,28,2,170.0,33,11,22,0,3,1.000,,,4,5,0,1.75,1.10,P
42,Jason Berken,26,BAL,41,0,0,62.1,7,3,4,0,0,1.000,,,0,0,0,1.01,0.17,P
43,Lance Berkman,34,NYY,8,7,3,60.1,57,54,2,1,8,.982,-2,-44,-2,-36,-1,8.35,7.00,1B
44,Yuniesky Betancourt,28,KCR,151,151,148,1331.2,692,256,418,18,84,.974,-3,-2,-27,-24,-3,4.56,4.46,SS
45,Wilson Betemit,28,KCR,61,59,57,524.1,156,67,79,10,10,.936,-14,-33,-15,-34,-1,2.51,2.35,3B-1B-OF-2B
46,Nick Blackburn,28,MIN,28,26,1,161.0,38,11,25,2,4,.947,,,2,3,0,2.01,1.29,P
47,Hank Blalock,29,TBR,5,2,1,23.0,12,8,3,1,1,.917,0,-5,2,104,0,4.30,2.20,3B-1B-OF
48,Andrés Blanco,26,TEX,64,48,38,444.1,206,65,134,7,27,.966,4,10,0,1,1,4.03,3.06,2B-SS-3B
49,Grégor Blanco,26,KCR,44,44,42,382.0,102,99,3,0,1,1.000,-3,-8,-5,-15,0,2.40,2.32,OF
50,Jerry Blevins,26,OAK,63,0,0,48.2,9,2,5,2,0,.778,,,-2,-8,0,1.29,0.11,P
Rk,Name,Age,Tm,G,GS,CG,Inn,Ch,PO,A,E,DP,Fld%,Rtot,Rtot/yr,Rdrs,Rdrs/yr,Rgood,RF/9,RF/G,Pos Summary
51,Willie Bloomquist,32,KCR,51,40,33,370.1,112,76,31,5,6,.955,1,3,-16,-51,-1,2.60,1.98,OF-3B-2B-1B-SS
52,Brennan Boesch,25,DET,118,111,76,937.2,235,216,9,10,2,.957,3,4,-5,-6,-4,2.16,1.91,OF
53,Brandon Boggs,27,TEX,4,2,2,18.0,5,5,0,0,0,1.000,-2,-120,-5,-333,0,2.50,1.25,OF
54,Jeremy Bonderman,27,DET,30,29,0,171.0,25,12,10,3,4,.880,,,-8,-9,-1,1.16,0.73,P
55,Eddie Bonine,29,DET,47,1,0,68.0,10,4,6,0,3,1.000,,,-2,-6,0,1.32,0.21,P
56,Boof Bonser,28,TOT,15,0,0,25.0,9,3,6,0,0,1.000,,,0,0,0,3.24,0.60,P
57,Julio Borbon,24,TEX,133,122,107,1101.2,343,337,2,4,0,.988,0,0,20,21,0,2.77,2.55,OF
58,Peter Bourjos,23,LAA,51,49,48,449.2,160,149,10,1,1,.994,14,38,26,69,10,3.18,3.12,OF
59,Michael Bowden,23,BOS,14,0,0,15.1,2,0,1,1,0,.500,,,-1,-12,0,0.59,0.07,P
60,Cedrick Bowers,32,OAK,14,0,0,14.0,1,1,0,0,0,1.000,,,0,0,0,0.64,0.07,P
61,Dallas Braden,26,OAK,30,30,5,192.2,46,12,32,2,4,.957,,,4,4,0,2.06,1.47,P
62,Milton Bradley,32,SEA,40,39,32,330.1,93,88,3,2,0,.978,-1,-5,0,0,-2,2.48,2.28,OF
63,Michael Brantley,23,CLE,72,69,68,625.2,163,161,0,2,0,.988,-8,-16,-30,-57,2,2.32,2.24,OF
64,Russell Branyan,34,TOT,51,48,43,416.1,508,458,45,5,66,.990,7,19,1,2,-3,10.87,9.86,1B
65,Craig Breslow,29,OAK,75,0,0,74.2,5,2,2,1,0,.800,,,-1,-2,0,0.48,0.05,P
66,Reid Brignac,24,TBR,108,75,54,732.0,380,134,237,9,39,.976,1,1,9,14,2,4.56,3.09,2B-SS-OF
67,Dusty Brown,28,BOS,7,3,2,35.2,30,26,4,0,2,1.000,-1,-34,1,37,1,7.57,4.29,C
68,Jordan Brown,26,CLE,17,15,13,130.0,90,87,3,0,5,1.000,2,20,3,27,0,6.23,5.29,1B-OF
69,Clay Buchholz,25,BOS,28,28,1,173.2,47,21,24,2,1,.957,,,0,0,-1,2.33,1.61,P
70,Taylor Buchholz,28,TOR,2,0,0,2.0,0,0,0,0,0,,,,0,0,,0.00,0.00,P
71,John Buck,29,TOR,112,104,100,933.0,778,733,40,5,6,.994,1,1,-11,-14,-2,7.46,6.90,C
72,Travis Buck,26,OAK,13,13,11,114.1,16,16,0,0,0,1.000,-3,-28,-2,-21,0,1.26,1.23,OF
73,Ryan Budde,30,LAA,6,3,2,30.0,37,35,2,0,1,1.000,-1,-40,0,0,0,11.10,6.17,C
74,Mark Buehrle,31,CHW,33,33,3,210.1,50,4,46,0,4,1.000,,,12,12,0,2.14,1.52,P
75,Jason Bulger,31,LAA,25,0,0,24.0,4,3,1,0,0,1.000,,,1,9,0,1.50,0.16,P
Rk,Name,Age,Tm,G,GS,CG,Inn,Ch,PO,A,E,DP,Fld%,Rtot,Rtot/yr,Rdrs,Rdrs/yr,Rgood,RF/9,RF/G,Pos Summary
76,Bryan Bullington,29,KCR,13,5,0,42.2,10,6,2,2,1,.800,,,-2,-9,0,1.69,0.62,P
77,A.J. Burnett,33,NYY,33,33,1,186.2,29,9,16,4,1,.862,,,-7,-7,-1,1.21,0.76,P
78,Alex Burnett,22,MIN,41,0,0,47.2,7,1,5,1,0,.857,,,-1,-4,0,1.13,0.15,P
79,Drew Butera,26,MIN,47,44,34,394.2,332,301,26,5,3,.985,4,12,3,9,0,7.46,6.96,C
80,Billy Butler,24,KCR,127,126,120,1102.1,1104,1002,96,6,101,.995,2,2,-4,-4,-2,8.96,8.65,1B
81,Eric Byrnes,34,SEA,11,8,8,85.0,28,28,0,0,0,1.000,-1,-16,0,0,0,2.96,2.55,OF
82,Asdrúbal Cabrera,24,CLE,95,94,90,825.1,431,148,271,12,73,.972,-3,-4,-1,-1,3,4.57,4.41,SS
83,Fernando Cabrera,28,BOS,1,0,0,1.1,0,0,0,0,0,,,,0,0,,0.00,0.00,P
84,Miguel Cabrera,27,DET,148,148,132,1285.1,1327,1218,96,13,133,.990,-3,-2,-5,-4,0,9.20,8.88,1B
85,Trevor Cahill,22,OAK,30,30,1,196.2,61,6,54,1,2,.984,,,11,11,1,2.75,2.00,P
86,Alberto Callaspo,27,TOT,141,139,129,1236.0,382,102,269,11,34,.971,9,9,2,1,-2,2.70,2.59,3B-2B-OF
87,Mike Cameron,37,BOS,46,43,38,392.0,116,111,3,2,1,.983,5,14,-12,-36,0,2.62,2.48,OF
88,Shawn Camp,34,TOR,70,0,0,72.1,8,4,4,0,1,1.000,,,-1,-2,0,1.00,0.11,P
89,Robinson Canó,27,NYY,158,157,153,1393.1,776,341,432,3,114,.996,4,4,16,14,-1,4.99,4.89,2B
90,Jorge Cantú,28,TEX,29,26,20,227.0,177,160,17,0,20,1.000,4,19,-2,-8,0,7.02,5.53,1B-3B-2B
91,Matt Capps,26,MIN,27,0,0,27.0,5,2,3,0,1,1.000,,,0,0,0,1.67,0.19,P
92,Luke Carlin,29,CLE,6,4,3,37.0,38,34,4,0,1,1.000,1,32,0,0,0,9.24,6.33,C
93,Jesse Carlson,29,TOR,20,0,0,13.2,4,2,2,0,1,1.000,,,0,0,0,2.63,0.20,P
94,Mike Carp,24,SEA,10,10,4,70.0,69,65,4,0,3,1.000,-1,-24,0,0,0,8.87,6.90,1B-OF
95,Carlos Carrasco,23,CLE,7,7,1,44.2,8,3,5,0,0,1.000,,,1,5,0,1.61,1.14,P
96,Matt Carson,28,OAK,33,21,12,194.0,47,45,2,0,0,1.000,1,9,0,0,0,2.18,1.42,OF
97,Chris Carter,23,OAK,22,22,8,156.0,27,25,0,2,0,.926,-3,-22,-8,-61,-2,1.44,1.14,OF
98,Kevin Cash,32,BOS,29,19,13,181.0,163,148,14,1,0,.994,-5,-33,-3,-19,-2,8.06,5.59,C
99,Alexi Casilla,25,MIN,60,37,32,370.1,193,66,122,5,26,.974,-5,-15,2,6,1,4.57,3.08,SS-2B-3B-OF
100,Bobby Cassevah,24,LAA,16,0,0,20.0,5,2,3,0,0,1.000,,,-1,-9,0,2.25,0.31,P
Rk,Name,Age,Tm,G,GS,CG,Inn,Ch,PO,A,E,DP,Fld%,Rtot,Rtot/yr,Rdrs,Rdrs/yr,Rgood,RF/9,RF/G,Pos Summary
101,Alberto Castillo,34,BAL,14,0,0,10.2,3,1,2,0,1,1.000,,,0,0,0,2.53,0.21,P
102,Ramón Castro,34,CHW,34,31,30,279.0,229,214,14,1,0,.996,2,9,-2,-8,-2,7.35,6.71,C
103,Brett Cecil,23,TOR,28,28,0,172.2,25,3,21,1,2,.960,,,1,1,-1,1.25,0.86,P
104,Francisco Cervelli,24,NYY,91,80,71,727.0,638,580,45,13,2,.980,-10,-17,-3,-5,-3,7.74,6.79,C-3B
105,Joba Chamberlain,24,NYY,73,0,0,71.2,8,2,6,0,1,1.000,,,-1,-3,0,1.00,0.11,P
106,Eric Chavez,32,OAK,1,0,0,5.0,7,7,0,0,0,1.000,0,0,0,0,0,12.60,7.00,1B
107,Jesse Chavez,26,KCR,23,0,0,26.0,3,2,1,0,0,1.000,,,0,0,0,1.04,0.13,P
108,Bruce Chen,33,KCR,33,23,1,140.1,29,4,24,1,0,.966,,,6,9,0,1.80,0.85,P
109,Randy Choate,34,TBR,85,0,0,44.2,13,4,8,1,1,.923,,,-1,-4,0,2.42,0.14,P
110,Shin-Soo Choo,27,CLE,142,142,137,1249.2,285,267,14,4,3,.986,8,8,10,9,10,2.02,1.98,OF
111,Robert Coello,25,BOS,6,0,0,5.2,0,0,0,0,0,,,,-1,-32,,0.00,0.00,P
112,Phil Coke,27,DET,74,1,0,64.2,9,2,6,1,1,.889,,,-1,-3,0,1.11,0.11,P
113,Jesús Colomé,32,SEA,12,0,0,17.0,3,0,3,0,0,1.000,,,0,0,0,1.59,0.25,P
114,Román Colón,30,KCR,5,0,0,2.0,0,0,0,0,0,,,,0,0,,0.00,0.00,P
115,Hank Conger,22,LAA,10,9,6,80.0,69,63,3,3,0,.957,0,0,-1,-14,0,7.43,6.60,C
116,Alex Cora,34,TEX,3,2,2,20.0,7,3,4,0,2,1.000,-1,-60,-1,-54,0,3.15,2.33,2B-3B
117,Chad Cordero,28,SEA,9,0,0,9.2,0,0,0,0,0,,,,1,23,,0.00,0.00,P
118,Lance Cormier,29,TBR,60,0,0,62.0,17,11,6,0,3,1.000,,,1,4,0,2.47,0.28,P
119,Dan Cortes,23,SEA,4,0,0,5.1,1,1,0,0,0,1.000,,,0,0,0,1.69,0.25,P
120,Jesse Crain,28,MIN,71,0,0,68.0,18,3,14,1,3,.944,,,1,3,0,2.25,0.24,P
121,Bobby Cramer,30,OAK,4,4,0,23.2,4,0,4,0,0,1.000,,,2,18,0,1.52,1.00,P
122,Carl Crawford,28,TBR,147,144,132,1260.1,315,306,7,2,0,.994,7,7,16,15,2,2.24,2.13,OF
123,Coco Crisp,30,OAK,73,73,68,625.0,186,182,2,2,0,.989,5,9,14,26,6,2.65,2.52,OF
124,Trevor Crowe,26,CLE,116,106,101,968.2,288,274,9,5,1,.983,4,5,3,3,2,2.63,2.44,OF
125,Juan Cruz,31,KCR,5,0,0,5.1,1,0,1,0,0,1.000,,,1,41,0,1.69,0.20,P
Rk,Name,Age,Tm,G,GS,CG,Inn,Ch,PO,A,E,DP,Fld%,Rtot,Rtot/yr,Rdrs,Rdrs/yr,Rgood,RF/9,RF/G,Pos Summary
126,Nelson Cruz,29,TEX,101,101,88,888.0,258,250,3,5,1,.981,8,11,6,8,2,2.56,2.50,OF
127,Michael Cuddyer,31,MIN,157,156,142,1386.2,958,884,68,6,71,.994,-13,-11,-30,-25,1,6.18,5.73,1B-OF-3B-2B
128,Colin Curtis,25,NYY,23,11,8,114.1,22,22,0,0,0,1.000,-1,-9,0,0,0,1.73,0.96,OF
129,Jack Cust,31,OAK,16,14,8,105.1,33,29,3,1,0,.970,-2,-17,0,0,0,2.73,2.00,OF
130,Johnny Damon,36,DET,36,35,17,268.1,61,57,2,2,1,.967,0,-1,6,26,0,1.98,1.64,OF
131,John Danks,25,CHW,32,32,1,213.0,40,5,35,0,4,1.000,,,4,4,-1,1.69,1.25,P
132,Kyle Davies,26,KCR,32,32,1,183.2,38,13,23,2,2,.947,,,-2,-2,0,1.76,1.13,P
133,Chris Davis,24,TEX,42,30,29,300.2,294,269,23,2,27,.993,0,1,2,9,0,8.74,6.95,1B-3B
134,Rajai Davis,29,OAK,140,133,110,1183.2,303,294,5,4,2,.987,-3,-3,-13,-13,-10,2.27,2.14,OF
135,Wade Davis,24,TBR,29,29,0,168.0,37,16,19,2,4,.946,,,-2,-2,0,1.88,1.21,P
136,Alejandro De Aza,26,CHW,12,8,5,71.0,17,17,0,0,0,1.000,-2,-34,0,0,0,2.15,1.42,OF
137,David DeJesus,30,KCR,88,87,81,762.1,188,183,5,0,1,1.000,9,14,-11,-17,4,2.22,2.14,OF
138,Rob Delaney,25,MIN,1,0,0,1.0,0,0,0,0,0,,,,0,0,,0.00,0.00,P
139,Manny Delcarmen,28,BOS,48,0,0,44.0,10,4,6,0,0,1.000,,,2,10,0,2.05,0.21,P
140,Jason Donald,25,CLE,86,84,79,745.0,397,119,266,12,52,.970,-4,-6,-13,-20,-1,4.65,4.38,SS-2B
141,Josh Donaldson,24,OAK,9,6,4,53.1,51,46,3,2,1,.961,-1,-20,-1,-18,0,8.27,5.44,C-1B
142,Félix Doubront,22,BOS,12,3,0,25.0,6,2,1,3,0,.500,,,0,0,0,1.08,0.25,P
143,Scott Downs,34,TOR,67,0,0,61.1,19,5,12,2,3,.895,,,2,7,0,2.49,0.25,P
144,Kyle Drabek,22,TOR,3,3,0,17.0,7,3,3,1,2,.857,,,-1,-11,0,3.18,2.00,P
145,J.D. Drew,34,BOS,133,127,104,1102.2,236,234,1,1,1,.996,7,7,16,17,-4,1.92,1.77,OF
146,Justin Duchscherer,32,OAK,5,5,0,28.0,4,0,4,0,1,1.000,,,0,0,0,1.29,0.80,P
147,Brian Duensing,27,MIN,53,13,1,130.2,30,5,25,0,1,1.000,,,5,8,0,2.07,0.57,P
148,Shelley Duncan,30,CLE,52,45,30,376.0,97,90,7,0,2,1.000,2,7,11,35,2,2.32,1.87,OF-1B
149,Jarrod Dyson,25,KCR,15,14,14,129.0,52,48,2,2,2,.962,3,24,6,55,0,3.49,3.33,OF
150,Mike Ekstrom,26,TBR,15,0,0,16.1,0,0,0,0,0,,,,0,0,,0.00,0.00,P
Rk,Name,Age,Tm,G,GS,CG,Inn,Ch,PO,A,E,DP,Fld%,Rtot,Rtot/yr,Rdrs,Rdrs/yr,Rgood,RF/9,RF/G,Pos Summary
151,Mark Ellis,33,OAK,116,113,108,986.1,549,218,328,3,77,.995,8,10,8,10,1,4.98,4.71,2B
152,Jacoby Ellsbury,26,BOS,18,18,14,151.0,44,44,0,0,0,1.000,1,5,4,31,0,2.62,2.44,OF
153,Edwin Encarnación,27,TOR,95,95,88,841.2,263,71,174,18,16,.932,-1,-2,-3,-4,-1,2.62,2.58,3B
154,Yunel Escobar,27,TOR,60,60,58,532.2,287,105,173,9,48,.969,2,5,1,3,1,4.70,4.63,SS
155,Terry Evans,28,LAA,1,0,0,2.0,1,1,0,0,0,1.000,0,-240,0,0,0,4.50,1.00,OF
156,Dana Eveland,26,TOR,9,9,0,44.2,13,5,8,0,0,1.000,,,2,9,0,2.62,1.44,P
157,Adam Everett,33,DET,31,28,18,229.1,123,48,74,1,24,.992,-3,-15,0,0,0,4.79,3.94,SS
158,Kyle Farnsworth,34,KCR,37,0,0,44.2,10,5,5,0,0,1.000,,,0,0,-1,2.01,0.27,P
159,Scott Feldman,27,TEX,29,22,0,141.1,39,13,26,0,3,1.000,,,1,2,0,2.48,1.34,P
160,Neftalí Feliz,22,TEX,70,0,0,69.1,5,3,2,0,0,1.000,,,0,0,0,0.65,0.07,P
161,Josh Fields,27,KCR,12,12,12,106.0,33,9,19,5,0,.848,-3,-35,0,0,0,2.38,2.33,3B
162,Casey Fien,26,DET,2,0,0,2.2,2,1,1,0,0,1.000,,,0,0,0,6.75,1.00,P
163,Alfredo Fígaro,25,DET,8,1,0,14.2,5,0,3,2,0,.600,,,-2,-26,0,1.84,0.38,P
164,Chone Figgins,32,SEA,161,161,158,1417.0,707,274,414,19,110,.973,-9,-8,-10,-8,1,4.37,4.27,2B
165,Doug Fister,26,SEA,28,28,0,171.0,37,17,19,1,3,.973,,,1,1,0,1.89,1.29,P
166,Randy Flores,34,MIN,11,0,0,3.2,1,0,1,0,0,1.000,,,0,0,0,2.45,0.09,P
167,Tyler Flowers,24,CHW,7,3,2,31.2,31,30,1,0,0,1.000,0,0,0,0,0,8.81,4.43,C
168,Gavin Floyd,27,CHW,30,30,1,187.1,35,9,24,2,2,.943,,,1,1,0,1.59,1.06,P
169,Jake Fox,27,TOT,45,29,21,269.2,176,160,14,2,5,.989,-1,-5,3,13,2,5.81,3.78,C-OF-1B-3B
170,Matt Fox,27,TOT,4,1,0,7.1,1,1,0,0,0,1.000,,,0,0,0,1.23,0.25,P
171,Frank Francisco,30,TEX,56,0,0,52.2,5,4,1,0,0,1.000,,,-2,-7,0,0.85,0.09,P
172,Jeff Francoeur,26,TEX,14,10,7,100.0,21,20,0,1,0,.952,1,11,2,24,0,1.80,1.43,OF
173,Kevin Frandsen,28,LAA,50,44,35,400.0,155,66,82,7,9,.955,-6,-19,-4,-12,0,3.33,2.85,3B-1B-2B-OF
174,Jason Frasor,32,TOR,69,0,0,63.2,12,6,5,1,1,.917,,,-2,-6,0,1.55,0.16,P
175,Jeff Frazier,27,DET,4,3,2,25.0,12,11,1,0,1,1.000,2,86,2,96,0,4.32,3.00,OF
Rk,Name,Age,Tm,G,GS,CG,Inn,Ch,PO,A,E,DP,Fld%,Rtot,Rtot/yr,Rdrs,Rdrs/yr,Rgood,RF/9,RF/G,Pos Summary
176,Luke French,24,SEA,16,13,0,87.2,16,10,6,0,1,1.000,,,1,3,0,1.64,1.00,P
177,Brian Fuentes,34,TOT,48,0,0,48.0,5,0,5,0,0,1.000,,,2,50,0,0.94,0.10,P
178,Armando Gabino,26,BAL,5,0,0,4.2,1,1,0,0,0,1.000,,,0,0,0,1.93,0.20,P
179,Armando Galarraga,28,DET,25,24,2,144.1,20,6,11,3,0,.850,,,0,0,0,1.06,0.68,P
180,Freddy García,33,CHW,28,28,0,157.0,32,14,16,2,2,.938,,,-6,-8,0,1.72,1.07,P
181,Brett Gardner,26,NYY,146,134,107,1211.0,300,287,12,1,2,.997,19,19,70,69,10,2.22,2.05,OF
182,Ryan Garko,29,TEX,6,3,1,33.0,23,17,6,0,3,1.000,1,18,0,0,0,6.27,3.83,1B
183,Matt Garza,26,TBR,33,32,3,204.2,24,10,13,1,0,.958,,,-2,-2,0,1.01,0.70,P
184,Chad Gaudin,27,TOT,42,0,0,65.1,9,2,6,1,0,.889,,,-1,-18,0,1.10,0.19,P
185,Craig Gentry,26,TEX,15,9,4,78.0,17,16,1,0,0,1.000,1,17,2,30,0,1.96,1.13,OF
186,Esteban Germán,32,TEX,4,3,1,29.0,11,5,6,0,2,1.000,-1,-25,-2,-82,0,3.41,2.20,2B-OF-SS
187,Justin Germano,27,CLE,23,1,0,35.1,7,1,6,0,0,1.000,,,1,6,0,1.78,0.30,P
188,Chris Getz,26,KCR,66,60,59,544.0,281,113,164,4,43,.986,-2,-4,-2,-4,1,4.58,4.20,2B-3B
189,Chris Gimenez,27,CLE,26,19,16,171.2,125,110,14,1,2,.992,0,1,-1,-6,0,6.50,4.77,C-OF
190,Greg Golson,24,NYY,23,6,2,75.1,26,25,1,0,1,1.000,3,45,4,64,0,3.11,1.13,OF
191,Jeanmar Gómez,22,CLE,11,11,0,57.2,13,7,6,0,0,1.000,,,-2,-7,0,2.03,1.18,P
192,Álex González,33,TOR,85,85,76,740.0,387,104,272,11,67,.972,8,13,13,21,1,4.57,4.42,SS
193,Enrique González,27,DET,18,0,0,26.0,5,3,2,0,0,1.000,,,1,8,0,1.73,0.28,P
194,Gio Gonzalez,24,OAK,33,33,1,200.2,41,7,33,1,0,.976,,,1,1,0,1.79,1.21,P
195,Mike Gonzalez,32,BAL,29,0,0,24.2,1,0,0,1,0,.000,,,0,0,0,0.00,0.00,P
196,Alex Gordon,26,KCR,69,67,65,598.1,160,141,12,7,1,.956,-2,-4,-4,-8,-4,2.30,2.22,OF-3B-1B
197,Curtis Granderson,29,NYY,134,123,116,1120.1,323,316,5,2,2,.994,-1,-1,24,25,0,2.58,2.40,OF
198,Nick Green,31,TOR,6,3,3,28.2,16,6,10,0,0,1.000,1,46,-1,-33,0,5.02,2.67,2B-SS
199,Kevin Gregg,32,TOR,63,0,0,59.0,7,3,3,1,0,.857,,,-1,-3,0,0.92,0.10,P
200,Zack Greinke,26,KCR,33,33,3,220.0,49,14,34,1,1,.980,,,9,8,1,1.96,1.45,P
Rk,Name,Age,Tm,G,GS,CG,Inn,Ch,PO,A,E,DP,Fld%,Rtot,Rtot/yr,Rdrs,Rdrs/yr,Rgood,RF/9,RF/G,Pos Summary
201,Gabe Gross,30,OAK,95,52,38,551.0,119,112,6,1,0,.992,1,2,0,0,4,1.93,1.24,OF
202,Mark Grudzielanek,40,CLE,27,26,25,228.1,142,54,86,2,22,.986,-1,-3,-1,-5,0,5.52,5.19,2B
203,Vladimir Guerrero,35,TEX,18,16,4,125.2,31,28,1,2,0,.935,-2,-20,-9,-85,-2,2.08,1.61,OF
204,Matt Guerrier,31,MIN,74,0,0,71.0,19,8,11,0,0,1.000,,,1,3,0,2.41,0.26,P
205,Carlos Guillén,34,DET,51,49,43,421.1,234,92,138,4,32,.983,-1,-3,-4,-11,-2,4.91,4.51,2B-OF
206,José Guillén,34,KCR,22,21,13,169.0,43,41,1,1,0,.977,3,20,-7,-49,-2,2.24,1.91,OF
207,Jeremy Guthrie,31,BAL,32,32,0,209.1,48,14,30,4,0,.917,,,1,1,0,1.89,1.38,P
208,Franklin Gutiérrez,27,SEA,146,145,141,1277.1,415,413,2,0,0,1.000,10,9,0,0,8,2.92,2.84,OF
209,Cristian Guzmán,32,TEX,12,11,10,99.0,43,16,25,2,3,.953,-1,-11,-1,-11,-1,3.73,3.42,2B-SS
210,Bill Hall,30,BOS,115,96,57,847.0,312,183,117,12,23,.962,0,-1,0,0,0,3.19,2.34,OF-2B-SS-3B-P
211,Greg Halman,22,SEA,9,7,7,66.2,20,20,0,0,0,1.000,2,31,6,108,0,2.70,2.22,OF
212,Josh Hamilton,29,TEX,119,116,96,1034.2,267,254,9,4,2,.985,1,1,22,25,0,2.29,2.21,OF
213,Rich Harden,28,TEX,20,18,0,92.0,11,5,5,1,1,.909,,,0,0,0,0.98,0.50,P
214,J.J. Hardy,27,MIN,100,95,88,858.1,450,150,289,11,62,.976,-2,-3,-5,-7,-1,4.60,4.39,SS
215,Dan Haren,29,LAA,14,14,1,94.0,15,4,10,1,0,.933,,,1,2,0,1.34,1.00,P
216,Lucas Harrell,25,CHW,8,3,0,24.0,8,4,4,0,0,1.000,,,-1,-8,0,3.00,1.00,P
217,Brendan Harris,29,MIN,40,32,21,277.2,95,34,61,0,9,1.000,-1,-5,-5,-20,0,3.08,2.26,3B-SS-1B-2B
218,Matt Harrison,24,TEX,37,6,0,78.1,11,4,6,1,0,.909,,,0,0,0,1.15,0.27,P
219,Brad Hawpe,31,TBR,6,2,1,25.0,13,13,0,0,1,1.000,0,19,0,0,0,4.68,2.17,1B-OF
220,Jeremy Hellickson,23,TBR,10,4,0,36.1,4,1,3,0,0,1.000,,,0,0,0,0.99,0.40,P
221,Mark Hendrickson,36,BAL,52,1,0,75.1,16,6,9,1,1,.938,,,-2,-5,0,1.79,0.29,P
222,Jeremy Hermida,26,TOT,70,59,35,513.0,125,117,4,4,0,.968,4,8,7,16,-2,2.12,1.73,OF
223,Anderson Hernández,27,CLE,21,16,16,148.1,80,28,51,1,14,.988,1,4,1,8,0,4.79,3.76,SS-2B-OF-3B
224,David Hernandez,25,BAL,41,8,0,79.1,7,3,4,0,1,1.000,,,-1,-2,0,0.79,0.17,P
225,Félix Hernández,24,SEA,34,34,6,249.2,54,15,37,2,2,.963,,,1,1,0,1.87,1.53,P
Rk,Name,Age,Tm,G,GS,CG,Inn,Ch,PO,A,E,DP,Fld%,Rtot,Rtot/yr,Rdrs,Rdrs/yr,Rgood,RF/9,RF/G,Pos Summary
226,Roberto Hernández,29,CLE,33,33,4,210.1,63,22,39,2,6,.968,,,1,1,-1,2.61,1.85,P
227,Frank Herrmann,26,CLE,40,0,0,44.2,4,0,4,0,0,1.000,,,0,0,0,0.81,0.10,P
228,Aaron Hill,28,TOR,137,137,122,1188.0,628,235,383,10,89,.984,4,4,-2,-2,0,4.68,4.51,2B
229,Rich Hill,30,BOS,6,0,0,4.0,0,0,0,0,0,,,,0,0,0,0.00,0.00,P
230,Shawn Hill,29,TOR,4,4,0,20.2,3,1,2,0,0,1.000,,,0,0,0,1.31,0.75,P
231,Luke Hochevar,26,KCR,18,17,1,103.0,18,5,12,1,1,.944,,,-4,-8,0,1.49,0.94,P
232,Jarrett Hoffpauir,27,TOR,13,11,9,97.0,37,7,30,0,3,1.000,3,31,3,41,0,3.43,2.85,3B-2B
233,Derek Holland,23,TEX,14,10,0,57.1,13,3,9,1,0,.923,,,0,0,0,1.88,0.86,P
234,Greg Holland,24,KCR,15,0,0,18.2,6,5,1,0,0,1.000,,,0,0,0,2.89,0.40,P
235,Daniel Hudson,23,CHW,3,3,0,15.2,2,0,2,0,0,1.000,,,0,0,0,1.15,0.67,P
236,Orlando Hudson,32,MIN,123,123,111,1067.0,637,255,374,8,78,.987,1,2,4,5,-1,5.31,5.11,2B
237,David Huff,25,CLE,15,15,1,79.2,11,4,7,0,0,1.000,,,0,0,0,1.24,0.73,P
238,Chad Huffman,25,NYY,8,4,3,45.0,14,14,0,0,0,1.000,2,40,4,106,0,2.80,1.75,OF-1B
239,Dusty Hughes,28,KCR,57,0,0,56.1,13,5,8,0,2,1.000,,,1,4,0,2.08,0.23,P
240,Luke Hughes,25,MIN,2,2,2,16.0,4,0,4,0,1,1.000,1,53,0,0,0,2.25,2.00,3B
241,Phil Hughes,24,NYY,31,29,0,176.1,20,7,13,0,1,1.000,,,-1,-1,0,1.02,0.65,P
242,Rhyne Hughes,26,BAL,11,11,11,98.0,102,98,3,1,6,.990,1,12,0,0,0,9.28,9.18,1B
243,Philip Humber,27,KCR,8,1,0,21.2,1,1,0,0,0,1.000,,,0,0,0,0.42,0.13,P
244,Tommy Hunter,23,TEX,23,22,1,128.0,26,9,16,1,1,.962,,,0,0,1,1.76,1.09,P
245,Torii Hunter,34,LAA,143,143,125,1238.1,365,358,4,3,0,.992,-9,-9,-23,-22,2,2.63,2.53,OF
246,Gregory Infante,22,CHW,5,0,0,4.2,1,0,1,0,0,1.000,,,0,0,0,1.93,0.20,P
247,Brandon Inge,33,DET,144,138,131,1226.2,395,119,267,9,24,.977,10,10,10,10,1,2.83,2.68,3B
248,Akinori Iwamura,31,OAK,10,9,9,81.0,23,11,11,1,1,.957,-2,-30,-3,-41,0,2.44,2.20,3B
249,César Izturis,30,BAL,150,142,128,1250.0,603,212,382,9,78,.985,6,5,7,7,1,4.28,3.96,SS
250,Maicer Izturis,29,LAA,54,52,44,455.1,174,49,123,2,16,.989,5,12,5,14,1,3.40,3.02,3B-2B-SS
Rk,Name,Age,Tm,G,GS,CG,Inn,Ch,PO,A,E,DP,Fld%,Rtot,Rtot/yr,Rdrs,Rdrs/yr,Rgood,RF/9,RF/G,Pos Summary
251,Austin Jackson,23,DET,149,140,138,1256.1,398,383,9,6,2,.985,-6,-5,26,24,-6,2.81,2.63,OF
252,Conor Jackson,28,OAK,16,15,14,133.1,25,24,1,0,0,1.000,-3,-27,-2,-18,-2,1.69,1.56,OF
253,Edwin Jackson,26,CHW,11,11,0,75.0,10,6,2,2,0,.800,,,-3,-8,0,0.96,0.73,P
254,Justin James,28,OAK,5,0,0,4.0,0,0,0,0,0,,,,0,0,,0.00,0.00,P
255,Casey Janssen,28,TOR,56,0,0,68.2,16,12,4,0,0,1.000,,,-1,-3,0,2.10,0.29,P
256,John Jaso,26,TBR,96,80,66,723.0,650,615,30,5,5,.992,-3,-5,-3,-5,0,8.03,6.65,C-1B
257,Bobby Jenks,29,CHW,55,0,0,52.2,17,4,12,1,1,.941,,,-3,-11,0,2.73,0.29,P
258,Desmond Jennings,23,TBR,10,5,2,54.0,18,18,0,0,0,1.000,0,-2,1,22,0,3.00,1.80,OF
259,Kevin Jepsen,25,LAA,68,0,0,59.0,11,2,9,0,0,1.000,,,-1,-3,0,1.68,0.16,P
260,Derek Jeter,36,NYY,151,150,130,1303.2,553,182,365,6,94,.989,-7,-7,-9,-8,-1,3.78,3.62,SS
261,Dan Johnson,30,TBR,20,16,9,140.0,99,88,9,2,11,.980,-1,-9,-3,-25,0,6.24,4.41,1B-3B-OF
262,Jim Johnson,27,BAL,26,0,0,26.1,5,2,3,0,0,1.000,,,0,0,0,1.71,0.19,P
263,Nick Johnson,31,NYY,2,2,2,17.0,18,18,0,0,1,1.000,0,-28,-1,-56,0,9.53,9.00,1B
264,Rob Johnson,27,SEA,61,57,50,510.2,386,347,35,4,5,.990,0,0,-3,-7,-4,6.73,6.26,C
265,Adam Jones,24,BAL,149,148,143,1298.1,441,422,12,7,6,.984,4,3,-16,-14,-2,3.01,2.91,OF
266,Andruw Jones,33,CHW,89,66,63,623.1,147,136,8,3,2,.980,-1,-2,7,13,2,2.08,1.62,OF
267,Matt Joyce,25,TBR,63,53,40,472.0,122,115,4,3,0,.975,2,6,10,25,4,2.27,1.89,OF
268,Kila Ka'aihue,26,KCR,34,32,29,290.1,300,277,21,2,18,.993,2,7,0,0,-1,9.24,8.76,1B
269,Ryan Kalish,22,BOS,51,44,38,401.1,110,105,3,2,1,.982,4,12,0,0,0,2.42,2.12,OF
270,Gabe Kapler,34,TBR,50,37,14,313.2,59,58,1,0,0,1.000,0,0,0,0,0,1.69,1.18,OF
271,Scott Kazmir,26,LAA,28,28,0,150.0,33,6,25,2,0,.939,,,3,4,0,1.86,1.11,P
272,Austin Kearns,30,TOT,118,107,82,932.1,234,228,2,4,1,.983,5,6,-13,-16,-4,2.22,1.95,OF
273,Shawn Kelley,26,SEA,22,0,0,25.0,3,2,1,0,0,1.000,,,0,0,0,1.08,0.14,P
274,Don Kelly,30,DET,110,55,30,587.0,293,241,47,5,29,.983,10,20,35,71,5,4.42,2.46,OF-1B-3B
275,Jason Kendall,36,KCR,118,118,107,1018.1,802,721,68,13,11,.984,3,4,1,1,4,6.97,6.69,C
Rk,Name,Age,Tm,G,GS,CG,Inn,Ch,PO,A,E,DP,Fld%,Rtot,Rtot/yr,Rdrs,Rdrs/yr,Rgood,RF/9,RF/G,Pos Summary
276,Howie Kendrick,26,LAA,157,151,148,1356.0,737,357,370,10,79,.986,-7,-6,-5,-4,0,4.83,4.57,2B-1B-OF
277,Brad Kilby,27,OAK,5,0,0,8.1,0,0,0,0,0,,,,0,0,,0.00,0.00,P
278,Ian Kinsler,28,TEX,103,102,95,905.1,475,190,278,7,64,.985,6,8,7,9,0,4.65,4.54,2B
279,Michael Kirkman,23,TEX,14,0,0,16.1,4,1,3,0,0,1.000,,,1,13,0,2.20,0.29,P
280,Michael Kohn,24,LAA,24,0,0,21.1,8,2,5,1,0,.875,,,0,0,0,2.95,0.29,P
281,Paul Konerko,34,CHW,125,125,116,1102.1,1159,1069,83,7,124,.994,-4,-4,-13,-14,2,9.41,9.22,1B
282,Casey Kotchman,27,SEA,116,108,103,966.2,1021,946,74,1,92,.999,-3,-4,3,4,0,9.50,8.79,1B
283,Mark Kotsay,34,CHW,46,40,36,355.1,330,307,22,1,23,.997,-4,-14,-2,-6,5,8.33,7.15,1B-OF
284,Kevin Kouzmanoff,28,OAK,142,140,134,1231.2,380,90,278,12,29,.968,6,6,11,11,-2,2.69,2.59,3B
285,Jason Kubel,28,MIN,98,95,67,801.0,181,169,7,5,3,.972,-3,-4,-21,-31,0,1.98,1.80,OF
286,John Lackey,31,BOS,33,33,0,215.0,46,22,21,3,3,.935,,,-4,-4,0,1.80,1.30,P
287,Aaron Laffey,25,CLE,29,5,0,55.2,12,4,7,1,1,.917,,,-2,-7,0,1.78,0.38,P
288,Gerald Laird,30,DET,87,76,64,670.2,573,516,52,5,5,.991,2,4,-3,-5,-2,7.62,6.53,C
289,Ryan Langerhans,30,SEA,45,30,28,295.0,103,95,7,1,4,.990,5,18,12,48,2,3.11,2.22,OF-1B
290,Matt LaPorta,25,CLE,100,100,83,844.1,881,820,58,3,80,.997,-3,-4,-6,-8,-3,9.36,8.78,1B-OF
291,Jeff Larish,27,TOT,20,14,5,126.0,64,52,10,2,8,.969,-7,-63,-1,-9,0,4.43,2.70,1B-OF-3B
292,Brandon League,27,SEA,70,0,0,79.0,17,7,10,0,0,1.000,,,1,3,0,1.94,0.24,P
293,Cliff Lee,31,TOT,28,28,7,212.1,28,10,14,4,1,.857,,,-3,-16,0,1.02,0.86,P
294,Anthony Lerew,27,KCR,6,6,0,26.1,8,3,5,0,0,1.000,,,0,0,0,2.73,1.33,P
295,Jon Lester,26,BOS,32,32,2,208.0,43,5,35,3,2,.930,,,2,2,0,1.73,1.25,P
296,Colby Lewis,30,TEX,32,32,1,201.0,25,8,12,5,0,.800,,,-5,-5,0,0.90,0.63,P
297,Fred Lewis,29,TOR,99,94,88,842.2,173,169,1,3,0,.983,-5,-8,-17,-24,-6,1.82,1.72,OF
298,Jensen Lewis,26,CLE,36,0,0,36.1,6,1,5,0,0,1.000,,,2,12,0,1.49,0.16,P
299,Rommie Lewis,27,TOR,14,0,0,18.2,4,1,3,0,0,1.000,,,1,12,0,1.93,0.29,P
300,Brent Lillibridge,26,CHW,39,20,17,217.1,105,44,57,4,12,.962,-2,-8,0,0,-1,4.18,2.53,2B-OF-3B-SS
Rk,Name,Age,Tm,G,GS,CG,Inn,Ch,PO,A,E,DP,Fld%,Rtot,Rtot/yr,Rdrs,Rdrs/yr,Rgood,RF/9,RF/G,Pos Summary
301,Adam Lind,26,TOR,26,24,16,199.0,101,92,9,0,7,1.000,3,17,-8,-48,-1,4.57,3.74,OF-1B
302,Scott Linebrink,33,CHW,52,0,0,57.1,9,2,6,1,1,.889,,,-2,-7,0,1.26,0.15,P
303,Francisco Liriano,26,MIN,31,31,0,191.2,29,4,24,1,1,.966,,,-4,-4,-1,1.31,0.90,P
304,Jesse Litsch,25,TOR,9,9,0,46.2,16,7,9,0,1,1.000,,,0,0,0,3.09,1.78,P
305,Boone Logan,25,NYY,51,0,0,40.0,4,1,3,0,0,1.000,,,-1,-5,0,0.90,0.08,P
306,Evan Longoria,24,TBR,151,151,142,1330.2,417,127,276,14,46,.966,16,14,20,18,2,2.73,2.67,3B
307,Felipe Lopez,30,BOS,4,3,1,31.2,14,7,6,1,0,.929,0,15,2,87,0,3.69,2.17,2B-3B-SS
308,Jose Lopez,26,SEA,142,142,139,1252.2,447,107,322,18,29,.960,14,14,10,10,0,3.08,3.02,3B
309,Mark Lowe,27,TOT,14,0,0,13.1,1,0,1,0,0,1.000,,,0,0,0,0.68,0.07,P
310,Mike Lowell,36,BOS,47,42,30,356.0,344,312,30,2,36,.994,1,2,3,11,0,8.65,7.28,1B-3B
311,Jed Lowrie,26,BOS,52,45,32,404.2,211,80,126,5,33,.976,4,11,-3,-7,-1,4.58,3.49,2B-SS-1B-3B
312,Donny Lucy,27,CHW,7,5,3,43.0,43,43,0,0,0,1.000,-1,-28,-1,-25,0,9.00,6.14,C
313,Julio Lugo,34,BAL,84,60,48,564.1,301,119,180,2,37,.993,4,8,-7,-14,-1,4.77,3.22,2B-SS-3B-OF
314,Ron Mahay,39,MIN,41,0,0,34.0,3,2,1,0,0,1.000,,,-1,-5,0,0.79,0.07,P
315,Mitch Maier,28,KCR,114,103,97,928.2,270,260,5,5,1,.981,-2,-3,-11,-14,-2,2.57,2.30,OF-1B
316,Matt Mangini,24,SEA,7,7,7,62.2,18,4,14,0,3,1.000,1,17,0,0,0,2.59,2.57,3B
317,Jeff Manship,25,MIN,13,1,0,29.0,5,1,4,0,0,1.000,,,0,0,0,1.55,0.38,P
318,Robert Manuel,26,BOS,10,0,0,12.2,2,1,1,0,0,1.000,,,0,0,0,1.42,0.20,P
319,Shaun Marcum,28,TOR,31,31,1,195.1,42,18,24,0,1,1.000,,,3,3,0,1.94,1.35,P
320,Nick Markakis,26,BAL,159,159,155,1402.1,342,332,7,3,1,.991,-2,-2,-23,-19,0,2.18,2.13,OF
321,Jeff Marquez,25,CHW,1,0,0,1.0,1,0,1,0,0,1.000,,,0,0,0,9.00,1.00,P
322,Lou Marson,24,CLE,87,81,73,725.0,552,504,44,4,1,.993,6,10,-2,-3,-1,6.80,6.30,C
323,Andy Marte,26,CLE,75,43,37,433.2,284,207,66,11,23,.961,3,8,2,7,-2,5.67,3.50,3B-1B-P
324,Damaso Marte,35,NYY,30,0,0,17.2,2,0,1,1,0,.500,,,0,0,0,0.51,0.03,P
325,Victor Marte,29,KCR,22,0,0,27.2,7,0,6,1,1,.857,,,2,15,0,1.95,0.27,P
Rk,Name,Age,Tm,G,GS,CG,Inn,Ch,PO,A,E,DP,Fld%,Rtot,Rtot/yr,Rdrs,Rdrs/yr,Rgood,RF/9,RF/G,Pos Summary
326,Victor Martinez,31,BOS,119,118,94,1010.0,939,873,58,8,12,.991,-8,-9,-4,-4,2,8.30,7.51,C-1B
327,Justin Masterson,25,CLE,34,29,1,180.0,61,22,34,5,1,.918,,,1,1,0,2.80,1.65,P
328,Frank Mata,26,BAL,15,0,0,17.1,7,1,5,1,1,.857,,,-1,-10,0,3.12,0.40,P
329,Doug Mathis,27,TEX,13,0,0,22.1,3,0,3,0,1,1.000,,,-1,-8,0,1.21,0.23,P
330,Jeff Mathis,27,LAA,67,62,52,553.2,476,433,36,7,2,.985,-6,-13,4,9,3,7.62,7.00,C
331,Hideki Matsui,36,LAA,18,17,7,123.0,17,16,1,0,0,1.000,-4,-38,-10,-97,0,1.24,0.94,OF
332,Daisuke Matsuzaka,29,BOS,25,25,0,153.2,22,8,12,2,2,.909,,,-3,-4,0,1.17,0.80,P
333,Brian Matusz,23,BAL,32,32,0,175.2,30,8,21,1,1,.967,,,0,0,0,1.49,0.91,P
334,Joe Mauer,27,MIN,112,107,102,951.2,733,696,34,3,3,.996,4,5,3,4,-1,6.90,6.52,C
335,Lucas May,25,KCR,10,9,8,81.0,63,60,3,0,0,1.000,-2,-30,-1,-13,-1,7.00,6.30,C
336,Vin Mazzaro,23,OAK,24,18,0,122.1,18,5,11,2,3,.889,,,-1,-1,0,1.18,0.67,P
337,Paul McAnulty,29,LAA,5,5,2,37.0,46,45,0,1,3,.978,-1,-16,0,0,0,10.95,9.00,1B
338,Mike McCoy,29,TOR,40,20,19,204.2,90,45,43,2,8,.978,2,13,4,23,0,3.87,2.20,OF-2B-SS-3B
339,Darnell McDonald,31,BOS,114,80,52,777.0,198,187,9,2,1,.990,-8,-12,-7,-10,-2,2.27,1.72,OF
340,John McDonald,35,TOR,61,40,35,394.0,192,69,118,5,36,.974,3,9,1,3,0,4.27,2.97,2B-SS-3B-OF
341,Jake McGee,23,TBR,8,0,0,5.0,1,0,1,0,0,1.000,,,0,0,0,1.80,0.13,P
342,Gil Meche,31,KCR,20,9,1,61.2,12,7,4,1,0,.917,,,-2,-6,0,1.61,0.55,P
343,Mark Melancon,25,NYY,2,0,0,4.0,0,0,0,0,0,,,,0,0,,0.00,0.00,P
344,Luis Mendoza,26,KCR,4,0,0,4.0,1,0,1,0,0,1.000,,,0,0,0,2.25,0.25,P
345,Cla Meredith,27,BAL,21,0,0,15.0,5,0,5,0,0,1.000,,,1,15,0,3.00,0.24,P
346,Kam Mickolio,26,BAL,3,0,0,3.2,0,0,0,0,0,,,,0,0,,0.00,0.00,P
347,Jose Mijares,25,MIN,47,0,0,32.2,2,0,2,0,0,1.000,,,0,0,0,0.55,0.04,P
348,Jai Miller,25,KCR,19,15,14,139.0,35,34,0,1,0,.971,0,-3,-5,-43,0,2.20,1.79,OF
349,Brad Mills,25,TOR,7,3,0,22.1,3,3,0,0,0,1.000,,,-1,-8,0,1.21,0.43,P
350,Kevin Millwood,35,BAL,31,31,1,190.2,31,17,14,0,0,1.000,,,1,1,0,1.46,1.00,P
Rk,Name,Age,Tm,G,GS,CG,Inn,Ch,PO,A,E,DP,Fld%,Rtot,Rtot/yr,Rdrs,Rdrs/yr,Rgood,RF/9,RF/G,Pos Summary
351,Juan Miranda,27,NYY,13,4,3,50.1,58,53,5,0,5,1.000,1,24,1,29,0,10.37,4.46,1B
352,Sergio Mitre,29,NYY,27,3,0,54.0,12,5,7,0,0,1.000,,,-2,-7,0,2.00,0.44,P
353,Chad Moeller,35,NYY,9,4,2,40.0,39,33,6,0,0,1.000,-1,-30,-1,-27,0,8.78,4.33,C
354,Bengie Molina,35,TEX,55,50,41,439.1,384,355,24,5,1,.987,-3,-8,-4,-11,-1,7.76,6.89,C
355,Gustavo Molina,28,BOS,4,2,1,17.0,16,15,1,0,0,1.000,-1,-71,-1,-64,0,8.47,4.00,C
356,José Molina,35,TOR,56,51,42,444.2,456,417,37,2,3,.996,0,0,4,11,-2,9.19,8.11,C
357,Luis Montanez,28,BAL,20,10,9,107.1,31,28,2,1,0,.968,1,15,4,44,0,2.52,1.50,OF
358,Adam Moore,26,SEA,59,58,57,514.2,400,372,24,4,1,.990,-8,-19,-2,-4,-3,6.92,6.71,C
359,Scott Moore,26,BAL,30,21,15,203.0,114,55,56,3,9,.974,-1,-8,-4,-21,-1,4.92,3.08,2B-3B-1B
360,Jose Morales,27,MIN,12,6,5,60.1,65,62,3,0,2,1.000,1,24,2,46,1,9.70,5.00,C-1B
361,Kendrys Morales,27,LAA,51,51,50,448.2,462,435,25,2,35,.996,1,1,3,9,2,9.23,9.02,1B
362,Brent Morel,23,CHW,20,19,15,164.0,38,5,32,1,2,.974,-1,-5,-1,-6,0,2.03,1.85,3B
363,Mitch Moreland,24,TEX,44,41,33,365.2,318,299,16,3,18,.991,-3,-10,2,6,1,7.75,6.70,1B-OF
364,Justin Morneau,29,MIN,77,77,75,688.1,734,674,59,1,64,.999,11,20,8,14,2,9.58,9.52,1B
365,Brandon Morrow,25,TOR,26,26,1,146.1,16,4,12,0,2,1.000,,,1,2,1,0.98,0.62,P
366,Clayton Mortensen,25,OAK,1,1,0,6.0,1,0,1,0,0,1.000,,,0,0,0,1.50,1.00,P
367,Guillermo Moscoso,26,TEX,1,0,0,0.2,0,0,0,0,0,,,,0,0,,0.00,0.00,P
368,Dustin Moseley,28,NYY,16,9,0,65.1,17,7,10,0,1,1.000,,,1,3,0,2.34,1.06,P
369,David Murphy,28,TEX,125,105,93,968.0,216,206,9,1,1,.995,-9,-11,0,0,6,2.00,1.72,OF
370,Mike Napoli,28,LAA,132,126,109,1111.1,995,907,76,12,37,.988,-5,-5,-6,-6,1,7.96,7.23,1B-C
371,Daniel Nava,27,BOS,54,44,29,380.0,67,65,2,0,0,1.000,2,6,-2,-6,2,1.59,1.24,OF
372,Dioner Navarro,26,TBR,46,36,28,331.0,296,272,20,4,2,.986,3,11,3,11,0,7.94,6.35,C
373,Yamaico Navarro,22,BOS,20,10,6,112.0,52,21,29,2,5,.962,-1,-13,-4,-38,-1,4.02,2.27,SS-3B-2B
374,Joe Nelson,35,BOS,8,0,0,8.1,0,0,0,0,0,,,,0,0,,0.00,0.00,P
375,Pat Neshek,29,MIN,11,0,0,9.0,2,0,2,0,0,1.000,,,0,0,0,2.00,0.18,P
Rk,Name,Age,Tm,G,GS,CG,Inn,Ch,PO,A,E,DP,Fld%,Rtot,Rtot/yr,Rdrs,Rdrs/yr,Rgood,RF/9,RF/G,Pos Summary
376,Fu-Te Ni,27,DET,22,0,0,23.0,6,1,5,0,0,1.000,,,1,10,0,2.35,0.27,P
377,Jeff Niemann,27,TBR,30,29,1,174.1,23,8,14,1,1,.957,,,-5,-6,0,1.14,0.73,P
378,Dustin Nippert,29,TEX,38,2,0,56.2,7,3,4,0,1,1.000,,,-2,-7,0,1.11,0.18,P
379,Jayson Nix,27,TOT,88,79,58,685.1,288,107,165,16,27,.944,-7,-12,2,3,-2,3.57,3.06,3B-2B-OF-SS
380,Iván Nova,23,NYY,10,7,0,42.0,11,5,5,1,0,.909,,,-1,-4,0,2.14,1.00,P
381,Eduardo Núñez,23,NYY,25,13,5,123.1,41,10,30,1,5,.976,-1,-14,-2,-16,-1,2.92,1.48,3B-SS-2B
382,Darren O'Day,27,TEX,72,0,0,62.0,10,4,5,1,0,.900,,,0,0,0,1.31,0.13,P
383,Sean O'Sullivan,22,TOT,19,14,0,83.2,16,8,7,1,1,.938,,,-2,-28,0,1.61,0.79,P
384,Alexi Ogando,26,TEX,44,0,0,41.2,7,3,3,1,0,.857,,,-2,-9,0,1.30,0.14,P
385,Will Ohman,32,BAL,51,0,0,30.0,5,1,4,0,0,1.000,,,0,0,0,1.50,0.10,P
386,Hideki Okajima,34,BOS,56,0,0,46.0,12,4,8,0,1,1.000,,,1,5,0,2.35,0.21,P
387,Andy Oliver,22,DET,5,5,0,22.0,3,0,2,1,0,.667,,,-1,-8,0,0.82,0.40,P
388,Darren Oliver,39,TEX,64,0,0,61.2,11,2,9,0,0,1.000,,,0,0,0,1.61,0.17,P
389,Garrett Olson,26,SEA,35,0,0,37.2,2,2,0,0,0,1.000,,,-1,-5,0,0.48,0.06,P
390,Magglio Ordonez,36,DET,71,71,61,608.2,145,135,7,3,3,.979,-3,-6,-21,-41,-2,2.10,2.00,OF
391,David Ortiz,34,BOS,4,4,0,26.2,24,23,1,0,1,1.000,0,-5,0,0,0,8.10,6.00,1B
392,Lyle Overbay,33,TOR,153,150,142,1320.2,1417,1310,101,6,150,.996,9,8,7,7,0,9.62,9.22,1B
393,Matt Palmer,31,LAA,14,1,0,33.2,7,4,1,2,0,.714,,,-1,-5,0,1.34,0.36,P
394,Jonathan Papelbon,29,BOS,65,0,0,67.0,10,4,5,1,0,.900,,,-3,-9,0,1.21,0.14,P
395,Chan Ho Park,37,NYY,27,0,0,35.1,6,3,3,0,0,1.000,,,-1,-5,0,1.53,0.22,P
396,John Parrish,32,KCR,9,0,0,6.0,3,2,1,0,0,1.000,,,0,0,0,4.50,0.33,P
397,Corey Patterson,30,BAL,64,60,57,541.2,147,138,4,5,1,.966,-7,-15,6,13,0,2.36,2.22,OF
398,Eric Patterson,27,TOT,76,43,30,443.1,135,109,23,3,3,.978,-4,-10,5,13,2,2.68,1.67,OF-2B
399,Troy Patton,24,BAL,1,0,0,0.2,0,0,0,0,0,,,,0,0,,0.00,0.00,P
400,David Pauley,27,SEA,19,15,0,90.2,14,6,8,0,0,1.000,,,-3,-6,0,1.39,0.74,P
Rk,Name,Age,Tm,G,GS,CG,Inn,Ch,PO,A,E,DP,Fld%,Rtot,Rtot/yr,Rdrs,Rdrs/yr,Rgood,RF/9,RF/G,Pos Summary
401,Carl Pavano,34,MIN,32,32,7,221.0,45,19,26,0,3,1.000,,,-3,-3,0,1.83,1.41,P
402,Jake Peavy,29,CHW,17,17,1,107.0,24,8,16,0,0,1.000,,,0,0,0,2.02,1.41,P
403,Dustin Pedroia,26,BOS,75,75,71,667.1,352,137,212,3,50,.991,12,21,5,9,1,4.71,4.65,2B
404,Brayan Peña,28,KCR,47,35,34,337.1,296,269,24,3,3,.990,-1,-4,1,4,0,7.82,6.23,C
405,Carlos Pena,32,TBR,142,135,129,1213.2,1163,1074,83,6,95,.995,-4,-4,0,0,0,8.58,8.15,1B
406,Ramiro Pena,24,NYY,74,41,27,409.1,165,52,108,5,18,.970,5,14,7,20,1,3.52,1.98,3B-SS-2B-OF
407,Tony Pena,28,CHW,52,4,0,100.2,22,5,14,3,1,.864,,,-2,-4,-1,1.70,0.37,P
408,Cliff Pennington,26,OAK,156,147,137,1304.2,739,218,496,25,100,.966,14,13,13,12,4,4.93,4.58,SS
409,Jhonny Peralta,28,TOT,143,140,133,1239.2,475,145,322,8,53,.983,13,12,4,3,0,3.39,3.16,3B-SS-1B
410,Chris Perez,24,CLE,63,0,0,63.0,5,3,1,1,0,.800,,,-2,-6,0,0.57,0.06,P
411,Rafael Perez,28,CLE,70,0,0,61.0,14,3,10,1,0,.929,,,-3,-10,-1,1.92,0.19,P
412,Glen Perkins,27,MIN,13,1,0,21.2,10,1,9,0,0,1.000,,,1,10,0,4.15,0.77,P
413,Ryan Perry,23,DET,60,0,0,62.2,11,3,8,0,0,1.000,,,-1,-3,0,1.58,0.18,P
414,Vinnie Pestano,25,CLE,5,0,0,5.0,1,0,1,0,0,1.000,,,0,0,0,1.80,0.20,P
415,Andy Pettitte,38,NYY,21,21,0,129.0,21,3,15,3,1,.857,,,-2,-3,0,1.26,0.86,P
416,Felix Pie,25,BAL,77,73,67,656.1,177,167,9,1,4,.994,1,2,4,7,0,2.41,2.29,OF
417,Juan Pierre,32,CHW,149,149,149,1330.1,312,307,4,1,1,.997,16,14,-18,-16,4,2.10,2.09,OF
418,A.J. Pierzynski,33,CHW,127,123,114,1092.2,931,865,61,5,5,.995,1,1,0,0,-6,7.63,7.29,C
419,Joel Pineiro,31,LAA,23,23,3,152.1,38,11,26,1,3,.974,,,2,3,0,2.19,1.61,P
420,Trevor Plouffe,24,MIN,11,7,6,77.0,40,15,24,1,6,.975,-1,-12,-2,-26,0,4.56,3.55,SS-2B
421,Scott Podsednik,34,KCR,92,92,87,808.1,208,205,0,3,0,.986,1,1,-28,-41,-8,2.28,2.23,OF
422,Rick Porcello,21,DET,27,27,0,162.2,25,9,15,1,3,.960,,,-4,-5,0,1.33,0.89,P
423,Jorge Posada,39,NYY,83,78,69,679.1,592,562,22,8,2,.986,-10,-18,-14,-25,-5,7.74,6.95,C-1B
424,Landon Powell,28,OAK,39,29,26,271.0,216,202,8,6,2,.972,3,14,-2,-8,1,6.97,5.38,C-1B
425,David Price,24,TBR,32,31,2,208.2,30,8,22,0,2,1.000,,,2,2,1,1.29,0.94,P
Rk,Name,Age,Tm,G,GS,CG,Inn,Ch,PO,A,E,DP,Fld%,Rtot,Rtot/yr,Rdrs,Rdrs/yr,Rgood,RF/9,RF/G,Pos Summary
426,Nick Punto,32,MIN,85,77,59,679.2,302,92,202,8,27,.974,4,6,12,22,1,3.89,3.23,3B-SS-2B
427,David Purcey,28,TOR,33,0,0,34.0,3,2,1,0,0,1.000,,,1,6,1,0.79,0.09,P
428,J.J. Putz,33,CHW,59,0,0,54.0,5,1,4,0,0,1.000,,,0,0,0,0.83,0.08,P
429,Chad Qualls,31,TBR,27,0,0,21.0,4,2,2,0,0,1.000,,,-1,-9,0,1.71,0.15,P
430,Carlos Quentin,27,CHW,104,103,83,897.0,195,183,4,8,1,.959,-21,-28,-49,-65,-4,1.88,1.80,OF
431,Robb Quinlan,33,LAA,18,5,5,72.1,74,72,1,1,7,.986,-3,-46,-1,-16,0,9.08,4.06,1B-OF-3B
432,Guillermo Quiroz,28,SEA,2,2,2,17.2,10,8,1,1,0,.900,-1,-68,0,0,0,4.58,4.50,C
433,Ryan Raburn,29,DET,105,86,56,778.0,239,184,49,6,12,.975,3,5,-5,-7,1,2.70,2.08,OF-2B-1B-3B
434,Alexei Ramírez,28,CHW,156,154,149,1376.2,768,249,499,20,109,.974,9,8,20,18,1,4.89,4.79,SS
435,Edwar Ramirez,29,OAK,7,0,0,11.0,2,0,1,1,0,.500,,,-1,-16,0,0.82,0.14,P
436,Max Ramirez,25,TEX,26,22,12,187.1,163,154,7,2,0,.988,-2,-13,-2,-12,0,7.73,6.19,C
437,Ramon Ramirez,28,BOS,44,0,0,42.1,6,1,5,0,0,1.000,,,0,0,0,1.28,0.14,P
438,Wilson Ramos,22,MIN,7,7,7,63.0,42,41,1,0,0,1.000,0,0,0,0,0,6.00,6.00,C
439,Clay Rapada,29,TEX,13,0,0,9.0,3,2,1,0,0,1.000,,,1,24,0,3.00,0.23,P
440,Jon Rauch,31,MIN,59,0,0,57.2,5,3,2,0,1,1.000,,,-3,-10,0,0.78,0.08,P
441,Chris Ray,28,TEX,35,0,0,31.2,8,1,7,0,0,1.000,,,2,13,0,2.27,0.23,P
442,Robert Ray,26,TOR,3,0,0,3.2,0,0,0,0,0,,,,0,0,,0.00,0.00,P
443,Josh Reddick,23,BOS,25,15,9,147.2,38,37,1,0,0,1.000,6,46,2,16,0,2.32,1.52,OF
444,Mike Redmond,39,CLE,22,18,16,162.1,99,87,11,1,1,.990,-4,-30,-1,-7,1,5.43,4.45,C
445,Jeremy Reed,29,TOR,11,4,4,48.0,13,13,0,0,0,1.000,2,38,2,50,0,2.44,1.18,OF-1B
446,Nolan Reimold,26,BAL,23,21,13,178.0,44,42,1,1,0,.977,0,0,2,13,-2,2.17,1.87,OF
447,Jason Repko,29,MIN,48,31,25,306.0,92,87,5,0,1,1.000,13,50,13,50,2,2.71,1.92,OF
448,Ben Revere,22,MIN,11,6,6,69.1,19,18,0,1,0,.947,-2,-35,0,0,0,2.34,1.64,OF
449,Will Rhymes,27,DET,53,46,39,412.2,243,89,150,4,37,.984,6,18,-2,-6,-4,5.21,4.51,2B
450,Dustin Richardson,26,BOS,26,0,0,13.0,1,0,0,1,0,.000,,,-2,-29,0,0.00,0.00,P
Rk,Name,Age,Tm,G,GS,CG,Inn,Ch,PO,A,E,DP,Fld%,Rtot,Rtot/yr,Rdrs,Rdrs/yr,Rgood,RF/9,RF/G,Pos Summary
451,Royce Ring,29,NYY,5,0,0,2.1,0,0,0,0,0,,,,0,0,,0.00,0.00,P
452,Alex Rios,29,CHW,144,142,134,1257.2,399,388,6,5,3,.987,-2,-1,-2,-1,2,2.82,2.74,OF
453,Juan Rivera,31,LAA,116,109,96,974.1,338,312,20,6,9,.982,-1,-1,-26,-32,-2,3.07,2.81,OF-1B
454,Mariano Rivera,40,NYY,61,0,0,60.0,18,2,16,0,0,1.000,,,2,7,0,2.70,0.30,P
455,Brian Roberts,32,BAL,59,58,52,498.1,235,86,146,3,38,.987,-3,-7,-1,-2,0,4.19,3.93,2B
456,David Robertson,25,NYY,64,0,0,61.1,5,0,5,0,0,1.000,,,-1,-3,0,0.73,0.08,P
457,Fernando Rodney,33,LAA,72,0,0,68.0,17,7,10,0,0,1.000,,,-3,-9,0,2.25,0.24,P
458,Alex Rodriguez,34,NYY,124,122,98,1046.1,292,61,224,7,25,.976,-4,-4,3,4,0,2.45,2.30,3B
459,Francisco Rodriguez,27,LAA,43,0,0,47.1,8,1,7,0,2,1.000,,,0,0,0,1.52,0.19,P
460,Henry Rodriguez,23,OAK,29,0,0,27.2,3,2,1,0,0,1.000,,,-1,-7,0,0.98,0.10,P
461,Rafael Rodriguez,25,LAA,1,0,0,2.0,0,0,0,0,0,,,,0,0,,0.00,0.00,P
462,Sean Rodríguez,25,TBR,110,92,56,829.0,427,190,231,6,60,.986,-1,-1,19,27,2,4.57,3.29,2B-OF-3B-1B-SS
463,Josh Roenicke,27,TOR,16,0,0,19.0,5,2,1,2,0,.600,,,-2,-20,0,1.42,0.19,P
464,Niuman Romero,25,BOS,2,0,0,6.0,5,4,1,0,0,1.000,0,40,0,0,0,7.50,2.50,1B-2B
465,Ricky Romero,25,TOR,32,32,3,210.0,57,7,47,3,2,.947,,,10,10,0,2.31,1.69,P
466,Andrew Romine,24,LAA,4,3,2,29.0,20,9,9,2,3,.900,-1,-21,-1,-33,0,5.59,4.50,SS
467,Adam Rosales,27,OAK,71,66,52,585.0,288,121,165,2,38,.993,5,10,6,12,0,4.40,3.67,2B-SS-3B-1B-OF
468,Tyson Ross,23,OAK,26,2,0,39.1,10,2,8,0,0,1.000,,,1,6,0,2.29,0.38,P
469,Ryan Rowland-Smith,27,SEA,27,20,0,109.1,14,3,9,2,0,.857,,,-1,-2,0,0.99,0.44,P
470,Randy Ruiz,32,TOR,3,3,1,23.0,27,25,2,0,2,1.000,0,10,0,0,0,10.57,9.00,1B
471,Josh Rupe,27,KCR,11,0,0,9.2,2,1,1,0,0,1.000,,,0,0,0,1.86,0.18,P
472,Kevin Russo,25,NYY,29,13,10,136.1,28,20,7,1,1,.964,1,9,7,61,0,1.78,0.93,OF-3B-2B
473,Mike Ryan,32,LAA,15,9,4,72.0,41,39,2,0,3,1.000,2,25,-1,-16,0,5.13,2.73,OF-1B
474,Marc Rzepczynski,24,TOR,14,12,0,63.2,5,1,4,0,0,1.000,,,-1,-3,0,0.71,0.36,P
475,CC Sabathia,29,NYY,34,34,2,237.2,35,4,30,1,3,.971,,,-2,-2,-1,1.29,1.00,P
Rk,Name,Age,Tm,G,GS,CG,Inn,Ch,PO,A,E,DP,Fld%,Rtot,Rtot/yr,Rdrs,Rdrs/yr,Rgood,RF/9,RF/G,Pos Summary
476,Chris Sale,21,CHW,21,0,0,23.1,1,0,1,0,0,1.000,,,-1,-8,0,0.39,0.05,P
477,Jarrod Saltalamacchia,25,TOT,8,6,5,53.2,49,46,2,1,0,.980,0,0,-1,-22,-1,8.05,6.00,C-1B
478,Angel Sanchez,26,BOS,1,1,1,9.0,4,0,4,0,2,1.000,0,-40,-1,-107,0,4.00,4.00,SS
479,Romulo Sanchez,26,NYY,2,0,0,4.1,0,0,0,0,0,,,,0,0,,0.00,0.00,P
480,Carlos Santana,24,CLE,40,40,37,340.0,270,245,22,3,2,.989,0,0,-1,-3,-1,7.07,6.68,C
481,Ervin Santana,27,LAA,33,33,4,222.2,32,15,17,0,2,1.000,,,-6,-5,0,1.29,0.97,P
482,Ramon Santiago,30,DET,106,78,70,744.0,409,130,271,8,64,.980,15,23,11,18,-1,4.85,3.65,SS-2B
483,Sergio Santos,26,CHW,56,0,0,51.2,8,2,6,0,0,1.000,,,-1,-3,0,1.39,0.14,P
484,Joe Saunders,29,LAA,20,20,2,120.2,38,2,35,1,1,.974,,,6,10,0,2.76,1.85,P
485,Michael Saunders,23,SEA,89,85,81,755.2,209,197,8,4,4,.981,1,2,8,12,2,2.44,2.30,OF
486,Jay Sborz,25,DET,1,0,0,0.2,0,0,0,0,0,,,,0,0,,0.00,0.00,P
487,Max Scherzer,25,DET,31,31,0,195.2,30,14,14,2,0,.933,,,-1,-1,0,1.29,0.90,P
488,Daniel Schlereth,24,DET,18,0,0,18.2,0,0,0,0,0,,,,-1,-10,,0.00,0.00,P
489,Scott Schoeneweis,36,BOS,15,0,0,13.2,3,2,1,0,0,1.000,,,-1,-13,0,1.98,0.20,P
490,Luke Scott,32,BAL,33,32,20,261.0,189,175,11,3,17,.984,0,-1,-1,-4,0,6.41,5.64,1B-OF
491,Marco Scutaro,34,BOS,148,147,139,1298.1,579,169,390,20,65,.965,2,2,0,0,-1,3.87,3.78,SS-2B
492,Chris Seddon,26,SEA,14,0,0,22.1,2,1,1,0,0,1.000,,,0,0,0,0.81,0.14,P
493,Ryan Shealy,30,BOS,1,0,0,5.0,5,5,0,0,1,1.000,0,48,0,0,0,9.00,5.00,1B
494,Ben Sheets,31,OAK,20,20,0,119.1,19,5,11,3,1,.842,,,-1,-2,0,1.21,0.80,P
495,James Shields,28,TBR,34,33,0,203.1,39,18,17,4,2,.897,,,-4,-4,0,1.55,1.03,P
496,Scot Shields,34,LAA,43,1,0,46.0,10,2,7,1,0,.900,,,0,0,0,1.76,0.21,P
497,Kelly Shoppach,30,TBR,56,46,32,403.2,344,324,18,2,1,.994,-4,-12,-5,-15,1,7.63,6.11,C
498,Alfredo Simon,29,BAL,49,0,0,49.1,9,6,3,0,0,1.000,,,-2,-8,0,1.64,0.18,P
499,Tony Sipp,26,CLE,70,0,0,63.0,11,1,10,0,0,1.000,,,2,7,0,1.57,0.16,P
500,Grady Sizemore,27,CLE,32,31,30,269.2,65,64,0,1,0,.985,-7,-31,-6,-26,-2,2.14,2.00,OF
Rk,Name,Age,Tm,G,GS,CG,Inn,Ch,PO,A,E,DP,Fld%,Rtot,Rtot/yr,Rdrs,Rdrs/yr,Rgood,RF/9,RF/G,Pos Summary
501,Scott Sizemore,25,DET,46,40,31,352.1,171,66,97,8,25,.953,-2,-8,-7,-23,0,4.16,3.54,2B-3B
502,Anthony Slama,26,MIN,5,0,0,4.2,0,0,0,0,0,,,,0,0,,0.00,0.00,P
503,Kevin Slowey,26,MIN,30,28,0,155.2,25,11,12,2,0,.920,,,1,1,0,1.33,0.77,P
504,Joe Smith,26,CLE,53,0,0,40.0,9,1,8,0,2,1.000,,,1,6,0,2.03,0.17,P
505,Justin Smoak,23,TOT,94,91,87,807.2,833,778,50,5,71,.994,0,1,-3,-4,0,9.23,8.81,1B
506,Ian Snell,28,SEA,12,8,0,46.1,12,6,6,0,1,1.000,,,0,0,0,2.33,1.00,P
507,Travis Snider,22,TOR,80,75,71,678.2,141,135,3,3,0,.979,2,3,2,3,-2,1.83,1.73,OF
508,Brandon Snyder,23,BAL,10,5,4,51.0,48,44,2,2,2,.958,1,31,1,28,-1,8.12,4.60,1B
509,Eric Sogard,24,OAK,3,1,0,15.0,9,4,5,0,4,1.000,-1,-88,0,0,0,5.40,3.00,2B
510,Andy Sonnanstine,27,TBR,41,4,0,81.0,16,9,7,0,0,1.000,,,-1,-2,0,1.78,0.39,P
511,Joakim Soria,26,KCR,66,0,0,65.2,19,9,10,0,1,1.000,,,1,3,0,2.60,0.29,P
512,Rafael Soriano,30,TBR,64,0,0,62.1,4,3,0,1,0,.750,,,-1,-3,0,0.43,0.05,P
513,Denard Span,26,MIN,153,151,147,1349.2,416,407,5,4,3,.990,-5,-4,-10,-8,2,2.75,2.69,OF
514,Max St. Pierre,30,DET,4,2,0,17.0,13,12,1,0,0,1.000,0,0,0,0,0,6.88,3.25,C
515,Brian Stokes,30,LAA,16,0,0,16.2,5,1,3,1,1,.800,,,0,0,0,2.16,0.25,P
516,Pedro Strop,25,TEX,15,0,0,10.2,1,0,1,0,0,1.000,,,0,0,0,0.84,0.07,P
517,Drew Sutton,27,CLE,10,10,8,85.0,49,16,33,0,6,1.000,2,27,2,32,-1,5.19,4.45,SS-2B
518,Ichiro Suzuki,36,SEA,160,160,153,1412.0,365,354,7,4,1,.989,7,6,-3,-2,4,2.30,2.26,OF
519,Kurt Suzuki,26,OAK,123,121,114,1058.1,868,825,35,8,5,.991,0,0,8,9,3,7.31,6.99,C
520,Brian Sweeney,36,SEA,24,0,0,37.0,7,1,6,0,0,1.000,,,1,6,0,1.70,0.29,P
521,Mike Sweeney,36,SEA,3,3,2,25.0,29,28,1,0,1,1.000,0,0,0,0,0,10.44,9.67,1B
522,Ryan Sweeney,25,OAK,81,77,69,667.1,153,149,4,0,1,1.000,4,7,0,0,2,2.06,1.89,OF
523,Nick Swisher,29,NYY,135,132,102,1124.0,300,284,12,4,3,.987,5,5,-3,-3,0,2.37,2.11,OF-1B
524,Mitch Talbot,26,CLE,28,28,1,159.1,31,11,19,1,4,.968,,,3,4,0,1.69,1.07,P
525,Brian Tallet,32,TOR,34,5,0,77.1,7,2,5,0,0,1.000,,,-1,-2,-1,0.81,0.21,P
Rk,Name,Age,Tm,G,GS,CG,Inn,Ch,PO,A,E,DP,Fld%,Rtot,Rtot/yr,Rdrs,Rdrs/yr,Rgood,RF/9,RF/G,Pos Summary
526,Craig Tatum,27,BAL,42,34,27,310.2,242,222,17,3,1,.988,-3,-12,0,0,1,6.92,5.69,C
527,Taylor Teagarden,26,TEX,28,22,21,205.0,182,171,9,2,2,.989,-3,-18,-2,-11,0,7.90,6.43,C
528,Mark Teahen,28,CHW,64,59,45,496.0,141,49,82,10,6,.929,-8,-20,-15,-36,-3,2.38,2.02,3B-OF-1B
529,Mark Teixeira,30,NYY,149,148,135,1291.2,1310,1227,80,3,137,.998,9,9,6,6,1,9.11,8.77,1B
530,Miguel Tejada,36,BAL,93,93,89,808.0,280,68,197,15,22,.946,-7,-10,-9,-13,-1,2.95,2.85,3B
531,Rob Tejeda,28,KCR,54,0,0,61.0,9,2,5,2,0,.778,,,-1,-3,0,1.03,0.13,P
532,Kanekoa Texeira,24,TOT,43,0,0,61.1,9,2,7,0,0,1.000,,,-2,-39,0,1.32,0.21,P
533,Marcus Thames,33,NYY,32,23,9,172.0,39,34,2,3,1,.923,-3,-20,-9,-62,0,1.88,1.09,OF-3B
534,Dale Thayer,29,TBR,1,0,0,2.0,0,0,0,0,0,,,,0,0,,0.00,0.00,P
535,Brad Thomas,32,DET,49,2,0,69.1,13,2,11,0,0,1.000,,,0,0,0,1.69,0.27,P
536,Brad Thompson,28,KCR,16,0,0,19.2,2,1,1,0,0,1.000,,,0,0,0,0.92,0.13,P
537,Rich Thompson,25,LAA,13,0,0,19.2,4,2,1,1,0,.750,,,-1,-9,0,1.37,0.23,P
538,Matt Thornton,33,CHW,61,0,0,60.2,6,0,6,0,0,1.000,,,0,0,0,0.89,0.10,P
539,Erick Threets,28,CHW,11,0,0,12.1,4,0,3,1,0,.750,,,0,0,0,2.19,0.27,P
540,Chris Tillman,22,BAL,11,11,0,53.2,14,7,6,1,1,.929,,,0,0,0,2.18,1.18,P
541,Jess Todd,24,CLE,5,0,0,6.0,1,1,0,0,0,1.000,,,0,0,0,1.50,0.20,P
542,Matt Tolbert,28,MIN,40,21,17,217.2,102,36,64,2,9,.980,2,8,1,5,1,4.13,2.38,2B-3B-1B-SS-OF
543,Steven Tolleson,26,OAK,22,12,6,111.1,39,18,20,1,6,.974,-1,-8,-2,-21,0,3.07,1.73,SS-3B-2B-OF
544,Josh Tomlin,25,CLE,12,12,1,73.0,13,4,9,0,3,1.000,,,2,6,0,1.60,1.08,P
545,Carlos Torres,27,CHW,5,1,0,13.2,3,1,1,1,0,.667,,,1,16,0,1.32,0.40,P
546,Matt Treanor,34,TEX,81,67,58,614.2,536,512,21,3,1,.994,1,2,-3,-6,-2,7.80,6.58,C
547,Mark Trumbo,24,LAA,7,4,3,40.0,45,39,5,1,5,.978,3,78,3,90,0,9.90,6.29,1B-OF
548,Matt Tuiasosopo,24,SEA,43,33,32,316.1,146,100,39,7,10,.952,-4,-16,-7,-26,1,3.95,3.23,OF-3B-1B-SS-2B
549,Justin Turner,25,BAL,4,2,2,21.0,9,5,4,0,1,1.000,-1,-34,-2,-109,0,3.86,2.25,2B-SS
550,Koji Uehara,35,BAL,43,0,0,44.0,5,2,3,0,0,1.000,,,1,5,0,1.02,0.12,P
Rk,Name,Age,Tm,G,GS,CG,Inn,Ch,PO,A,E,DP,Fld%,Rtot,Rtot/yr,Rdrs,Rdrs/yr,Rgood,RF/9,RF/G,Pos Summary
551,B.J. Upton,25,TBR,154,147,137,1301.2,405,397,3,5,0,.988,18,17,-38,-35,-12,2.77,2.60,OF
552,Luis Valbuena,24,CLE,83,76,69,691.1,409,138,261,10,64,.976,3,5,5,8,1,5.19,4.64,2B-3B-SS-OF
553,Merkin Valdez,28,TOR,2,0,0,1.1,2,1,1,0,0,1.000,,,0,0,0,13.50,1.00,P
554,Danny Valencia,25,MIN,81,80,72,709.1,223,46,171,6,14,.973,5,9,3,5,0,2.75,2.68,3B
555,Jose Valverde,32,DET,60,0,0,63.0,8,4,4,0,2,1.000,,,-1,-3,0,1.14,0.13,P
556,Rick van den Hurk,25,BAL,7,1,0,16.1,2,0,1,1,0,.500,,,-1,-11,0,0.55,0.14,P
557,Jonathan Van Every,30,BOS,22,6,1,67.0,16,16,0,0,0,1.000,0,-5,0,0,0,2.15,0.73,OF-P
558,Jason Vargas,27,SEA,31,31,0,192.2,26,9,17,0,0,1.000,,,1,1,0,1.21,0.84,P
559,Jason Varitek,38,BOS,39,27,23,275.1,255,242,13,0,2,1.000,0,0,3,14,2,8.34,6.54,C
560,Anthony Varvaro,25,SEA,4,0,0,4.0,1,0,1,0,0,1.000,,,0,0,0,2.25,0.25,P
561,Javier Vazquez,33,NYY,31,26,0,157.1,37,14,23,0,2,1.000,,,7,9,0,2.12,1.19,P
562,Justin Verlander,27,DET,33,33,4,224.1,51,15,34,2,3,.961,,,2,2,0,1.97,1.48,P
563,Dayán Viciedo,21,CHW,29,22,13,190.2,69,38,27,4,7,.942,-4,-23,-6,-35,-1,3.07,2.17,3B-1B
564,Pedro Viola,27,BAL,2,0,0,1.1,0,0,0,0,0,,,,0,0,,0.00,0.00,P
565,Omar Vizquel,43,CHW,105,88,71,794.1,235,66,166,3,30,.987,-6,-8,-6,-8,0,2.63,2.09,3B-2B-SS
566,Tim Wakefield,43,BOS,32,19,0,140.0,26,9,15,2,0,.923,,,-3,-4,1,1.54,0.75,P
567,Jordan Walden,22,LAA,16,0,0,15.1,6,2,4,0,0,1.000,,,0,0,0,3.52,0.38,P
568,Matt Watson,31,OAK,12,10,3,74.0,6,6,0,0,0,1.000,-2,-32,2,32,0,0.73,0.50,OF
569,Jered Weaver,27,LAA,34,34,0,224.1,28,10,18,0,0,1.000,,,-2,-2,0,1.12,0.82,P
570,Robbie Weinhardt,24,DET,28,0,0,29.1,9,4,2,3,1,.667,,,-3,-20,0,1.84,0.21,P
571,Casper Wells,25,DET,36,21,11,215.1,39,35,4,0,0,1.000,0,-2,9,50,2,1.63,1.08,OF
572,Vernon Wells,31,TOR,151,151,134,1309.2,359,354,5,0,2,1.000,-7,-7,-10,-9,-2,2.47,2.38,OF
573,Jake Westbrook,32,CLE,21,21,1,127.2,31,5,24,2,0,.935,,,6,10,0,2.04,1.38,P
574,Dan Wheeler,32,TBR,64,0,0,48.1,9,1,8,0,1,1.000,,,1,5,0,1.68,0.14,P
575,Sean White,29,SEA,38,0,0,34.1,6,2,4,0,0,1.000,,,-1,-5,0,1.57,0.16,P
Rk,Name,Age,Tm,G,GS,CG,Inn,Ch,PO,A,E,DP,Fld%,Rtot,Rtot/yr,Rdrs,Rdrs/yr,Rgood,RF/9,RF/G,Pos Summary
576,Matt Wieters,24,BAL,126,121,112,1060.1,831,775,51,5,10,.994,7,8,7,8,0,7.01,6.56,C
577,Ty Wigginton,32,BAL,146,144,112,1259.0,1051,827,203,21,91,.980,-6,-6,-6,-5,0,7.36,6.44,1B-2B-3B
578,Randy Williams,34,CHW,27,0,0,25.0,3,1,2,0,0,1.000,,,0,0,0,1.08,0.11,P
579,Dontrelle Willis,28,DET,9,8,0,43.1,4,1,3,0,0,1.000,,,-2,-9,-1,0.83,0.44,P
580,Reggie Willits,29,LAA,76,36,32,420.1,115,109,5,1,0,.991,-1,-2,11,31,0,2.44,1.50,OF
581,Bobby Wilson,27,LAA,39,29,22,262.2,234,221,12,1,2,.996,-1,-5,0,0,0,7.98,5.97,C-1B
582,C.J. Wilson,29,TEX,33,33,3,204.0,35,8,25,2,0,.943,,,-2,-2,0,1.46,1.00,P
583,Jack Wilson,32,SEA,60,59,53,518.1,287,88,191,8,36,.972,8,19,8,19,2,4.84,4.65,SS
584,Josh Wilson,29,SEA,106,102,99,913.0,503,162,319,22,62,.956,7,10,5,6,-1,4.74,4.50,SS-3B-1B-2B
585,Randy Winn,36,NYY,27,16,14,162.2,32,31,1,0,0,1.000,-4,-27,-13,-95,-2,1.77,1.19,OF
586,Dewayne Wise,32,TOR,44,23,22,239.2,63,60,3,0,1,1.000,1,4,0,0,2,2.37,1.43,OF
587,Ross Wolf,27,OAK,11,0,0,12.2,4,0,4,0,0,1.000,,,0,0,0,2.84,0.36,P
588,Blake Wood,24,KCR,51,0,0,49.2,11,5,6,0,0,1.000,,,0,0,0,1.99,0.22,P
589,Brandon Wood,25,LAA,78,67,62,607.0,208,66,132,10,14,.952,2,4,2,5,0,2.94,2.48,3B-SS-1B
590,Kerry Wood,33,TOT,47,0,0,46.0,9,3,6,0,0,1.000,,,0,0,1,1.76,0.19,P
591,Chris Woodward,34,SEA,7,6,6,52.2,16,5,10,1,1,.938,-2,-36,-1,-18,0,2.56,2.14,SS
592,Danny Worth,24,DET,38,33,27,293.2,144,55,89,0,23,1.000,1,2,-2,-7,0,4.41,3.69,SS-2B-3B
593,Jamey Wright,35,TOT,46,0,0,58.1,21,5,16,0,2,1.000,,,0,0,0,3.24,0.46,P
594,Michael Wuertz,31,OAK,48,0,0,39.2,9,4,5,0,0,1.000,,,0,0,0,2.04,0.19,P
595,Kevin Youkilis,31,BOS,102,99,93,877.0,892,812,77,3,66,.997,4,5,6,9,1,9.12,8.63,1B-3B
596,Delmon Young,24,MIN,149,142,137,1277.2,255,239,12,4,2,.984,-15,-14,-26,-24,2,1.77,1.68,OF
597,Michael Young,33,TEX,155,155,144,1370.1,379,95,265,19,26,.950,-2,-1,-11,-9,2,2.36,2.32,3B
598,Brad Ziegler,30,OAK,64,0,0,60.2,16,2,13,1,2,.938,,,4,14,0,2.23,0.23,P
599,Ben Zobrist,29,TBR,149,144,102,1294.2,490,356,130,4,36,.992,5,5,27,25,1,3.38,2.69,OF-2B-1B-3B
600,Joel Zumaya,25,DET,31,0,0,38.1,6,0,6,0,0,1.000,,,0,0,0,1.41,0.19,P
Rk,Name,Age,Tm,G,GS,CG,Inn,Ch,PO,A,E,DP,Fld%,Rtot,Rtot/yr,Rdrs,Rdrs/yr,Rgood,RF/9,RF/G,Pos Summary
