Rk,Name,Age,Tm,G,PA,AB,R,H,2B,3B,HR,RBI,SB,CS,BB,SO,BA,OBP,SLG,OPS,OPS+,TB,GDP,HBP,SH,SF,IBB,Pos Summary
1,Brent Abernathy,27,MIN,24,79,67,5,16,1,0,1,6,2,0,7,9,.239,.316,.299,.614,64,20,2,1,3,1,0,4/7HD
2,Russ Adams*,24,TOR,139,545,481,68,123,27,5,8,63,11,2,50,57,.256,.325,.383,.707,87,184,5,3,3,8,1,*6H
3,Jeremy Affeldt*,26,KCR,3,0,0,0,0,0,0,0,0,0,0,0,0,,,,,,0,0,0,0,0,0,1
4,Chad Allen,30,TEX,21,56,53,5,15,1,1,0,5,0,1,2,13,.283,.309,.340,.649,69,18,2,0,1,0,0,D/H79
5,Sandy Alomar,39,TEX,46,137,128,11,35,7,0,0,14,0,0,5,12,.273,.306,.328,.634,66,42,3,1,3,0,0,2/H
6,Chip Ambres,25,KCR,53,167,145,25,35,8,0,4,9,3,2,16,32,.241,.323,.379,.702,88,55,5,2,3,1,1,87H/D
7,Brian Anderson,23,CHW,13,35,34,3,6,1,0,2,3,1,0,0,12,.176,.176,.382,.559,41,13,2,0,1,0,0,/78H9
8,Garret Anderson*,33,LAA,142,603,575,68,163,34,1,17,96,1,1,23,84,.283,.308,.435,.743,97,250,13,0,0,5,8,7D
9,Bronson Arroyo,28,BOS,1,1,1,0,0,0,0,0,0,0,0,0,1,.000,.000,.000,.000,-100,0,0,0,0,0,0,1
10,Pedro Astacio,36,TEX,1,1,1,0,0,0,0,0,0,0,0,0,0,.000,.000,.000,.000,-100,0,0,0,0,0,0,1
11,Danys Báez,27,TBD,3,0,0,0,0,0,0,0,0,0,0,0,0,,,,,,0,0,0,0,0,0,1
12,James Baldwin,33,TOT,5,2,1,0,0,0,0,0,0,0,0,0,0,.000,.000,.000,.000,-100,0,0,0,0,0,0,1
13,James Baldwin,33,BAL,5,1,1,0,0,0,0,0,0,0,0,0,0,.000,.000,.000,.000,-100,0,0,0,0,0,0,1
14,Rod Barajas,29,TEX,120,450,410,53,104,24,0,21,60,0,0,26,70,.254,.306,.466,.771,97,191,6,6,4,3,0,*2/3
15,Josh Bard#,27,CLE,34,95,83,6,16,4,0,1,9,0,0,9,11,.193,.266,.277,.543,48,23,2,0,1,2,0,2/H
16,Jason Bartlett,25,MIN,74,252,224,33,54,10,1,3,16,4,0,21,37,.241,.316,.335,.651,73,75,6,4,2,1,0,6/HD
17,Miguel Batista,34,TOR,5,0,0,0,0,0,0,0,0,0,0,0,0,,,,,,0,0,0,0,0,0,1
18,Jonah Bayliss,24,KCR,1,0,0,0,0,0,0,0,0,0,0,0,0,,,,,,0,0,0,0,0,0,1
19,Mark Bellhorn#,30,TOT,94,355,300,43,63,20,0,8,30,3,0,52,112,.210,.324,.357,.681,79,107,4,0,0,3,1,4/5H6
20,Mark Bellhorn#,30,BOS,85,335,283,41,61,20,0,7,28,3,0,49,109,.216,.328,.360,.689,81,102,4,0,0,3,1,4/H6
21,Mark Bellhorn#,30,NYY,9,20,17,2,2,0,0,1,2,0,0,3,3,.118,.250,.294,.544,46,5,0,0,0,0,0,/54H6
22,Ronnie Belliard,30,CLE,145,587,536,71,152,36,1,17,78,2,2,35,72,.284,.325,.450,.774,107,241,17,1,8,7,0,*4/H
23,Adrián Beltré,26,SEA,156,650,603,69,154,36,1,19,87,3,1,38,108,.255,.303,.413,.716,93,249,15,5,0,4,6,*5/D
24,Joaquín Benoit,27,TEX,1,1,1,0,0,0,0,0,0,0,0,0,0,.000,.000,.000,.000,-100,0,0,0,0,0,0,1
25,Ángel Berroa,27,KCR,159,652,608,68,164,21,5,11,55,7,5,18,108,.270,.305,.375,.680,81,228,13,14,10,2,3,*6
Rk,Name,Age,Tm,G,PA,AB,R,H,2B,3B,HR,RBI,SB,CS,BB,SO,BA,OBP,SLG,OPS,OPS+,TB,GDP,HBP,SH,SF,IBB,Pos Summary
26,Rafael Betancourt,30,CLE,2,0,0,0,0,0,0,0,0,0,0,0,0,,,,,,0,0,0,0,0,0,1
27,Yuniesky Betancourt,23,SEA,60,228,211,24,54,11,5,1,15,1,3,11,24,.256,.296,.370,.666,80,78,2,2,2,2,0,6/4H
28,Larry Bigbie*,27,BAL,67,234,206,22,51,9,1,5,21,3,3,21,49,.248,.314,.374,.688,84,77,2,0,5,2,1,7/8H
29,Casey Blake,31,CLE,147,583,523,72,126,32,1,23,58,4,5,43,116,.241,.308,.438,.746,99,229,9,10,2,5,3,*9/53H
30,Hank Blalock*,24,TEX,161,705,647,80,170,34,0,25,92,1,0,51,132,.263,.318,.431,.749,93,279,16,3,0,4,1,*5/HD
31,Andrés Blanco#,21,KCR,26,86,79,6,17,0,1,0,5,0,1,0,5,.215,.220,.241,.460,23,19,3,1,4,2,0,4/6H
32,Joe Blanton,24,OAK,2,4,3,0,1,0,0,0,0,0,0,0,0,.333,.333,.333,.667,79,1,1,0,1,0,0,1
33,Willie Bloomquist,27,SEA,82,267,249,27,64,15,2,0,22,14,1,11,38,.257,.289,.333,.622,69,83,5,1,4,2,0,468/H53D7
34,Geoff Blum#,32,CHW,31,99,95,6,19,2,1,1,3,0,1,4,15,.200,.232,.274,.506,33,26,1,0,0,0,0,35/6H4
35,Hiram Bocachica,29,OAK,9,19,19,2,2,0,0,0,0,0,0,0,7,.105,.105,.105,.211,-43,2,0,0,0,0,0,/9H58D
36,Jeremy Bonderman,22,DET,3,6,6,0,0,0,0,0,0,0,0,0,2,.000,.000,.000,.000,-100,0,0,0,0,0,0,1
37,Aaron Boone,32,CLE,143,565,511,61,124,19,1,16,60,9,3,35,92,.243,.299,.378,.677,82,193,16,9,4,6,3,*5/DH
38,Bret Boone,36,TOT,88,360,326,33,72,15,3,7,37,4,2,28,65,.221,.290,.350,.639,73,114,12,4,1,1,2,4
39,Bret Boone,36,SEA,74,302,273,30,63,15,3,7,34,4,2,24,52,.231,.299,.385,.684,85,105,9,3,1,1,2,4
40,Bret Boone,36,MIN,14,58,53,3,9,0,0,0,3,0,0,4,13,.170,.241,.170,.411,12,9,3,1,0,0,0,4
41,Joe Borchard#,26,CHW,7,12,12,0,5,2,0,0,0,0,1,0,4,.417,.417,.583,1.000,160,7,0,0,0,0,0,/HD9
42,Pat Borders,42,SEA,39,125,117,12,23,5,0,1,7,0,0,4,22,.197,.228,.265,.493,34,31,4,1,2,1,1,2
43,Jason Botts#,24,TEX,10,30,27,4,8,0,0,0,3,0,0,3,13,.296,.367,.296,.663,76,8,1,0,0,0,0,/7DH
44,Doug Brocail*,38,TEX,4,0,0,0,0,0,0,0,0,0,0,0,0,,,,,,0,0,0,0,0,0,1
45,Ben Broussard*,28,CLE,142,505,466,59,119,30,5,19,68,2,2,32,98,.255,.307,.464,.770,105,216,4,4,0,3,5,*3H/D
46,Emil Brown,30,KCR,150,609,545,75,156,31,5,17,86,10,1,48,108,.286,.349,.455,.804,113,248,14,8,1,7,1,*97D/H
47,Kevin Brown,40,NYY,1,2,2,0,1,1,0,0,0,0,0,0,1,.500,.500,1.000,1.500,290,2,0,0,0,0,0,1
48,Jaime Bubela*,27,SEA,11,20,19,3,2,0,0,0,0,1,0,1,4,.105,.150,.105,.255,-28,2,1,0,0,0,0,/8HD7
49,John Buck,24,KCR,118,430,401,40,97,21,1,12,47,2,2,23,94,.242,.287,.389,.676,79,156,9,3,1,2,2,*2/H
50,Mark Buehrle*,26,CHW,1,3,3,0,0,0,0,0,0,0,0,0,1,.000,.000,.000,.000,-100,0,0,0,0,0,0,1
Rk,Name,Age,Tm,G,PA,AB,R,H,2B,3B,HR,RBI,SB,CS,BB,SO,BA,OBP,SLG,OPS,OPS+,TB,GDP,HBP,SH,SF,IBB,Pos Summary
51,Ambiorix Burgos,21,KCR,3,0,0,0,0,0,0,0,0,0,0,0,0,,,,,,0,0,0,0,0,0,1
52,Jamie Burke,33,CHW,1,1,1,0,0,0,0,0,0,0,0,0,0,.000,.000,.000,.000,-100,0,0,0,0,0,0,/3H
53,Freddie Bynum*,25,OAK,7,7,7,0,2,1,0,0,1,0,0,0,3,.286,.286,.429,.714,87,3,0,0,0,0,0,/H487
54,Paul Byrd,34,LAA,2,4,4,0,1,0,0,0,0,0,0,0,0,.250,.250,.250,.500,35,1,0,0,0,0,0,1
55,Eric Byrnes,29,TOT,111,396,359,47,83,22,3,10,35,5,2,25,60,.231,.295,.393,.688,82,141,6,8,3,1,0,7/H9D8
56,Eric Byrnes,29,OAK,59,215,192,30,51,15,2,7,24,2,2,14,27,.266,.336,.474,.810,113,91,1,7,1,1,0,7/DH98
57,Eric Byrnes,29,BAL,52,181,167,17,32,7,1,3,11,3,0,11,33,.192,.246,.299,.545,45,50,5,1,2,0,0,7/H89
58,Daniel Cabrera,24,BAL,1,1,1,0,0,0,0,0,0,0,0,0,1,.000,.000,.000,.000,-100,0,0,0,0,0,0,1
59,Melky Cabrera#,20,NYY,6,19,19,1,4,0,0,0,0,0,0,0,2,.211,.211,.211,.421,14,4,0,0,0,0,0,/8
60,Orlando Cabrera,30,LAA,141,587,540,70,139,28,3,8,57,21,2,38,50,.257,.309,.365,.674,81,197,10,3,4,2,4,*6
61,Kiko Calero,30,OAK,2,1,1,0,0,0,0,0,0,0,0,0,1,.000,.000,.000,.000,-100,0,0,0,0,0,0,1
62,Napoleon Calzado,28,BAL,4,5,5,0,1,0,0,0,0,0,0,0,1,.200,.200,.200,.400,8,1,0,0,0,0,0,/H87
63,Robinson Canó*,22,NYY,132,551,522,78,155,34,4,14,62,1,3,16,68,.297,.320,.458,.778,106,239,16,3,7,3,1,*4/H
64,Jorge Cantú,23,TBD,150,631,598,73,171,40,1,28,117,1,0,19,83,.286,.311,.497,.808,113,297,24,6,0,7,1,45D/H
65,D.J. Carrasco,28,KCR,3,8,7,0,0,0,0,0,0,0,0,0,1,.000,.000,.000,.000,-100,0,0,0,1,0,0,1
66,Lance Carter,30,TBD,4,0,0,0,0,0,0,0,0,0,0,0,0,,,,,,0,0,0,0,0,0,1
67,Raúl Casanova#,32,CHW,6,5,5,0,1,0,0,0,0,0,0,0,1,.200,.200,.200,.400,6,1,0,0,0,0,0,/2H
68,Kevin Cash,27,TBD,13,33,31,4,5,1,0,2,2,0,0,1,13,.161,.212,.387,.599,56,12,3,1,0,0,0,2/H
69,Alberto Castillo,35,TOT,35,115,101,13,21,5,1,1,14,1,0,12,22,.208,.289,.307,.596,60,31,2,0,1,1,0,2
70,Alberto Castillo,35,KCR,34,114,100,13,21,5,1,1,14,1,0,12,21,.210,.292,.310,.602,62,31,2,0,1,1,0,2
71,Alberto Castillo,35,OAK,1,1,1,0,0,0,0,0,0,0,0,0,1,.000,.000,.000,.000,-100,0,0,0,0,0,0,/2
72,Bernie Castro#,25,BAL,24,89,80,14,23,3,1,0,7,6,2,9,10,.288,.360,.350,.710,92,28,0,0,0,0,0,4/DH7
73,Juan Castro,33,MIN,97,292,272,27,70,18,1,5,33,0,1,9,39,.257,.279,.386,.665,74,105,8,0,9,2,1,65/4H
74,Frank Catalanotto*,31,TOR,130,475,419,56,126,29,5,8,59,0,2,37,53,.301,.367,.451,.818,115,189,9,10,4,5,0,*7HD
75,Gustavo Chacín*,24,TOR,3,8,7,1,0,0,0,0,0,0,0,0,2,.000,.000,.000,.000,-100,0,0,0,1,0,0,1
Rk,Name,Age,Tm,G,PA,AB,R,H,2B,3B,HR,RBI,SB,CS,BB,SO,BA,OBP,SLG,OPS,OPS+,TB,GDP,HBP,SH,SF,IBB,Pos Summary
76,Eric Chavez*,27,OAK,160,694,625,92,168,40,1,27,101,6,0,58,129,.269,.329,.466,.794,109,291,9,2,0,9,4,*5/DH
77,Bruce Chen*,28,BAL,2,4,3,0,1,0,0,0,0,0,0,1,0,.333,.500,.333,.833,130,1,0,0,0,0,0,1
78,Shin-Soo Choo*,22,SEA,10,21,18,1,1,0,0,0,1,0,0,3,4,.056,.190,.056,.246,-28,1,0,0,0,0,0,/8H
79,Vinnie Chulk,26,TOR,4,0,0,0,0,0,0,0,0,0,0,0,0,,,,,,0,0,0,0,0,0,1
80,Jermaine Clark*,28,OAK,4,1,0,2,0,0,0,0,0,0,0,1,0,,1.000,,,,0,0,0,0,0,0,/H47
81,Matt Clement,30,BOS,2,4,3,0,0,0,0,0,0,0,0,1,2,.000,.250,.000,.250,-26,0,0,0,0,0,0,1
82,Jesús Colomé,27,TBD,2,0,0,0,0,0,0,0,0,0,0,0,0,,,,,,0,0,0,0,0,0,1
83,Bartolo Colón,32,LAA,2,3,3,0,1,0,0,0,1,0,0,0,2,.333,.333,.333,.667,81,1,0,0,0,0,0,1
84,José Contreras,33,CHW,2,4,3,0,0,0,0,0,0,0,0,1,2,.000,.250,.000,.250,-25,0,0,0,0,0,0,1
85,Alex Cora*,29,TOT,96,273,250,25,58,8,4,3,24,7,2,11,30,.232,.275,.332,.607,62,83,6,5,4,3,0,46H/57
86,Alex Cora*,29,CLE,49,157,146,11,30,5,2,1,8,6,0,5,18,.205,.250,.288,.538,46,42,3,4,1,1,0,64H/7
87,Alex Cora*,29,BOS,47,116,104,14,28,3,2,2,16,1,2,6,12,.269,.310,.394,.704,83,41,3,1,3,2,0,46/H5
88,Francisco Cordero,30,TEX,3,0,0,0,0,0,0,0,0,0,0,0,0,,,,,,0,0,0,0,0,0,1
89,Fernando Cortez*,23,TBD,8,14,13,0,1,0,0,0,1,0,0,1,3,.077,.143,.077,.220,-38,1,0,0,0,0,0,/H465
90,Shane Costa*,23,KCR,27,88,81,13,19,2,0,2,7,0,0,5,11,.235,.287,.333,.621,66,27,3,1,1,0,0,7/DH
91,Neal Cotts*,25,CHW,3,0,0,0,0,0,0,0,0,0,0,0,0,,,,,,0,0,0,0,0,0,1
92,Jesse Crain,23,MIN,5,0,0,0,0,0,0,0,0,0,0,0,0,,,,,,0,0,0,0,0,0,1
93,Carl Crawford*,23,TBD,156,687,644,101,194,33,15,15,81,46,8,27,84,.301,.331,.469,.800,112,302,11,5,5,6,1,*7/8HD
94,Joe Crede,27,CHW,132,471,432,54,109,21,0,22,62,1,1,25,66,.252,.303,.454,.756,96,196,7,8,2,4,3,*5/HD6
95,Doug Creek*,36,DET,2,0,0,0,0,0,0,0,0,0,0,0,0,,,,,,0,0,0,0,0,0,1
96,Coco Crisp#,25,CLE,145,656,594,86,178,42,4,16,69,15,6,44,81,.300,.345,.465,.810,117,276,7,0,13,5,1,*78/H
97,Bobby Crosby,25,OAK,84,371,333,66,92,25,4,9,38,0,0,35,54,.276,.346,.456,.802,112,152,10,1,1,1,0,6
98,Bubba Crosby*,28,NYY,76,103,98,15,27,0,1,1,6,4,1,4,14,.276,.304,.327,.630,70,32,1,0,1,0,0,89H/D7
99,José Cruz#,31,BOS,4,13,12,0,3,1,0,0,0,0,0,1,4,.250,.308,.333,.641,69,4,0,0,0,0,0,/9
100,Juan Cruz,26,OAK,3,0,0,0,0,0,0,0,0,0,0,0,0,,,,,,0,0,0,0,0,0,1
Rk,Name,Age,Tm,G,PA,AB,R,H,2B,3B,HR,RBI,SB,CS,BB,SO,BA,OBP,SLG,OPS,OPS+,TB,GDP,HBP,SH,SF,IBB,Pos Summary
101,Michael Cuddyer,26,MIN,126,470,422,55,111,25,3,12,42,3,4,41,93,.263,.330,.422,.752,97,178,19,3,1,3,5,594/3H
102,Midre Cummings*,33,BAL,2,2,2,0,0,0,0,0,0,0,0,0,1,.000,.000,.000,.000,-100,0,0,0,0,0,0,/7H
103,Johnny Damon*,31,BOS,148,688,624,117,197,35,6,10,75,18,1,53,69,.316,.366,.439,.805,110,274,5,2,0,9,3,*8/HD
104,Jeff DaVanon#,31,LAA,108,271,225,42,52,10,1,2,15,11,6,39,44,.231,.347,.311,.658,80,70,6,2,3,2,1,HD987
105,Jason Davis,25,CLE,1,3,2,0,0,0,0,0,0,0,0,0,2,.000,.000,.000,.000,-100,0,0,0,1,0,0,1
106,David DeJesus*,25,KCR,122,523,461,69,135,31,6,9,56,5,5,42,76,.293,.359,.445,.804,114,205,6,9,5,6,1,*8/H
107,David Dellucci*,31,TEX,128,518,435,97,109,17,5,29,65,5,3,76,121,.251,.367,.513,.879,126,223,7,5,0,2,0,D7H/89
108,Mark DeRosa,30,TEX,66,166,148,26,36,5,0,8,20,1,0,16,35,.243,.325,.439,.764,97,65,5,2,0,0,0,946/H5D3
109,Matt Diaz,27,KCR,34,97,89,7,25,4,2,1,9,0,1,4,15,.281,.323,.404,.727,94,36,3,2,1,1,0,7H/D9
110,Greg Dobbs*,26,SEA,59,154,142,8,35,7,1,1,20,1,0,9,25,.246,.288,.331,.619,68,47,4,0,1,2,3,HD/375
111,Juan Domínguez,25,TEX,4,0,0,0,0,0,0,0,0,0,0,0,0,,,,,,0,0,0,0,0,0,1
112,Andy Dominique,29,TOR,2,3,2,0,0,0,0,0,0,0,0,0,0,.000,.333,.000,.333,0,0,0,1,0,0,0,/2H
113,Brendan Donnelly,33,LAA,5,1,1,0,0,0,0,0,0,0,0,0,0,.000,.000,.000,.000,-100,0,0,0,0,0,0,1
114,Sean Douglass,26,DET,1,2,2,0,0,0,0,0,0,0,0,0,0,.000,.000,.000,.000,-100,0,0,0,0,0,0,1
115,Scott Downs*,29,TOR,1,0,0,0,0,0,0,0,0,0,0,0,0,,,,,,0,0,0,0,0,0,1
116,Ryan Drese,29,TEX,1,1,1,0,0,0,0,0,0,0,0,0,1,.000,.000,.000,.000,-100,0,0,0,0,0,0,1
117,Jason Dubois,26,CLE,14,50,45,6,10,0,0,2,2,0,0,5,25,.222,.300,.356,.656,77,16,0,0,0,0,0,/D97
118,Justin Duchscherer,27,OAK,4,0,0,0,0,0,0,0,0,0,0,0,0,,,,,,0,0,0,0,0,0,1
119,Erubiel Durazo*,31,OAK,41,167,152,15,36,6,1,4,16,1,0,14,24,.237,.305,.368,.674,79,56,6,1,0,0,0,D/H3
120,Jermaine Dye,31,CHW,145,579,529,74,145,29,2,31,86,11,4,39,99,.274,.333,.512,.846,118,271,15,9,0,2,3,*9/H3D6
121,Scott Elarton,29,CLE,1,2,2,0,0,0,0,0,0,0,0,0,1,.000,.000,.000,.000,-100,0,0,0,0,0,0,1
122,Mark Ellis,28,OAK,122,486,434,76,137,21,5,13,52,1,3,44,51,.316,.384,.477,.861,128,207,10,4,4,0,1,*4/6H3D
123,Alan Embree*,35,TOT,6,0,0,0,0,0,0,0,0,0,0,0,0,,,,,,0,0,0,0,0,0,1
124,Alan Embree*,35,BOS,6,0,0,0,0,0,0,0,0,0,0,0,0,,,,,,0,0,0,0,0,0,1
125,Darin Erstad*,31,LAA,153,667,609,86,166,33,3,7,66,10,3,47,109,.273,.325,.371,.696,87,226,8,1,4,2,3,*3/DH
Rk,Name,Age,Tm,G,PA,AB,R,H,2B,3B,HR,RBI,SB,CS,BB,SO,BA,OBP,SLG,OPS,OPS+,TB,GDP,HBP,SH,SF,IBB,Pos Summary
126,Félix Escalona,26,NYY,10,17,14,0,4,1,0,0,2,0,0,1,4,.286,.375,.357,.732,99,5,1,1,1,0,0,/6534H
127,Kelvim Escobar,29,LAA,1,2,1,0,0,0,0,0,0,0,0,0,0,.000,.000,.000,.000,-100,0,0,0,1,0,0,1
128,Carl Everett#,34,CHW,135,547,490,58,123,17,2,23,87,4,5,42,99,.251,.311,.435,.745,94,213,11,5,0,10,2,D7/H9
129,Kyle Farnsworth,29,DET,6,0,0,0,0,0,0,0,0,0,0,0,0,,,,,,0,0,0,0,0,0,1
130,Sal Fasano,33,BAL,64,174,160,25,40,3,0,11,20,0,0,9,41,.250,.310,.475,.785,106,76,5,5,0,0,0,2/DH3
131,Chone Figgins#,27,LAA,158,720,642,113,186,25,10,8,57,62,17,64,101,.290,.352,.397,.749,101,255,9,0,9,5,1,5847/9D6H
132,Steve Finley*,40,LAA,112,440,406,41,90,20,3,12,54,8,4,26,71,.222,.271,.374,.645,71,152,6,3,1,4,3,8/HD
133,Jeff Fiorentino*,22,BAL,13,47,44,7,11,2,0,1,5,1,0,2,10,.250,.277,.364,.640,70,16,0,0,0,1,0,8/H
134,John Flaherty,37,NYY,47,138,127,10,21,5,0,2,11,0,0,6,26,.165,.206,.252,.458,23,32,4,1,2,2,0,2/3H
135,Lew Ford,28,MIN,147,590,522,70,138,30,4,7,53,13,6,45,85,.264,.338,.377,.716,89,197,9,16,2,5,2,8D79H
136,Casey Fossum*,27,TBD,2,3,2,0,0,0,0,0,0,0,0,0,0,.000,.000,.000,.000,-100,0,0,0,1,0,0,1
137,Keith Foulke,32,BOS,3,0,0,0,0,0,0,0,0,0,0,0,0,,,,,,0,0,0,0,0,0,1
138,Ryan Franklin,32,SEA,2,5,4,0,0,0,0,0,0,0,0,1,0,.000,.200,.000,.200,-38,0,0,0,0,0,0,1
139,Wayne Franklin*,31,NYY,1,0,0,0,0,0,0,0,0,0,0,0,0,,,,,,0,0,0,0,0,0,1
140,Jason Frasor,27,TOR,3,0,0,0,0,0,0,0,0,0,0,0,0,,,,,,0,0,0,0,0,0,1
141,Alejandro Freire,30,BAL,25,72,65,7,16,3,0,1,4,0,0,6,17,.246,.319,.338,.658,77,22,4,1,0,0,0,3/D7H
142,Freddy García,28,CHW,3,9,7,0,0,0,0,0,0,0,0,0,1,.000,.000,.000,.000,-100,0,0,0,2,0,0,1
143,Lee Gardner,30,TBD,3,0,0,0,0,0,0,0,0,0,0,0,0,,,,,,0,0,0,0,0,0,/1
144,Ryan Garko,24,CLE,1,1,1,0,0,0,0,0,0,0,0,0,1,.000,.000,.000,.000,-100,0,0,0,0,0,0,/DH
145,Jon Garland,25,CHW,1,2,2,0,1,0,0,0,1,0,0,0,1,.500,.500,.500,1.000,165,1,0,0,0,0,0,1
146,Joey Gathright*,24,TBD,76,218,203,29,56,7,3,0,13,20,5,10,39,.276,.316,.340,.656,77,69,5,2,3,0,0,8H/D
147,Esteban Germán,27,TEX,5,4,4,3,3,1,0,0,1,2,0,0,1,.750,.750,1.000,1.750,351,4,0,0,0,0,0,/H45D
148,Franklyn Germán,25,DET,4,0,0,0,0,0,0,0,0,0,0,0,0,,,,,,0,0,0,0,0,0,1
149,Jody Gerut*,27,CLE,44,157,138,12,38,9,1,1,12,1,1,18,14,.275,.357,.377,.733,100,52,3,0,0,1,1,97/HD
150,Jason Giambi*,34,NYY,139,545,417,74,113,14,0,32,87,0,0,108,109,.271,.440,.535,.975,161,223,7,19,0,1,5,3D/H
Rk,Name,Age,Tm,G,PA,AB,R,H,2B,3B,HR,RBI,SB,CS,BB,SO,BA,OBP,SLG,OPS,OPS+,TB,GDP,HBP,SH,SF,IBB,Pos Summary
151,Tony Giarratano#,22,DET,15,47,42,4,6,0,0,1,4,1,0,5,7,.143,.234,.214,.448,23,9,1,0,0,0,0,6/H
152,Jay Gibbons*,28,BAL,139,518,488,72,135,33,3,26,79,0,0,28,56,.277,.317,.516,.833,118,252,15,1,0,1,3,9D3H
153,Gerónimo Gil,29,BAL,64,134,125,7,24,3,0,4,17,0,0,5,23,.192,.220,.312,.532,40,39,10,0,2,2,0,2/H
154,Keith Ginter,29,OAK,51,156,137,12,22,5,0,3,25,0,0,13,25,.161,.234,.263,.497,32,36,5,1,2,3,0,45H/D7
155,Ross Gload*,29,CHW,28,44,42,2,7,2,0,0,5,0,0,2,9,.167,.205,.214,.419,11,9,1,0,0,0,0,3/H79
156,Ryan Glynn,30,OAK,1,1,1,0,0,0,0,0,0,0,0,0,1,.000,.000,.000,.000,-100,0,0,0,0,0,0,/1
157,Jimmy Gobble*,23,KCR,1,0,0,0,0,0,0,0,0,0,0,0,0,,,,,,0,0,0,0,0,0,1
158,Jonny Gomes,24,TBD,101,407,348,61,98,13,6,21,54,9,5,39,113,.282,.372,.534,.906,140,186,6,14,1,5,1,D97/H
159,Alexis Gómez*,26,DET,9,18,16,2,3,0,0,0,1,0,0,2,2,.188,.278,.188,.465,30,3,0,0,0,0,0,/78H
160,Chris Gomez,34,BAL,89,254,219,27,61,11,0,1,18,2,1,27,17,.279,.359,.342,.701,90,75,14,1,6,1,1,345H6/D
161,Adrián González*,23,TEX,43,162,150,17,34,7,1,6,17,0,0,10,37,.227,.272,.407,.678,73,61,3,0,0,2,2,D3/H9
162,Alex Gonzalez,32,TBD,109,383,349,47,94,20,1,9,38,2,1,26,74,.269,.323,.410,.733,96,143,13,3,2,3,1,56/H
163,Juan González,35,CLE,1,1,1,0,0,0,0,0,0,0,0,0,0,.000,.000,.000,.000,-100,0,0,0,0,0,0,
164,Wiki González,31,SEA,14,47,45,7,12,5,0,0,2,0,0,2,3,.267,.298,.378,.676,83,17,1,0,0,0,0,2
165,Tom Gordon,37,NYY,5,0,0,0,0,0,0,0,0,0,0,0,0,,,,,,0,0,0,0,0,0,1
166,Rúben Gotay#,22,KCR,86,317,282,32,64,14,2,5,29,2,2,22,51,.227,.288,.344,.632,69,97,3,4,4,5,0,4/HD
167,Tony Graffanino,33,TOT,110,417,379,68,117,17,3,7,38,7,2,31,51,.309,.366,.425,.791,109,161,14,4,2,1,2,435/HD6
168,Tony Graffanino,33,KCR,59,217,191,29,57,5,2,3,18,3,1,22,28,.298,.377,.393,.769,107,75,6,2,2,0,1,345/HD6
169,Tony Graffanino,33,BOS,51,200,188,39,60,12,1,4,20,4,1,9,23,.319,.355,.457,.812,111,86,8,2,0,1,1,4
170,Curtis Granderson*,24,DET,47,174,162,18,44,6,3,8,20,1,1,10,43,.272,.314,.494,.808,114,80,2,0,2,0,0,87/H
171,Nick Green,26,TBD,111,375,318,53,76,15,2,5,29,3,1,33,86,.239,.329,.346,.675,82,110,5,11,10,3,0,45H/D9
172,Kevin Gregg,27,LAA,2,0,0,0,0,0,0,0,0,0,0,0,0,,,,,,0,0,0,0,0,0,1
173,Zack Greinke,21,KCR,1,2,2,1,1,0,0,1,1,0,0,0,0,.500,.500,2.000,2.500,524,4,0,0,0,0,0,1
174,John-Ford Griffin*,25,TOR,7,13,13,3,4,2,0,1,6,0,0,0,4,.308,.308,.692,1.000,154,9,0,0,0,0,0,/HD
175,Buddy Groom*,39,NYY,3,0,0,0,0,0,0,0,0,0,0,0,0,,,,,,0,0,0,0,0,0,1
Rk,Name,Age,Tm,G,PA,AB,R,H,2B,3B,HR,RBI,SB,CS,BB,SO,BA,OBP,SLG,OPS,OPS+,TB,GDP,HBP,SH,SF,IBB,Pos Summary
176,Gabe Gross*,25,TOR,40,102,92,11,23,4,1,1,7,1,1,10,21,.250,.324,.348,.671,78,32,0,0,0,0,0,97/HD
177,Eddie Guardado,34,SEA,2,0,0,0,0,0,0,0,0,0,0,0,0,,,,,,0,0,0,0,0,0,1
178,Vladimir Guerrero,30,LAA,141,594,520,95,165,29,2,32,108,13,1,61,48,.317,.394,.565,.959,154,294,16,8,0,5,26,*9D/H
179,Matt Guerrier,26,MIN,4,1,1,0,0,0,0,0,0,0,0,0,0,.000,.000,.000,.000,-100,0,0,0,0,0,0,1
180,Aaron Guiel*,32,KCR,33,121,109,18,32,5,0,4,7,1,0,6,21,.294,.355,.450,.805,114,49,3,5,0,1,1,8/9H
181,Carlos Guillén#,29,DET,87,361,334,48,107,15,4,5,23,2,3,24,45,.320,.368,.434,.803,116,145,9,2,0,1,3,6D/H
182,Franklin Gutiérrez,22,CLE,7,2,1,2,0,0,0,0,0,0,0,1,0,.000,.500,.000,.500,54,0,0,0,0,0,0,/HD8
183,Travis Hafner*,28,CLE,137,578,486,94,148,42,0,33,108,0,0,79,123,.305,.408,.595,1.003,168,289,9,9,0,4,7,*D/H3
184,John Halama*,33,BOS,4,0,0,0,0,0,0,0,0,0,0,0,0,,,,,,0,0,0,0,0,0,1
185,Toby Hall,29,TBD,135,463,432,28,124,20,0,5,48,0,0,16,39,.287,.315,.368,.683,83,159,15,5,3,7,1,*2/H3
186,Roy Halladay,28,TOR,1,2,2,0,0,0,0,0,0,0,0,0,1,.000,.000,.000,.000,-100,0,0,0,0,0,0,1
187,Dave Hansen*,36,SEA,60,88,75,5,13,0,0,2,11,1,0,9,19,.173,.256,.253,.509,40,19,1,0,2,2,1,H/35D
188,Dan Haren,24,OAK,2,5,5,0,2,1,0,0,2,0,0,0,0,.400,.400,.600,1.000,162,3,0,0,0,0,0,1
189,Tim Harikkala,33,OAK,1,0,0,0,0,0,0,0,0,0,0,0,0,,,,,,0,0,0,0,0,0,/1
190,Travis Harper*,29,TBD,4,1,1,0,0,0,0,0,0,0,0,0,1,.000,.000,.000,.000,-100,0,0,0,0,0,0,1
191,Willie Harris*,27,CHW,56,139,121,17,31,2,1,1,8,10,3,13,25,.256,.333,.314,.647,72,38,1,1,4,0,0,4H/D6
192,Ken Harvey,27,KCR,12,48,45,4,10,3,0,1,5,0,0,3,13,.222,.271,.356,.626,66,16,0,0,0,0,0,/D3
193,Shigetoshi Hasegawa,36,SEA,3,0,0,0,0,0,0,0,0,0,0,0,0,,,,,,0,0,0,0,0,0,1
194,Scott Hatteberg*,35,OAK,134,523,464,52,119,19,0,7,59,0,1,51,54,.256,.334,.343,.677,82,159,22,4,2,2,4,D3H
195,Chris Heintz,30,MIN,8,26,25,1,5,3,0,0,2,0,0,1,6,.200,.231,.320,.551,44,8,1,0,0,0,0,/2H
196,Mark Hendrickson*,31,TBD,3,7,7,1,1,0,0,0,0,0,0,0,3,.143,.143,.143,.286,-23,1,0,0,0,0,0,1
197,Dustin Hermanson,32,CHW,4,0,0,0,0,0,0,0,0,0,0,0,0,,,,,,0,0,0,0,0,0,1
198,José Hernández,35,CLE,84,256,234,28,54,7,0,6,31,1,3,14,60,.231,.277,.338,.614,66,79,11,2,3,3,0,35H/479D6
199,Orlando Hernández,39,CHW,1,3,3,0,1,0,0,0,0,0,0,0,1,.333,.333,.333,.667,77,1,0,0,0,0,0,1
200,Runelvys Hernández,27,KCR,2,5,5,0,0,0,0,0,0,0,0,0,1,.000,.000,.000,.000,-100,0,0,0,0,0,0,1
Rk,Name,Age,Tm,G,PA,AB,R,H,2B,3B,HR,RBI,SB,CS,BB,SO,BA,OBP,SLG,OPS,OPS+,TB,GDP,HBP,SH,SF,IBB,Pos Summary
201,Richard Hidalgo,30,TEX,88,339,308,43,68,12,0,16,43,1,2,26,74,.221,.289,.416,.705,81,128,8,4,0,1,1,9/H8D
202,Bobby Higginson*,34,DET,10,27,26,1,2,0,0,0,1,0,0,1,5,.077,.111,.077,.188,-48,2,0,0,0,0,0,/9HD7
203,Aaron Hill,23,TOR,105,407,361,49,99,25,3,3,40,2,1,34,41,.274,.342,.385,.727,92,139,5,5,3,4,0,5D46/H
204,Shea Hillenbrand,29,TOR,152,645,594,91,173,36,2,18,82,5,1,26,79,.291,.343,.449,.792,108,267,21,22,0,3,2,35D/H
205,Eric Hinske*,27,TOR,147,537,477,79,125,31,2,15,68,8,4,46,121,.262,.333,.430,.763,100,205,8,8,0,6,4,3DH
206,Denny Hocking#,35,KCR,23,71,60,14,16,1,0,0,7,0,1,10,10,.267,.371,.283,.655,80,17,1,0,1,0,0,4/H56
207,Damon Hollins,31,TBD,120,369,342,44,85,17,1,13,46,8,1,23,63,.249,.296,.418,.714,89,143,8,1,1,2,0,*89H/7
208,Kevin Hooper,28,DET,6,7,5,0,1,0,0,0,0,0,0,0,1,.200,.200,.200,.400,9,1,0,0,2,0,0,/764H
209,J.P. Howell*,22,KCR,1,3,3,0,0,0,0,0,0,0,0,0,1,.000,.000,.000,.000,-100,0,0,0,0,0,0,1
210,Bob Howry*,31,CLE,6,1,1,0,0,0,0,0,0,0,0,0,0,.000,.000,.000,.000,-100,0,0,0,0,0,0,1
211,Justin Huber,22,KCR,25,85,78,6,17,3,0,0,6,0,0,5,20,.218,.271,.256,.527,43,20,1,1,0,1,0,3/DH
212,Ken Huckaby,34,TOR,35,96,87,8,18,4,0,0,6,0,0,5,19,.207,.250,.253,.503,34,22,4,0,4,0,0,2/H
213,Orlando Hudson#,27,TOR,131,501,461,62,125,25,5,10,63,7,1,30,65,.271,.315,.412,.728,91,190,10,3,0,7,1,*4/H
214,Aubrey Huff*,28,TBD,154,636,575,70,150,26,2,22,92,8,7,49,88,.261,.321,.428,.749,99,246,12,5,0,7,13,9D3/H5
215,Torii Hunter,29,MIN,98,416,372,63,100,24,1,14,56,23,7,34,65,.269,.337,.452,.788,106,168,8,6,0,4,3,8/DH
216,Adam Hyzdu,33,BOS,12,18,16,1,4,1,0,0,0,0,0,2,3,.250,.333,.313,.646,71,5,0,0,0,0,0,/897H
217,Raúl Ibañez*,33,SEA,162,690,614,92,172,32,2,20,89,9,4,71,99,.280,.355,.436,.792,115,268,12,2,0,3,6,D7/39
218,Tadahito Iguchi,30,CHW,135,582,511,74,142,25,6,15,71,15,5,47,114,.278,.342,.438,.780,104,224,16,6,11,6,0,*4/H
219,Omar Infante,23,DET,121,434,406,36,90,28,2,9,43,8,0,16,73,.222,.254,.367,.621,65,149,5,2,8,2,0,46/H
220,Brandon Inge,28,DET,160,694,616,75,161,31,9,16,72,7,6,63,140,.261,.330,.419,.749,101,258,14,3,6,6,1,*5/87
221,Maicer Izturis#,24,LAA,77,210,191,18,47,8,4,1,15,9,3,17,21,.246,.306,.346,.652,75,66,5,0,1,1,2,56/H48
222,Ryan Jensen,29,KCR,2,1,1,0,0,0,0,0,0,0,0,0,1,.000,.000,.000,.000,-100,0,0,0,0,0,0,/1
223,Derek Jeter,31,NYY,159,752,654,122,202,25,5,19,70,14,5,77,117,.309,.389,.450,.839,125,294,15,11,7,3,3,*6/DH
224,Charles Johnson,33,TBD,19,55,46,5,9,4,0,0,5,0,0,9,11,.196,.327,.283,.610,67,13,2,0,0,0,0,2
225,Dan Johnson*,25,OAK,109,434,375,54,103,21,0,15,58,0,1,50,52,.275,.355,.451,.806,113,169,11,1,0,8,1,3/HD
Rk,Name,Age,Tm,G,PA,AB,R,H,2B,3B,HR,RBI,SB,CS,BB,SO,BA,OBP,SLG,OPS,OPS+,TB,GDP,HBP,SH,SF,IBB,Pos Summary
226,Jason Johnson,31,DET,1,2,2,1,1,0,0,1,1,0,0,0,0,.500,.500,2.000,2.500,530,4,0,0,0,0,0,1
227,Randy Johnson,41,NYY,3,8,8,0,0,0,0,0,0,0,0,0,2,.000,.000,.000,.000,-100,0,0,0,0,0,0,1
228,Reed Johnson,28,TOR,142,439,398,55,107,21,6,8,58,5,6,22,82,.269,.332,.412,.744,96,164,8,16,2,1,1,*79H/8
229,Russ Johnson,32,NYY,22,20,18,5,4,2,0,0,0,0,0,1,4,.222,.300,.333,.633,70,6,0,1,0,0,0,/5H3D94
230,Greg Jones,28,LAA,1,0,0,0,0,0,0,0,0,0,0,0,0,,,,,,0,0,0,0,0,0,/1
231,Jacque Jones*,30,MIN,142,585,523,74,130,22,4,23,73,13,4,51,120,.249,.319,.438,.757,98,229,17,5,2,4,12,*98/DH
232,Jorge Julio,26,BAL,4,0,0,0,0,0,0,0,0,0,0,0,0,,,,,,0,0,0,0,0,0,1
233,Gabe Kapler,29,BOS,36,104,97,15,24,7,0,1,9,1,0,3,15,.247,.282,.351,.632,65,34,1,2,1,1,0,98/7H
234,Steve Karsay,33,TOT,1,0,0,0,0,0,0,0,0,0,0,0,0,,,,,,0,0,0,0,0,0,1
235,Steve Karsay,33,TEX,1,0,0,0,0,0,0,0,0,0,0,0,0,,,,,,0,0,0,0,0,0,1
236,Scott Kazmir*,21,TBD,1,1,1,0,0,0,0,0,0,0,0,0,0,.000,.000,.000,.000,-100,0,0,0,0,0,0,1
237,Jason Kendall,31,OAK,150,676,601,70,163,28,1,0,53,8,3,50,39,.271,.345,.321,.666,80,193,26,20,0,5,0,*2/D
238,Adam Kennedy*,29,LAA,129,460,416,49,125,23,0,2,37,19,4,29,64,.300,.354,.370,.724,96,154,5,7,5,3,1,*4/H
239,Bobby Kielty#,28,OAK,116,433,377,55,99,20,0,10,57,3,2,50,67,.263,.350,.395,.746,99,149,14,2,2,2,3,79DH
240,Steve Kline#,32,BAL,6,0,0,0,0,0,0,0,0,0,0,0,0,,,,,,0,0,0,0,0,0,1
241,Paul Konerko,29,CHW,158,664,575,98,163,24,0,40,100,0,0,81,109,.283,.375,.534,.909,136,307,9,5,0,3,10,*3D/H
242,Corey Koskie*,32,TOR,97,404,354,49,88,20,0,11,36,4,1,44,90,.249,.337,.398,.735,94,141,10,4,0,2,3,5D/H
243,Casey Kotchman*,22,LAA,47,143,126,16,35,5,0,7,22,1,1,15,18,.278,.352,.484,.836,122,61,3,0,1,1,0,3DH
244,Mark Kotsay*,29,OAK,139,629,582,75,163,35,1,15,82,5,5,40,51,.280,.325,.421,.746,97,245,13,1,2,4,3,*8/D
245,John Lackey,26,LAA,3,6,6,0,0,0,0,0,0,0,0,0,1,.000,.000,.000,.000,-100,0,0,0,0,0,0,1
246,Pete LaForest*,27,TBD,25,70,64,5,11,3,0,1,4,0,1,6,23,.172,.243,.266,.508,37,17,2,0,0,0,1,2/DH3
247,Gerald Laird,25,TEX,13,42,40,7,9,2,0,1,4,0,0,2,7,.225,.262,.350,.612,58,14,1,0,0,0,0,2/H9
248,Tim Laker,35,TBD,1,1,1,0,0,0,0,0,0,0,0,0,1,.000,.000,.000,.000,-100,0,0,0,0,0,0,/2H
249,Matt Lawton*,33,NYY,21,57,48,6,6,0,0,2,4,1,0,7,8,.125,.263,.250,.513,39,12,0,2,0,0,0,9/7H
250,Matt LeCroy,29,MIN,101,350,304,33,79,5,0,17,50,0,0,41,85,.260,.354,.444,.798,110,135,7,4,0,1,2,D3H/2
Rk,Name,Age,Tm,G,PA,AB,R,H,2B,3B,HR,RBI,SB,CS,BB,SO,BA,OBP,SLG,OPS,OPS+,TB,GDP,HBP,SH,SF,IBB,Pos Summary
251,Cliff Lee*,26,CLE,3,8,8,0,0,0,0,0,0,0,0,0,2,.000,.000,.000,.000,-100,0,0,0,0,0,0,1
252,Travis Lee*,30,TBD,129,441,404,54,110,22,2,12,49,7,4,35,66,.272,.331,.426,.757,102,172,7,1,0,1,4,*3H
253,Jeff Liefer*,30,CLE,19,57,56,5,11,2,0,1,8,0,0,1,15,.196,.211,.286,.496,33,16,1,0,0,0,0,/DH39
254,Ted Lilly*,29,TOR,2,3,3,0,0,0,0,0,0,0,0,0,2,.000,.000,.000,.000,-100,0,0,0,0,0,0,1
255,José Lima,32,KCR,2,4,3,0,1,0,0,0,0,0,0,0,2,.333,.333,.333,.667,80,1,0,0,1,0,0,1
256,Kameron Loe,23,TEX,5,0,0,0,0,0,0,0,0,0,0,0,0,,,,,,0,0,0,0,0,0,1
257,Nook Logan#,25,DET,129,356,322,47,83,12,5,1,17,23,6,21,52,.258,.305,.335,.641,73,108,5,1,12,0,3,*8H/D
258,Kyle Lohse,26,MIN,2,5,5,0,0,0,0,0,0,0,0,0,1,.000,.000,.000,.000,-100,0,1,0,0,0,0,1
259,Terrence Long*,29,KCR,137,489,455,62,127,21,3,6,53,3,3,30,56,.279,.321,.378,.699,87,172,15,0,0,4,0,*7H9/8D
260,Javy Lopez,34,BAL,103,423,395,47,110,24,1,15,49,0,1,19,68,.278,.322,.458,.780,106,181,10,7,0,2,2,2D/3H
261,Jose Lopez,21,SEA,54,203,190,18,47,19,0,2,25,4,2,6,25,.247,.282,.379,.661,78,72,5,4,1,2,0,4/H5
262,Pedro Lopez,21,CHW,2,8,7,1,2,0,0,0,2,0,0,0,1,.286,.286,.286,.571,52,2,0,0,1,0,0,/46
263,Rodrigo Lopez,29,BAL,2,4,4,0,0,0,0,0,0,0,0,0,2,.000,.000,.000,.000,-100,0,0,0,0,0,0,1
264,Ryan Ludwick,26,CLE,19,48,41,8,9,0,0,4,5,0,1,7,13,.220,.333,.512,.846,125,21,1,0,0,0,0,/79DH
265,Julio Lugo,29,TBD,158,690,616,89,182,36,6,6,57,39,11,61,72,.295,.362,.403,.765,106,248,5,6,3,4,0,*6/H
266,Mike MacDougal#,28,KCR,4,0,0,0,0,0,0,0,0,0,0,0,0,,,,,,0,0,0,0,0,0,1
267,Alejandro Machado#,23,BOS,10,6,5,4,1,1,0,0,0,0,0,1,1,.200,.333,.400,.733,92,2,0,0,0,0,0,/H48796
268,Ron Mahay*,34,TEX,2,0,0,0,0,0,0,0,0,0,0,0,0,,,,,,0,0,0,0,0,0,1/H
269,Matt Mantei,31,BOS,5,0,0,0,0,0,0,0,0,0,0,0,0,,,,,,0,0,0,0,0,0,1
270,Mike Maroth*,27,DET,3,6,4,0,2,0,0,0,1,0,0,1,2,.500,.600,.500,1.100,203,2,0,0,1,0,0,1/H
271,Eli Marrero,31,TOT,54,156,138,19,25,7,2,7,19,1,0,11,38,.181,.239,.413,.652,70,57,3,1,1,5,0,H79/38D
272,Eli Marrero,31,KCR,32,100,88,11,14,4,0,4,9,1,0,7,18,.159,.222,.341,.563,48,30,2,1,1,3,0,/3H798D
273,Eli Marrero,31,BAL,22,56,50,8,11,3,2,3,10,0,0,4,20,.220,.268,.540,.808,109,27,1,0,0,2,0,/7H98
274,Damaso Marte*,30,CHW,3,0,0,0,0,0,0,0,0,0,0,0,0,,,,,,0,0,0,0,0,0,1
275,Ramon Martinez,32,DET,19,62,56,4,15,1,0,0,5,0,0,3,4,.268,.300,.286,.586,60,16,1,0,2,1,0,6/43H5
Rk,Name,Age,Tm,G,PA,AB,R,H,2B,3B,HR,RBI,SB,CS,BB,SO,BA,OBP,SLG,OPS,OPS+,TB,GDP,HBP,SH,SF,IBB,Pos Summary
276,Tino Martinez*,37,NYY,131,348,303,43,73,9,0,17,49,2,0,38,54,.241,.328,.439,.767,104,133,10,3,0,4,3,*3H/D
277,Victor Martinez#,26,CLE,147,622,547,73,167,33,0,20,80,0,1,63,78,.305,.378,.475,.853,130,260,16,5,0,7,9,*2/HD
278,Julio Mateo,27,SEA,4,0,0,0,0,0,0,0,0,0,0,0,0,,,,,,0,0,0,0,0,0,1
279,Jeff Mathis,22,LAA,5,3,3,1,1,0,0,0,0,0,0,0,1,.333,.333,.333,.667,81,1,0,0,0,0,0,/2DH
280,Luis Matos,26,BAL,121,433,389,53,109,20,2,4,32,17,9,27,58,.280,.340,.373,.712,91,145,4,10,3,4,0,*8/H
281,Dave Matranga,28,LAA,1,1,1,0,0,0,0,0,0,0,0,0,0,.000,.000,.000,.000,-100,0,0,0,0,0,0,/4
282,Hideki Matsui*,31,NYY,162,704,629,108,192,45,3,23,116,2,2,63,78,.305,.367,.496,.863,130,312,16,3,0,8,7,*78D/9H
283,Gary Matthews#,30,TEX,131,526,475,72,121,25,5,17,55,9,2,47,90,.255,.320,.436,.756,94,207,11,0,1,3,1,*89/H7D
284,Joe Mauer*,22,MIN,131,554,489,61,144,26,2,9,55,13,1,61,64,.294,.372,.411,.783,107,201,9,1,0,3,12,*2D/H
285,Joe Mays#,29,MIN,1,3,3,0,1,0,0,0,0,0,0,0,0,.333,.333,.333,.667,78,1,0,0,0,0,0,1
286,Brandon McCarthy,21,CHW,1,2,2,0,0,0,0,0,0,0,0,0,2,.000,.000,.000,.000,-100,0,0,0,0,0,0,1
287,Dave McCarty,35,BOS,13,6,4,2,2,0,0,0,2,0,0,2,0,.500,.667,.500,1.167,214,2,0,0,0,0,0,3/H7
288,Seth McClung*,24,TBD,1,0,0,0,0,0,0,0,0,0,0,0,0,,,,,,0,0,0,0,0,0,1
289,John McDonald,30,TOT,68,184,166,18,46,6,1,0,16,6,1,11,24,.277,.326,.325,.651,75,54,6,2,3,2,0,64H/5
290,John McDonald,30,TOR,37,106,93,8,27,3,0,0,12,5,0,6,12,.290,.340,.323,.662,77,30,3,2,3,2,0,6/H4
291,John McDonald,30,DET,31,78,73,10,19,3,1,0,4,1,1,5,12,.260,.308,.329,.636,73,24,3,0,0,0,0,6/4H5
292,Marshall McDougall,26,TEX,18,18,18,3,3,1,0,0,0,0,0,0,10,.167,.167,.222,.389,0,4,1,0,0,0,0,/H594D6
293,Joe McEwing,32,KCR,83,191,180,16,43,7,0,1,6,4,4,6,35,.239,.263,.294,.558,49,53,5,0,5,0,0,5H34/D6789
294,Dallas McPherson*,24,LAA,61,220,205,29,50,14,2,8,26,3,3,14,64,.244,.295,.449,.744,96,92,5,1,0,0,0,5/H
295,Gil Meche,26,SEA,2,4,4,0,1,0,0,0,1,0,0,0,1,.250,.250,.250,.500,37,1,0,0,0,0,0,1
296,Adam Melhuse#,33,OAK,39,102,97,11,24,7,0,2,12,0,0,5,28,.247,.284,.381,.666,76,37,0,0,0,0,0,2H/D
297,Kevin Mench,27,TEX,150,615,557,71,147,33,3,25,73,4,3,50,68,.264,.328,.469,.797,104,261,6,5,0,3,4,*79/H8D
298,Frank Menechino,34,TOR,70,180,148,22,32,7,0,4,13,0,1,25,33,.216,.352,.345,.697,86,51,3,6,1,0,0,4DH/56
299,Lou Merloni,34,LAA,5,7,5,1,0,0,0,0,1,0,0,1,2,.000,.143,.000,.143,-56,0,0,0,0,1,0,/53
300,Kevin Millar,33,BOS,134,519,449,57,122,28,1,9,50,0,1,54,74,.272,.355,.399,.753,98,179,12,8,0,8,0,*379/H
Rk,Name,Age,Tm,G,PA,AB,R,H,2B,3B,HR,RBI,SB,CS,BB,SO,BA,OBP,SLG,OPS,OPS+,TB,GDP,HBP,SH,SF,IBB,Pos Summary
301,Corky Miller,29,MIN,5,12,12,0,0,0,0,0,0,0,0,0,2,.000,.000,.000,.000,-100,0,0,0,0,0,0,/2DH
302,Matt Miller,33,CLE,2,0,0,0,0,0,0,0,0,0,0,0,0,,,,,,0,0,0,0,0,0,1
303,Trever Miller,32,TBD,7,0,0,0,0,0,0,0,0,0,0,0,0,,,,,,0,0,0,0,0,0,1
304,Wade Miller,28,BOS,1,3,3,0,2,0,0,0,0,0,0,0,1,.667,.667,.667,1.333,252,2,0,0,0,0,0,1
305,Kevin Millwood,30,CLE,1,2,2,0,0,0,0,0,0,0,0,0,1,.000,.000,.000,.000,-100,0,0,0,0,0,0,1
306,Doug Mirabelli,34,BOS,50,152,136,16,31,7,0,6,18,2,0,14,48,.228,.309,.412,.721,87,56,2,2,0,0,0,2/HD
307,Bengie Molina,30,LAA,119,449,410,45,121,17,0,15,69,0,2,27,41,.295,.336,.446,.782,108,183,14,1,5,6,2,2D/H
308,José Molina,30,LAA,75,203,184,14,42,4,0,6,25,2,0,13,41,.228,.286,.348,.634,70,64,5,2,4,0,0,2/HD3
309,Craig Monroe,28,DET,157,623,567,69,157,30,3,20,89,8,3,40,95,.277,.322,.446,.768,105,253,16,3,1,12,4,*978/HD
310,Melvin Mora,33,BAL,149,664,593,86,168,30,1,27,88,7,4,50,112,.283,.348,.474,.821,117,281,9,10,8,3,0,*5/DH
311,Justin Morneau*,24,MIN,141,543,490,62,117,23,4,22,79,0,2,44,94,.239,.304,.437,.741,93,214,12,4,0,5,8,*3/HD
312,Mike Morse,23,SEA,72,258,230,27,64,10,1,3,23,3,1,18,50,.278,.349,.370,.718,97,85,9,8,0,2,0,6/D7H
313,Jamie Moyer*,42,SEA,1,2,1,0,0,0,0,0,0,0,0,0,0,.000,.000,.000,.000,-100,0,0,0,1,0,0,1
314,Bill Mueller#,34,BOS,150,590,519,69,153,34,3,10,62,0,0,59,74,.295,.369,.430,.799,109,223,22,6,0,6,3,*5/4H
315,Terry Mulholland,42,MIN,4,0,0,0,0,0,0,0,0,0,0,0,0,,,,,,0,0,0,0,0,0,1
316,Eric Munson*,27,TBD,11,24,18,2,3,1,0,0,2,0,0,4,3,.167,.333,.222,.556,54,4,2,1,0,1,0,/HD537
317,Donnie Murphy,22,KCR,32,88,77,4,12,5,0,1,8,0,1,9,23,.156,.241,.260,.501,35,20,3,0,1,1,0,4/H6D
318,Mike Mussina*,36,NYY,1,3,3,0,0,0,0,0,0,0,0,0,2,.000,.000,.000,.000,-100,0,0,0,0,0,0,1
319,Greg Myers*,39,TOR,6,13,12,0,1,0,0,0,1,0,0,1,1,.083,.154,.083,.237,-34,1,2,0,0,0,0,/2H
320,Mike Myers*,36,BOS,3,0,0,0,0,0,0,0,0,0,0,0,0,,,,,,0,0,0,0,0,0,1
321,Joe Nathan,30,MIN,4,0,0,0,0,0,0,0,0,0,0,0,0,,,,,,0,0,0,0,0,0,1
322,Jeff Nelson,38,SEA,4,0,0,0,0,0,0,0,0,0,0,0,0,,,,,,0,0,0,0,0,0,1
323,Phil Nevin,34,TEX,29,108,99,15,18,5,0,3,8,2,0,8,30,.182,.250,.323,.573,48,32,6,1,0,0,0,D/3H5
324,David Newhan*,31,BAL,96,249,218,31,44,9,0,5,21,9,2,22,45,.202,.279,.312,.591,58,68,2,2,5,2,1,89H7/5D
325,Wil Nieves,27,NYY,3,4,4,0,0,0,0,0,0,0,0,0,1,.000,.000,.000,.000,-100,0,0,0,0,0,0,/2
Rk,Name,Age,Tm,G,PA,AB,R,H,2B,3B,HR,RBI,SB,CS,BB,SO,BA,OBP,SLG,OPS,OPS+,TB,GDP,HBP,SH,SF,IBB,Pos Summary
326,Ramon Nivar,25,BAL,7,15,13,1,4,0,0,0,1,0,1,0,2,.308,.357,.308,.665,81,4,0,1,1,0,0,/8H
327,Laynce Nix*,24,TEX,63,240,229,28,55,12,3,6,32,2,0,9,45,.240,.267,.397,.664,70,91,3,0,0,2,3,8/H
328,Trot Nixon*,31,BOS,124,470,408,64,112,29,1,13,67,2,1,53,59,.275,.357,.446,.804,109,182,7,3,0,6,3,*9H/D
329,Hideo Nomo,36,TBD,2,4,4,0,0,0,0,0,0,0,0,0,1,.000,.000,.000,.000,-100,0,0,0,0,0,0,1
330,Franklin Nunez,28,TBD,1,0,0,0,0,0,0,0,0,0,0,0,0,,,,,,0,0,0,0,0,0,/1
331,Miguel Ojeda,30,SEA,16,37,29,2,5,0,0,1,3,0,1,6,3,.172,.314,.276,.590,63,8,0,0,2,0,0,2
332,John Olerud*,36,BOS,87,192,173,18,50,7,0,7,37,0,0,16,20,.289,.344,.451,.795,106,78,6,0,0,3,2,3H
333,Miguel Olivo,26,SEA,54,157,152,14,23,4,0,5,18,1,1,4,49,.151,.172,.276,.448,20,42,3,0,0,1,0,2/H
334,Magglio Ordonez,31,DET,82,343,305,38,92,17,0,8,46,0,0,30,35,.302,.359,.436,.795,114,133,8,1,0,7,1,9/HD
335,David Ortiz*,29,BOS,159,713,601,119,180,40,1,47,148,1,0,102,124,.300,.397,.604,1.001,158,363,13,1,0,9,9,*D3/H
336,Chad Orvella,24,TBD,3,0,0,0,0,0,0,0,0,0,0,0,0,,,,,,0,0,0,0,0,0,1
337,Juan Carlos Oviedo,23,KCR,5,0,0,0,0,0,0,0,0,0,0,0,0,,,,,,0,0,0,0,0,0,1
338,Pablo Ozuna,30,CHW,70,217,203,27,56,7,2,0,11,14,7,7,26,.276,.313,.330,.643,70,67,5,4,3,0,0,5H6/74D39
339,Rafael Palmeiro*,40,BAL,110,422,369,47,98,13,0,18,60,2,0,43,43,.266,.339,.447,.786,108,165,9,2,0,8,4,3D/H
340,Chan Ho Park,32,TEX,2,5,5,0,2,0,0,0,0,0,0,0,2,.400,.400,.400,.800,110,2,0,0,0,0,0,1
341,John Parrish*,27,BAL,4,0,0,0,0,0,0,0,0,0,0,0,0,,,,,,0,0,0,0,0,0,1/H
342,Josh Paul,30,LAA,34,40,37,4,7,1,0,2,4,0,0,2,9,.189,.231,.378,.609,60,14,1,0,1,0,0,2/H7D
343,Carl Pavano,29,NYY,3,7,7,0,0,0,0,0,0,0,0,0,4,.000,.000,.000,.000,-100,0,0,0,0,0,0,1
344,Jay Payton,32,TOT,124,435,408,62,109,16,1,18,63,0,1,24,47,.267,.306,.444,.749,96,181,8,0,0,3,2,*789H
345,Jay Payton,32,BOS,55,144,133,24,35,7,0,5,21,0,0,10,14,.263,.313,.429,.741,92,57,4,0,0,1,0,98H7
346,Jay Payton,32,OAK,69,291,275,38,74,9,1,13,42,0,1,14,33,.269,.302,.451,.753,97,124,4,0,0,2,2,78
347,Carlos Pena*,27,DET,79,295,260,37,61,9,0,18,44,0,1,31,95,.235,.325,.477,.802,113,124,3,4,0,0,2,3D/H
348,Hayden Penn,20,BAL,2,3,1,0,0,0,0,0,0,0,0,1,0,.000,.500,.000,.500,52,0,0,0,1,0,0,/1
349,Jhonny Peralta,23,CLE,141,570,504,82,147,35,4,24,78,0,2,58,128,.292,.366,.520,.885,137,262,12,3,1,4,3,*6/H
350,Joel Peralta,29,LAA,3,0,0,0,0,0,0,0,0,0,0,0,0,,,,,,0,0,0,0,0,0,1
Rk,Name,Age,Tm,G,PA,AB,R,H,2B,3B,HR,RBI,SB,CS,BB,SO,BA,OBP,SLG,OPS,OPS+,TB,GDP,HBP,SH,SF,IBB,Pos Summary
351,Troy Percival,35,DET,3,0,0,0,0,0,0,0,0,0,0,0,0,,,,,,0,0,0,0,0,0,1
352,Eduardo Perez,35,TBD,77,190,161,23,41,6,0,11,28,0,2,26,30,.255,.368,.497,.865,130,80,6,3,0,0,0,3H/D579
353,Timo Perez*,30,CHW,76,196,179,13,39,8,0,2,15,2,2,12,25,.218,.266,.296,.562,48,53,3,0,4,1,1,7H9D/38
354,Roberto Petagine*,34,BOS,18,36,32,4,9,2,0,1,9,0,0,4,5,.281,.361,.438,.799,109,14,3,0,0,0,0,3/HD7
355,Josh Phelps,27,TBD,47,177,158,21,42,10,0,5,26,0,0,12,48,.266,.328,.424,.752,100,67,3,4,0,3,1,D/H3
356,Andy Phillips,28,NYY,27,41,40,7,6,4,0,1,4,0,0,1,13,.150,.171,.325,.496,29,13,1,0,0,0,0,3/DH57
357,Brandon Phillips,24,CLE,6,9,9,1,0,0,0,0,0,0,0,0,4,.000,.000,.000,.000,-100,0,0,0,0,0,0,/H4D6
358,Paul Phillips,28,KCR,23,67,67,6,18,4,1,1,9,0,0,0,5,.269,.269,.403,.672,77,27,4,0,0,0,0,2/HD
359,Calvin Pickering*,28,KCR,7,31,27,4,4,0,0,1,3,0,0,3,14,.148,.226,.259,.485,30,7,0,0,0,1,0,/D
360,A.J. Pierzynski*,28,CHW,128,497,460,61,118,21,0,18,56,0,2,23,68,.257,.308,.420,.728,90,193,13,12,1,1,5,*2/H
361,Joel Pineiro,26,SEA,2,5,4,0,0,0,0,0,0,0,0,0,1,.000,.000,.000,.000,-100,0,0,0,1,0,0,1
362,Scott Podsednik*,29,CHW,129,568,507,80,147,28,1,0,25,59,23,47,75,.290,.351,.349,.700,86,177,7,3,6,5,0,*7/8H
363,Placido Polanco,29,DET,86,378,343,58,116,20,2,6,36,4,3,21,16,.338,.386,.461,.846,128,158,9,8,2,4,0,4/H5
364,Cliff Politte,31,CHW,5,1,1,1,1,0,0,0,1,0,0,0,0,1.000,1.000,1.000,2.000,431,1,0,0,0,0,0,1
365,Sidney Ponson,28,BAL,2,4,4,0,1,1,0,0,0,0,0,0,0,.250,.250,.500,.750,94,2,0,0,0,0,0,1
366,Jorge Posada#,34,NYY,142,546,474,67,124,23,0,19,71,1,0,66,94,.262,.352,.430,.782,109,204,8,2,0,4,5,*2H/D
367,Curtis Pride*,36,LAA,11,11,11,2,1,1,0,0,0,0,0,0,4,.091,.091,.182,.273,-29,2,0,0,0,0,0,/H7D
368,Chris Prieto*,32,LAA,2,3,2,0,0,0,0,0,0,0,0,0,0,.000,.000,.000,.000,-100,0,0,0,1,0,0,/8
369,Nick Punto#,27,MIN,112,439,394,45,94,18,4,4,26,13,8,36,86,.239,.301,.335,.636,68,132,9,0,7,2,0,465H/D89
370,J.J. Putz,28,SEA,3,0,0,0,0,0,0,0,0,0,0,0,0,,,,,,0,0,0,0,0,0,1
371,Paul Quantrill*,36,NYY,3,0,0,0,0,0,0,0,0,0,0,0,0,,,,,,0,0,0,0,0,0,1
372,Robb Quinlan,28,LAA,54,143,134,17,31,8,0,5,14,0,1,7,26,.231,.273,.403,.676,79,54,4,1,0,1,0,5H/37
373,Guillermo Quiroz,23,TOR,12,39,36,3,7,2,0,0,4,0,0,2,13,.194,.256,.250,.506,35,9,0,1,0,0,0,2/D
374,Brad Radke,32,MIN,3,7,5,0,0,0,0,0,0,0,0,0,2,.000,.000,.000,.000,-100,0,0,0,2,0,0,1
375,Hanley Ramirez,21,BOS,2,2,2,0,0,0,0,0,0,0,0,0,2,.000,.000,.000,.000,-100,0,0,0,0,0,0,/6H
Rk,Name,Age,Tm,G,PA,AB,R,H,2B,3B,HR,RBI,SB,CS,BB,SO,BA,OBP,SLG,OPS,OPS+,TB,GDP,HBP,SH,SF,IBB,Pos Summary
376,Manny Ramirez,33,BOS,152,650,554,112,162,30,1,45,144,1,0,80,119,.292,.388,.594,.982,153,329,20,10,0,6,9,*7/HD
377,Chris Ray,23,BAL,1,0,0,0,0,0,0,0,0,0,0,0,0,,,,,,0,0,0,0,0,0,1
378,Mike Redmond,34,MIN,45,159,148,17,46,9,0,1,26,0,0,6,14,.311,.350,.392,.742,96,58,9,3,2,0,0,2
379,Jeremy Reed*,24,SEA,141,544,488,61,124,33,3,3,45,12,11,48,74,.254,.322,.352,.675,84,172,10,2,4,2,1,*8H
380,Keith Reed,26,BAL,6,6,5,1,1,0,0,0,1,0,0,1,2,.200,.333,.200,.533,48,1,0,0,0,0,0,/9H8
381,Steve Reed,40,BAL,4,0,0,0,0,0,0,0,0,0,0,0,0,,,,,,0,0,0,0,0,0,1
382,Kevin Reese*,27,NYY,2,2,1,0,0,0,0,0,0,0,0,1,1,.000,.500,.000,.500,52,0,0,0,0,0,0,/87H
383,Nick Regilio,26,TEX,1,0,0,0,0,0,0,0,0,0,0,0,0,,,,,,0,0,0,0,0,0,1
384,Edgar Renteria,28,BOS,153,692,623,100,172,36,4,8,70,9,4,55,100,.276,.335,.385,.721,89,240,15,3,6,5,0,*6/H
385,Arthur Rhodes*,35,CLE,2,0,0,0,0,0,0,0,0,0,0,0,0,,,,,,0,0,0,0,0,0,1
386,Juan Rincon,26,MIN,4,0,0,0,0,0,0,0,0,0,0,0,0,,,,,,0,0,0,0,0,0,1
387,Ricardo Rincon*,35,OAK,3,0,0,0,0,0,0,0,0,0,0,0,0,,,,,,0,0,0,0,0,0,1
388,Alex Rios,24,TOR,146,519,481,71,126,23,6,10,59,14,9,28,101,.262,.306,.397,.703,84,191,14,5,0,5,1,*9H/8D
389,David Riske,28,CLE,3,0,0,0,0,0,0,0,0,0,0,0,0,,,,,,0,0,0,0,0,0,1
390,Luis Rivas,25,MIN,59,148,136,21,35,3,1,1,12,4,0,9,17,.257,.311,.316,.627,67,43,2,2,0,1,0,4/H6D
391,Juan Rivera,26,LAA,106,376,350,46,95,17,1,15,59,1,9,23,44,.271,.316,.454,.770,104,159,15,0,2,1,0,97DH/8
392,Mariano Rivera,35,NYY,5,0,0,0,0,0,0,0,0,0,0,0,0,,,,,,0,0,0,0,0,0,1
393,René Rivera,21,SEA,16,50,48,3,19,3,0,1,6,0,0,1,11,.396,.408,.521,.929,151,25,0,0,1,0,0,2/H
394,Brian Roberts#,27,BAL,143,640,561,92,176,45,7,18,73,27,10,67,83,.314,.387,.515,.903,139,289,6,3,5,4,5,*4/H
395,Nate Robertson,27,DET,2,4,3,0,0,0,0,0,0,0,0,0,1,.000,.000,.000,.000,-100,0,0,0,1,0,0,1
396,Fernando Rodney,28,DET,2,0,0,0,0,0,0,0,0,0,0,0,0,,,,,,0,0,0,0,0,0,1
397,Alex Rodriguez,29,NYY,162,715,605,124,194,29,1,48,130,21,6,91,139,.321,.421,.610,1.031,173,369,8,16,0,3,8,*5/6D
398,Felix Rodriguez,32,NYY,1,0,0,0,0,0,0,0,0,0,0,0,0,,,,,,0,0,0,0,0,0,1
399,Francisco Rodríguez,23,LAA,4,0,0,0,0,0,0,0,0,0,0,0,0,,,,,,0,0,0,0,0,0,1
400,Ivan Rodriguez,33,DET,129,525,504,71,139,33,5,14,50,7,3,11,93,.276,.290,.444,.735,95,224,19,2,1,7,2,*2/HD
Rk,Name,Age,Tm,G,PA,AB,R,H,2B,3B,HR,RBI,SB,CS,BB,SO,BA,OBP,SLG,OPS,OPS+,TB,GDP,HBP,SH,SF,IBB,Pos Summary
401,Luis Rodriguez#,25,MIN,79,203,175,21,47,10,2,2,20,2,2,18,23,.269,.335,.383,.718,90,67,4,1,6,3,0,45H6/D
402,Ricardo Rodriguez*,27,TEX,2,3,3,0,1,0,0,0,1,0,0,0,1,.333,.333,.333,.667,75,1,0,0,0,0,0,1
403,Eddie Rogers,26,BAL,8,1,1,4,1,0,0,1,2,0,2,0,0,1.000,1.000,4.000,5.000,1149,4,0,0,0,0,0,/HD6
404,Kenny Rogers*,40,TEX,1,3,3,0,1,0,1,0,1,0,0,0,1,.333,.333,1.000,1.333,228,3,0,0,0,0,0,1
405,J.C. Romero#,29,MIN,3,0,0,0,0,0,0,0,0,0,0,0,0,,,,,,0,0,0,0,0,0,1
406,Aaron Rowand,27,CHW,157,640,578,77,156,30,5,13,69,16,5,32,116,.270,.329,.407,.736,93,235,17,21,5,4,3,*8/H
407,B.J. Ryan*,29,BAL,4,0,0,0,0,0,0,0,0,0,0,0,0,,,,,,0,0,0,0,0,0,1
408,Mike Ryan*,27,MIN,57,131,117,7,27,5,0,2,13,1,2,9,22,.231,.283,.325,.608,61,38,5,0,4,1,1,H7D9/5
409,Kirk Saarloos,26,OAK,2,1,1,0,0,0,0,0,0,0,0,0,0,.000,.000,.000,.000,-100,0,0,0,0,0,0,1
410,CC Sabathia*,24,CLE,2,6,6,1,2,1,0,1,4,0,0,0,1,.333,.333,1.000,1.333,242,6,0,0,0,0,0,1
411,Alex Sanchez*,28,TBD,43,145,133,28,46,8,1,2,13,6,3,7,25,.346,.373,.466,.839,124,62,3,0,3,2,1,89/HD
412,Rey Sanchez,37,NYY,23,48,43,7,12,1,0,0,2,0,1,2,3,.279,.326,.302,.628,71,13,2,1,2,0,0,6/4HD5
413,Johan Santana*,26,MIN,2,6,6,1,1,0,0,0,0,0,0,0,0,.167,.167,.167,.333,-11,1,1,0,0,0,0,1
414,Ramon Santiago#,25,SEA,8,13,8,2,1,0,0,0,0,0,0,1,2,.125,.417,.125,.542,59,1,0,3,1,0,0,/H46
415,Scott Sauerbeck,33,CLE,4,0,0,0,0,0,0,0,0,0,0,0,0,,,,,,0,0,0,0,0,0,1
416,Scott Schoeneweis*,31,TOR,3,0,0,0,0,0,0,0,0,0,0,0,0,,,,,,0,0,0,0,0,0,1
417,Marco Scutaro,29,OAK,118,423,381,48,94,22,3,9,37,5,2,36,48,.247,.310,.391,.701,86,149,6,0,4,2,1,64/5H7
418,Aaron Sele,35,SEA,2,4,3,1,0,0,0,0,0,0,0,0,0,.000,.000,.000,.000,-100,0,0,0,1,0,0,1
419,Richie Sexson,30,SEA,156,656,558,99,147,36,1,39,121,1,1,89,167,.263,.369,.541,.910,144,302,14,6,0,3,4,*3/D
420,Gary Sheffield,36,NYY,154,675,584,104,170,27,0,34,123,10,2,78,76,.291,.379,.512,.891,137,299,11,8,0,5,7,*9D/H
421,Chris Shelton,25,DET,107,431,388,61,116,22,3,18,59,0,0,34,87,.299,.360,.510,.870,132,198,11,5,0,4,0,3DH/7
422,Scot Shields,29,LAA,5,1,1,0,0,0,0,0,0,0,0,0,1,.000,.000,.000,.000,-100,0,0,0,0,0,0,1
423,Kelly Shoppach,25,BOS,9,16,15,1,0,0,0,0,0,0,0,0,7,.000,.063,.000,.063,-81,0,0,1,0,0,0,/2HD
424,Brian Shouse*,36,TEX,2,0,0,0,0,0,0,0,0,0,0,0,0,,,,,,0,0,0,0,0,0,1
425,Ruben Sierra#,39,NYY,61,181,170,14,39,12,0,4,29,0,0,9,41,.229,.265,.371,.636,69,63,2,0,0,2,1,DH9/7
Rk,Name,Age,Tm,G,PA,AB,R,H,2B,3B,HR,RBI,SB,CS,BB,SO,BA,OBP,SLG,OPS,OPS+,TB,GDP,HBP,SH,SF,IBB,Pos Summary
426,Carlos Silva,26,MIN,1,2,2,0,0,0,0,0,0,0,0,0,2,.000,.000,.000,.000,-100,0,0,0,0,0,0,1
427,Chris Singleton*,32,TBD,28,68,59,9,16,5,0,0,11,0,0,6,14,.271,.348,.356,.704,91,21,1,1,1,0,0,H9/8D7
428,Andy Sisco*,22,KCR,2,1,1,0,0,0,0,0,0,0,0,0,1,.000,.000,.000,.000,-100,0,0,0,0,0,0,1
429,Grady Sizemore*,22,CLE,158,706,640,111,185,37,11,22,81,22,10,52,132,.289,.348,.484,.832,123,310,17,7,5,2,1,*8/H
430,Jason Smith*,27,DET,27,63,58,4,11,1,2,0,2,2,1,0,16,.190,.203,.276,.479,28,16,0,1,4,0,0,6/H453D
431,Chris Snelling*,23,SEA,15,35,29,4,8,2,0,1,1,0,2,5,2,.276,.382,.448,.831,126,13,0,0,1,0,0,/7H9
432,Zach Sorensen#,28,LAA,12,13,12,3,2,1,0,0,0,0,0,0,2,.167,.167,.250,.417,10,3,0,0,1,0,0,/H45D
433,Alfonso Soriano,29,TEX,156,682,637,102,171,43,2,36,104,30,2,33,125,.268,.309,.512,.821,109,326,6,7,0,5,3,*4/DH
434,Sammy Sosa,36,BAL,102,424,380,39,84,15,1,14,45,1,1,39,84,.221,.295,.376,.671,78,143,15,2,0,3,3,9D/H
435,Justin Speier,31,TOR,3,0,0,0,0,0,0,0,0,0,0,0,0,,,,,,0,0,0,0,0,0,1
436,Scott Spiezio#,32,SEA,29,51,47,2,3,1,0,1,1,0,0,4,18,.064,.137,.149,.286,-22,7,1,0,0,0,0,H/5D34
437,Chris Spurling,28,DET,6,0,0,0,0,0,0,0,0,0,0,0,0,,,,,,0,0,0,0,0,0,1
438,Matt Stairs*,37,KCR,127,466,396,55,109,26,1,13,66,1,2,60,69,.275,.373,.444,.818,118,176,9,5,0,5,4,3DH9/7
439,Mike Stanton*,38,TOT,5,0,0,0,0,0,0,0,0,0,0,0,0,,,,,,0,0,0,0,0,0,1
440,Mike Stanton*,38,NYY,5,0,0,0,0,0,0,0,0,0,0,0,0,,,,,,0,0,0,0,0,0,1
441,Steve Stemle,28,KCR,2,0,0,0,0,0,0,0,0,0,0,0,0,,,,,,0,0,0,0,0,0,/1
442,Adam Stern*,25,BOS,36,16,15,4,2,0,0,1,2,1,1,0,4,.133,.188,.333,.521,33,5,0,1,0,0,0,H9/87
443,Shannon Stewart,31,MIN,132,599,551,69,151,27,3,10,56,7,5,34,73,.274,.323,.388,.711,87,214,11,8,1,5,2,*7/DH
444,Huston Street,21,OAK,4,0,0,0,0,0,0,0,0,0,0,0,0,,,,,,0,0,0,0,0,0,1
445,Jamal Strong,26,SEA,16,24,20,6,5,0,1,0,2,0,0,2,6,.250,.333,.350,.683,87,7,0,1,0,1,0,/H78D9
446,Tanyon Sturtze,34,NYY,4,0,0,0,0,0,0,0,0,0,0,0,0,,,,,,0,0,0,0,0,0,1
447,B.J. Surhoff*,40,BAL,91,321,303,30,78,11,2,5,34,0,0,11,32,.257,.282,.356,.639,70,108,6,1,2,4,1,739H/D
448,Ichiro Suzuki*,31,SEA,162,739,679,111,206,21,12,15,68,33,8,48,66,.303,.350,.436,.786,113,296,5,4,2,6,23,*9/DH
449,Mike Sweeney,31,KCR,122,514,470,63,141,39,0,21,83,3,0,33,61,.300,.347,.517,.864,127,243,16,4,1,6,7,D3
450,Nick Swisher#,24,OAK,131,522,462,66,109,32,1,21,74,0,1,55,110,.236,.322,.446,.768,102,206,9,4,0,1,3,*93/H
Rk,Name,Age,Tm,G,PA,AB,R,H,2B,3B,HR,RBI,SB,CS,BB,SO,BA,OBP,SLG,OPS,OPS+,TB,GDP,HBP,SH,SF,IBB,Pos Summary
451,Shingo Takatsu,36,CHW,3,0,0,0,0,0,0,0,0,0,0,0,0,,,,,,0,0,0,0,0,0,1
452,Reggie Taylor*,28,TBD,11,24,22,2,4,2,0,0,1,2,0,2,7,.182,.250,.273,.523,41,6,0,0,0,0,0,/8H9
453,Mark Teahen*,23,KCR,130,491,447,60,110,29,4,7,55,7,2,40,107,.246,.309,.376,.685,82,168,13,1,2,1,2,*5/H
454,Mark Teixeira#,25,TEX,162,730,644,112,194,41,3,43,144,4,0,72,124,.301,.379,.575,.954,144,370,18,11,0,3,5,*3/D
455,Miguel Tejada,31,BAL,162,704,654,89,199,50,5,26,98,5,1,40,83,.304,.349,.515,.865,128,337,26,7,0,3,9,*6/D
456,Michael Tejera*,28,TEX,3,0,0,0,0,0,0,0,0,0,0,0,0,,,,,,0,0,0,0,0,0,/1
457,Marcus Thames,28,DET,38,118,107,11,21,2,0,7,16,0,0,9,38,.196,.263,.411,.674,78,44,1,1,0,1,1,79/HD
458,Charles Thomas*,26,OAK,30,55,46,4,5,0,0,0,1,0,1,5,8,.109,.255,.109,.363,3,5,0,4,0,0,0,7/89H
459,Frank Thomas,37,CHW,34,124,105,19,23,3,0,12,26,0,0,16,31,.219,.315,.590,.905,131,62,2,0,0,3,0,D/H
460,Matt Thornton*,28,SEA,5,0,0,0,0,0,0,0,0,0,0,0,0,,,,,,0,0,0,0,0,0,1
461,Terry Tiffee#,26,MIN,54,159,150,9,31,8,1,1,15,1,0,8,15,.207,.245,.293,.539,42,44,10,0,0,1,1,5H3D
462,Mike Timlin,39,BOS,3,0,0,0,0,0,0,0,0,0,0,0,0,,,,,,0,0,0,0,0,0,1
463,Yorvit Torrealba,26,SEA,42,119,108,14,26,4,0,2,8,0,0,7,25,.241,.293,.333,.626,71,36,5,1,3,0,0,2/H
464,Andres Torres#,27,TEX,8,21,19,2,3,1,0,0,1,1,0,1,6,.158,.190,.211,.401,5,4,0,0,0,1,0,/8H9
465,Josh Towers,28,TOR,3,6,6,0,0,0,0,0,0,0,0,0,2,.000,.000,.000,.000,-100,0,0,0,0,0,0,1
466,Jason Tyner*,28,MIN,18,60,56,8,18,1,1,0,5,2,0,4,4,.321,.367,.375,.742,97,21,2,0,0,0,0,7/D89H
467,Ugueth Urbina,31,DET,1,0,0,0,0,0,0,0,0,0,0,0,0,,,,,,0,0,0,0,0,0,1
468,Juan Uribe,26,CHW,146,540,481,58,121,23,3,16,71,4,6,34,77,.252,.301,.412,.712,85,198,7,4,11,10,0,*6/H
469,Wilson Valdez,27,SEA,42,133,126,9,25,5,1,0,8,2,2,6,25,.198,.235,.254,.489,34,32,1,0,1,0,0,6
470,Jason Varitek#,33,BOS,133,539,470,70,132,30,1,22,70,2,0,62,117,.281,.366,.489,.856,122,230,10,3,1,3,3,*2/H
471,Ramón Vázquez*,28,TOT,39,92,85,7,18,5,0,0,5,0,0,5,17,.212,.256,.271,.526,40,23,0,0,2,0,0,64H/5D
472,Ramón Vázquez*,28,BOS,27,66,61,6,12,2,0,0,4,0,0,3,14,.197,.234,.230,.464,23,14,0,0,2,0,0,6/5H4D
473,Ramón Vázquez*,28,CLE,12,26,24,1,6,3,0,0,1,0,0,2,3,.250,.308,.375,.683,84,9,0,0,0,0,0,/4H6
474,Mike Vento,27,NYY,2,2,2,0,0,0,0,0,0,0,0,0,1,.000,.000,.000,.000,-100,0,0,0,0,0,0,/9H
475,Ron Villone*,35,SEA,4,0,0,0,0,0,0,0,0,0,0,0,0,,,,,,0,0,0,0,0,0,1
Rk,Name,Age,Tm,G,PA,AB,R,H,2B,3B,HR,RBI,SB,CS,BB,SO,BA,OBP,SLG,OPS,OPS+,TB,GDP,HBP,SH,SF,IBB,Pos Summary
476,Luis Vizcaino,30,CHW,4,0,0,0,0,0,0,0,0,0,0,0,0,,,,,,0,0,0,0,0,0,1
477,Doug Waechter,24,TBD,1,3,2,1,0,0,0,0,0,0,0,0,0,.000,.000,.000,.000,-100,0,0,0,1,0,0,1
478,Tim Wakefield,38,BOS,3,9,8,1,2,0,0,0,1,0,0,0,2,.250,.250,.250,.500,32,2,0,0,1,0,0,1
479,Jamie Walker*,33,DET,5,0,0,0,0,0,0,0,0,0,0,0,0,,,,,,0,0,0,0,0,0,1
480,Pete Walker,36,TOR,2,0,0,0,0,0,0,0,0,0,0,0,0,,,,,,0,0,0,0,0,0,1
481,Chien-Ming Wang,25,NYY,1,1,1,0,0,0,0,0,0,0,0,0,0,.000,.000,.000,.000,-100,0,0,0,0,0,0,1
482,John Wasdin,32,TEX,2,1,1,0,0,0,0,0,0,0,0,0,0,.000,.000,.000,.000,-100,0,0,0,0,0,0,1
483,Jarrod Washburn*,30,LAA,2,5,4,1,0,0,0,0,0,0,0,1,0,.000,.200,.000,.200,-39,0,0,0,0,0,0,1
484,Matt Watson*,26,OAK,19,50,48,4,9,3,0,0,5,0,0,2,4,.188,.220,.250,.470,25,12,1,0,0,0,0,7/H9
485,David Wells*,42,BOS,2,7,7,1,1,0,0,0,1,0,0,0,2,.143,.143,.143,.286,-24,1,0,0,0,0,0,1
486,Vernon Wells,26,TOR,156,678,620,78,167,30,3,28,97,8,3,47,86,.269,.320,.463,.783,104,287,13,3,0,8,3,*8/D
487,Jake Westbrook,27,CLE,1,2,2,0,0,0,0,0,0,0,0,0,2,.000,.000,.000,.000,-100,0,0,0,0,0,0,1
488,Rondell White,33,DET,97,400,374,49,117,24,3,12,53,1,0,17,48,.313,.348,.489,.837,123,183,8,5,0,4,0,7D/H
489,Eli Whiteside,25,BAL,9,12,12,1,3,0,0,0,1,0,0,0,2,.250,.250,.250,.500,35,3,1,0,0,0,0,/2
490,Bob Wickman,36,CLE,4,0,0,0,0,0,0,0,0,0,0,0,0,,,,,,0,0,0,0,0,0,1
491,Chris Widger,34,CHW,45,154,141,18,34,8,0,4,11,0,2,10,22,.241,.296,.383,.679,77,54,5,1,2,0,0,2/35DH
492,Bernie Williams#,36,NYY,141,546,485,53,121,19,1,12,64,1,2,53,75,.249,.321,.367,.688,85,178,16,1,1,6,1,*8DH
493,Glenn Williams#,27,MIN,13,43,40,3,17,1,0,0,3,1,2,2,7,.425,.452,.450,.902,141,18,0,0,1,0,0,5/H
494,Todd Williams,34,BAL,5,0,0,0,0,0,0,0,0,0,0,0,0,,,,,,0,0,0,0,0,0,1
495,C.J. Wilson*,24,TEX,2,0,0,0,0,0,0,0,0,0,0,0,0,,,,,,0,0,0,0,0,0,1
496,Dan Wilson,36,SEA,11,28,27,2,5,0,0,0,2,0,1,0,10,.185,.214,.185,.399,11,5,1,1,0,0,0,2
497,Vance Wilson,32,DET,61,173,152,18,30,4,0,3,19,0,0,11,26,.197,.275,.283,.558,52,43,6,6,2,2,0,2/H
498,Randy Winn#,31,SEA,102,436,386,46,106,25,1,6,37,12,6,37,53,.275,.342,.391,.733,100,151,7,4,6,3,3,7/8HD
499,Tony Womack*,35,NYY,108,351,329,46,82,8,1,0,15,27,5,12,49,.249,.276,.280,.556,50,92,7,1,7,2,0,7H48D/9
500,Mike Wood,25,KCR,4,0,0,0,0,0,0,0,0,0,0,0,0,,,,,,0,0,0,0,0,0,1
Rk,Name,Age,Tm,G,PA,AB,R,H,2B,3B,HR,RBI,SB,CS,BB,SO,BA,OBP,SLG,OPS,OPS+,TB,GDP,HBP,SH,SF,IBB,Pos Summary
501,Jake Woods*,23,LAA,4,0,0,0,0,0,0,0,0,0,0,0,0,,,,,,0,0,0,0,0,0,1
502,Shawn Wooten,32,BOS,1,1,1,0,0,0,0,0,0,0,0,0,0,.000,.000,.000,.000,-100,0,0,0,0,0,0,/2
503,Keiichi Yabu,36,OAK,3,1,1,0,0,0,0,0,0,0,0,0,0,.000,.000,.000,.000,-100,0,0,0,0,0,0,1
504,Esteban Yan,30,LAA,3,0,0,0,0,0,0,0,0,0,0,0,0,,,,,,0,0,0,0,0,0,1
505,Kevin Youkilis,26,BOS,44,95,79,11,22,7,0,1,9,0,1,14,19,.278,.400,.405,.805,113,32,0,2,0,0,0,5H/34
506,Chris Young,26,TEX,2,5,5,0,0,0,0,0,0,0,0,0,3,.000,.000,.000,.000,-100,0,0,0,0,0,0,1
507,Dmitri Young#,31,DET,126,509,469,61,127,25,3,21,72,1,0,29,100,.271,.325,.471,.796,112,221,16,9,0,1,7,D37/H9
508,Michael Young,28,TEX,159,732,668,114,221,40,5,24,91,5,2,58,91,.331,.385,.513,.899,131,343,20,3,0,3,0,*6/D
509,Walter Young*,25,BAL,14,37,33,2,10,1,0,1,3,0,0,4,7,.303,.378,.424,.803,115,14,1,0,0,0,1,3/HD
510,Gregg Zaun#,34,TOR,133,512,434,61,109,18,1,11,61,2,3,73,70,.251,.355,.373,.729,94,162,11,0,0,5,2,*2H
511,Barry Zito*,27,OAK,3,7,7,0,1,0,0,0,0,0,0,0,2,.143,.143,.143,.286,-23,1,0,0,0,0,0,1
,LgAvg per 600 PA,,,164,600,540,74,144,28,3,17,71,8,3,47,95,.267,.329,.423,.752,,228,13,6,3,4,3,
